사고번호,발생년월,요일,시군구,사고내용,사망자수,중상자수,경상자수,부상신고자수,사고유형,법규위반,노면상태,기상상태,도로형태,가해운전자 차종,가해운전자 성별,가해운전자 연령대,가해운전자 상해정도,피해운전자 차종,피해운전자 성별,피해운전자 연령대,피해운전자 상해정도,발생년도,발생월
2014020500100004.0,2014년 2월,수요일,서울특별시 광진구 화양동,경상사고,0,0,3,0,차대차 - 기타,중앙선침범,건조,맑음,단일로 - 기타,승용,남,21-30세,상해없음,승용,남,13-20세,경상,2014,2
2014020500100106.0,2014년 2월,수요일,서울특별시 광진구 광장동,경상사고,0,0,1,0,차대사람 - 기타,안전운전불이행,건조,맑음,단일로 - 기타,이륜,남,31-40세,상해없음,보행자,여,31-40세,경상,2014,2
2014020500100304.0,2014년 2월,수요일,서울특별시 광진구 자양동,경상사고,0,0,2,0,차대차 - 기타,교차로운행방법위반,건조,맑음,교차로 - 교차로안,승용,남,41-50세,상해없음,승용,여,31-40세,경상,2014,2
2014020600100204.0,2014년 2월,목요일,서울특별시 광진구 광장동,중상사고,0,1,0,0,차대사람 - 횡단중,보행자보호의무위반,건조,맑음,교차로 - 교차로부근,승용,남,41-50세,상해없음,보행자,남,65세 이상,중상,2014,2
2014020600100351.2,2014년 2월,목요일,서울특별시 광진구 자양동,중상사고,0,1,0,0,차대사람 - 횡단중,안전운전불이행,건조,맑음,단일로 - 횡단보도상,자전거,남,65세 이상,중상,보행자,여,51-60세,상해없음,2014,2
2014020600100395.2,2014년 2월,목요일,서울특별시 광진구 광장동,경상사고,0,0,1,0,차대차 - 추돌,안전운전불이행,건조,맑음,교차로 - 교차로부근,승용,여,31-40세,상해없음,승용,남,41-50세,경상,2014,2
2014020700100032.0,2014년 2월,금요일,서울특별시 광진구 자양동,중상사고,0,1,0,1,차대차 - 추돌,차로위반,건조,맑음,단일로 - 기타,승용,남,31-40세,상해없음,승용,남,51-60세,부상신고,2014,2
2014020700100039.2,2014년 2월,금요일,서울특별시 광진구 구의동,경상사고,0,0,3,0,차대차 - 추돌,안전운전불이행,건조,맑음,교차로 - 교차로부근,승용,남,41-50세,상해없음,승용,남,51-60세,경상,2014,2
2014020700100136.0,2014년 2월,금요일,서울특별시 광진구 구의동,경상사고,0,0,1,0,차대차 - 충돌,신호위반,건조,맑음,교차로 - 교차로안,승용,여,61-64세,상해없음,원동기,남,41-50세,경상,2014,2
2014020700100136.8,2014년 2월,금요일,서울특별시 광진구 자양동,경상사고,0,0,1,0,차대차 - 기타,안전거리미확보,건조,기타,단일로 - 기타,화물,남,51-60세,경상,승용,여,31-40세,상해없음,2014,2
2014020700100287.2,2014년 2월,금요일,서울특별시 광진구 구의동,경상사고,0,0,1,0,차대차 - 충돌,안전운전불이행,건조,맑음,단일로 - 기타,승용,여,21-30세,상해없음,승용,남,51-60세,경상,2014,2
2014020800100339.2,2014년 2월,토요일,서울특별시 광진구 광장동,중상사고,0,1,0,0,차대차 - 충돌,중앙선침범,습기,눈,교차로 - 교차로부근,승용,남,61-64세,상해없음,원동기,남,51-60세,중상,2014,2
2014020800100368.0,2014년 2월,토요일,서울특별시 광진구 군자동,경상사고,0,0,1,0,차대차 - 충돌,안전운전불이행,적설,눈,교차로 - 교차로안,승용,남,41-50세,상해없음,승용,남,41-50세,경상,2014,2
2014021000100024.8,2014년 2월,월요일,서울특별시 광진구 자양동,중상사고,0,1,1,0,차대차 - 기타,안전거리미확보,습기,비,단일로 - 교량,승용,남,65세 이상,상해없음,승용,남,41-50세,경상,2014,2
2014021000100376.0,2014년 2월,월요일,서울특별시 광진구 구의동,중상사고,0,1,0,0,차대사람 - 횡단중,안전운전불이행,건조,맑음,단일로 - 기타,승용,남,31-40세,상해없음,보행자,여,65세 이상,중상,2014,2
2014021000100487.2,2014년 2월,월요일,서울특별시 광진구 군자동,경상사고,0,0,1,0,차대차 - 충돌,안전운전불이행,건조,맑음,교차로 - 교차로안,승용,남,51-60세,상해없음,자전거,여,21-30세,경상,2014,2
2014021000100568.8,2014년 2월,월요일,서울특별시 광진구 군자동,경상사고,0,0,2,0,차대차 - 기타,안전운전불이행,건조,맑음,교차로 - 교차로부근,승용,남,51-60세,상해없음,승용,남,31-40세,상해없음,2014,2
2014021100100232.0,2014년 2월,화요일,서울특별시 광진구 자양동,중상사고,0,1,0,0,차량단독 - 전도전복,안전운전불이행,건조,맑음,단일로 - 기타,승합,남,41-50세,상해없음,,,,,2014,2
2014021100100308.8,2014년 2월,화요일,서울특별시 광진구 중곡동,중상사고,0,2,0,0,차대사람 - 횡단중,안전운전불이행,건조,맑음,단일로 - 기타,승용,남,41-50세,상해없음,보행자,여,31-40세,중상,2014,2
2014021200100015.2,2014년 2월,수요일,서울특별시 광진구 자양동,중상사고,0,1,1,0,차대차 - 충돌,안전운전불이행,건조,맑음,교차로 - 교차로안,승용,남,51-60세,상해없음,승용,남,41-50세,중상,2014,2
2014021200100335.2,2014년 2월,수요일,서울특별시 광진구 자양동,경상사고,0,0,1,0,차대사람 - 기타,안전운전불이행,건조,맑음,교차로 - 교차로안,승합,남,41-50세,상해없음,보행자,여,21-30세,경상,2014,2
2014021300100079.2,2014년 2월,목요일,서울특별시 광진구 자양동,중상사고,0,2,1,0,차대차 - 추돌,안전거리미확보,건조,맑음,단일로 - 기타,화물,남,51-60세,중상,승용,남,51-60세,경상,2014,2
2014021300100394.0,2014년 2월,목요일,서울특별시 광진구 광장동,경상사고,0,0,1,0,차대차 - 충돌,안전운전불이행,건조,맑음,단일로 - 기타,승용,여,41-50세,상해없음,자전거,남,41-50세,경상,2014,2
2014021300100472.0,2014년 2월,목요일,서울특별시 광진구 자양동,경상사고,0,0,1,0,차대사람 - 횡단중,안전운전불이행,건조,맑음,교차로 - 교차로부근,자전거,남,41-50세,상해없음,보행자,여,51-60세,경상,2014,2
2014021300100536.0,2014년 2월,목요일,서울특별시 광진구 능동,중상사고,0,1,0,0,차대사람 - 차도통행중,안전운전불이행,건조,맑음,교차로 - 교차로부근,승용,남,21-30세,상해없음,보행자,여,21-30세,중상,2014,2
2014021400100056.8,2014년 2월,금요일,서울특별시 광진구 광장동,경상사고,0,0,2,0,차대차 - 기타,신호위반,건조,맑음,교차로 - 교차로안,승용,남,51-60세,상해없음,승용,남,61-64세,경상,2014,2
2014021400100108.8,2014년 2월,금요일,서울특별시 광진구 자양동,경상사고,0,0,1,0,차대차 - 기타,안전운전불이행,건조,맑음,단일로 - 횡단보도부근,승용,남,41-50세,상해없음,원동기,남,51-60세,경상,2014,2
2014021400100355.2,2014년 2월,금요일,서울특별시 광진구 구의동,경상사고,0,0,1,0,차대사람 - 횡단중,보행자보호의무위반,건조,맑음,단일로 - 횡단보도상,승용,남,31-40세,상해없음,보행자,남,31-40세,경상,2014,2
2014021400100356.0,2014년 2월,금요일,서울특별시 광진구 중곡동,중상사고,0,1,0,0,차대차 - 기타,안전운전불이행,건조,맑음,단일로 - 기타,화물,남,41-50세,상해없음,원동기,남,13-20세,중상,2014,2
2014020000000000.0,2014년 2월,금요일,서울특별시 광진구 구의동,중상사고,0,1,1,0,차대사람 - 횡단중,안전운전불이행,건조,맑음,단일로 - 횡단보도상,승용,남,51-60세,상해없음,보행자,남,21-30세,중상,2014,2
2014021400100511.2,2014년 2월,금요일,서울특별시 광진구 구의동,경상사고,0,0,1,0,차대차 - 기타,기타,건조,맑음,단일로 - 기타,승용,남,41-50세,상해없음,자전거,남,21-30세,경상,2014,2
2014021400100548.8,2014년 2월,금요일,서울특별시 광진구 구의동,중상사고,0,1,0,0,차대사람 - 횡단중,안전운전불이행,건조,맑음,단일로 - 기타,승용,남,51-60세,상해없음,보행자,남,51-60세,중상,2014,2
2014021500100024.8,2014년 2월,토요일,서울특별시 광진구 자양동,중상사고,0,1,0,0,차대사람 - 횡단중,보행자보호의무위반,건조,맑음,단일로 - 횡단보도상,승용,남,21-30세,상해없음,보행자,여,13-20세,중상,2014,2
2014021500100026.0,2014년 2월,토요일,서울특별시 광진구 구의동,경상사고,0,0,2,0,차대차 - 추돌,안전운전불이행,건조,맑음,교차로 - 교차로부근,승용,남,51-60세,상해없음,승용,남,51-60세,경상,2014,2
2014021500100098.0,2014년 2월,토요일,서울특별시 광진구 중곡동,중상사고,0,1,0,0,차대사람 - 횡단중,신호위반,건조,맑음,단일로 - 기타,승용,남,51-60세,상해없음,보행자,여,65세 이상,중상,2014,2
2014020000000000.0,2014년 2월,토요일,서울특별시 광진구 화양동,경상사고,0,0,1,0,차대차 - 기타,기타,건조,맑음,단일로 - 기타,승용,남,65세 이상,상해없음,원동기,남,13-20세,경상,2014,2
2014021500100531.2,2014년 2월,토요일,서울특별시 광진구 자양동,경상사고,0,0,1,0,차대차 - 추돌,안전운전불이행,건조,맑음,단일로 - 기타,승용,남,21-30세,상해없음,승용,남,65세 이상,경상,2014,2
2014020000000000.0,2014년 2월,일요일,서울특별시 광진구 화양동,중상사고,0,1,0,0,차대차 - 기타,안전운전불이행,건조,맑음,단일로 - 기타,승용,남,51-60세,상해없음,승용,남,51-60세,상해없음,2014,2
2014021600100256.0,2014년 2월,일요일,서울특별시 광진구 구의동,중상사고,0,1,1,0,차대차 - 추돌,안전운전불이행,건조,맑음,단일로 - 기타,승용,남,31-40세,상해없음,승용,남,51-60세,경상,2014,2
2014021700100118.0,2014년 2월,월요일,서울특별시 광진구 광장동,경상사고,0,0,1,0,차대차 - 기타,신호위반,건조,맑음,단일로 - 기타,승용,남,51-60세,상해없음,승용,여,41-50세,경상,2014,2
2014021700100264.8,2014년 2월,월요일,서울특별시 광진구 군자동,경상사고,0,0,1,0,차대사람 - 기타,안전운전불이행,건조,맑음,교차로 - 교차로안,화물,남,51-60세,기타불명,보행자,남,12세 이하,경상,2014,2
2014021700100402.0,2014년 2월,월요일,서울특별시 광진구 군자동,경상사고,0,0,1,0,차대사람 - 기타,안전운전불이행,건조,맑음,단일로 - 기타,승용,남,31-40세,상해없음,보행자,남,31-40세,경상,2014,2
2014021800100059.2,2014년 2월,화요일,서울특별시 광진구 구의동,부상신고사고,0,0,0,1,차대사람 - 횡단중,안전운전불이행,건조,맑음,교차로 - 교차로안,기타불명,기타불명,기타불명,기타불명,보행자,여,65세 이상,부상신고,2014,2
2014021900100114.0,2014년 2월,수요일,서울특별시 광진구 중곡동,경상사고,0,0,2,0,차대차 - 기타,안전운전불이행,건조,맑음,교차로 - 교차로부근,승용,여,31-40세,상해없음,승용,남,61-64세,경상,2014,2
2014020000000000.0,2014년 2월,수요일,서울특별시 광진구 군자동,부상신고사고,0,0,0,1,차대차 - 충돌,교차로운행방법위반,건조,맑음,교차로 - 교차로안,원동기,남,20세 이하,부상신고,승용,남,41-50세,상해없음,2014,2
2014021900100364.8,2014년 2월,수요일,서울특별시 광진구 군자동,경상사고,0,0,1,0,차대사람 - 기타,안전운전불이행,기타,맑음,교차로 - 교차로부근,화물,남,31-40세,상해없음,보행자,여,31-40세,경상,2014,2
2014022000100004.0,2014년 2월,목요일,서울특별시 광진구 자양동,경상사고,0,0,2,0,차대차 - 충돌,안전운전불이행,건조,맑음,교차로 - 교차로안,원동기,남,41-50세,경상,승용,남,21-30세,경상,2014,2
2014022000100283.2,2014년 2월,목요일,서울특별시 광진구 화양동,경상사고,0,0,1,0,차대차 - 기타,기타,건조,맑음,단일로 - 기타,승용,남,41-50세,상해없음,이륜,남,41-50세,경상,2014,2
2014020000000000.0,2014년 2월,목요일,서울특별시 광진구 구의동,경상사고,0,0,1,0,차대차 - 충돌,신호위반,기타,맑음,단일로 - 기타,승용,남,51-60세,상해없음,자전거,남,41-50세,경상,2014,2
2014022100100052.0,2014년 2월,금요일,서울특별시 광진구 광장동,중상사고,0,2,0,0,차대차 - 충돌,신호위반,건조,맑음,교차로 - 교차로안,승용,남,61-64세,중상,승용,남,51-60세,중상,2014,2
2014022100100082.0,2014년 2월,금요일,서울특별시 광진구 군자동,중상사고,0,1,1,0,차대차 - 기타,중앙선침범,건조,맑음,단일로 - 기타,이륜,남,51-60세,중상,승용,여,13-20세,경상,2014,2
2014022100100228.0,2014년 2월,금요일,서울특별시 광진구 구의동,경상사고,0,0,1,0,차대차 - 충돌,교차로운행방법위반,건조,맑음,교차로 - 교차로안,승용,남,51-60세,기타불명,승용,남,51-60세,경상,2014,2
2014022100100387.2,2014년 2월,금요일,서울특별시 광진구 구의동,중상사고,0,1,1,0,차대차 - 추돌,안전운전불이행,건조,맑음,단일로 - 기타,승용,남,51-60세,상해없음,승용,남,51-60세,상해없음,2014,2
2014022200100051.2,2014년 2월,토요일,서울특별시 광진구 자양동,경상사고,0,0,1,0,차대사람 - 기타,교차로운행방법위반,건조,맑음,교차로 - 교차로부근,승용,남,51-60세,상해없음,보행자,남,51-60세,경상,2014,2
2014022200100095.2,2014년 2월,토요일,서울특별시 광진구 화양동,경상사고,0,0,1,0,차대사람 - 기타,안전운전불이행,건조,맑음,단일로 - 기타,승용,남,41-50세,상해없음,보행자,여,21-30세,경상,2014,2
2014022200100231.2,2014년 2월,토요일,서울특별시 광진구 중곡동,경상사고,0,0,1,0,차대차 - 기타,안전운전불이행,건조,맑음,단일로 - 기타,승용,여,41-50세,상해없음,승용,남,51-60세,경상,2014,2
2014022300100054.0,2014년 2월,일요일,서울특별시 광진구 자양동,중상사고,0,1,3,1,차대차 - 충돌,안전거리미확보,건조,맑음,단일로 - 기타,승용,여,21-30세,경상,승용,남,51-60세,중상,2014,2
2014020000000000.0,2014년 2월,일요일,서울특별시 광진구 광장동,부상신고사고,0,0,0,1,차대차 - 기타,신호위반,건조,맑음,단일로 - 기타,승용,남,51-60세,상해없음,자전거,남,13-20세,부상신고,2014,2
2014022300100339.2,2014년 2월,일요일,서울특별시 광진구 자양동,중상사고,0,1,0,0,차량단독 - 기타,안전운전불이행,건조,맑음,단일로 - 교량,원동기,남,21-30세,중상,,,,,2014,2
2014022300100388.0,2014년 2월,일요일,서울특별시 광진구 자양동,경상사고,0,0,1,0,차대차 - 추돌,안전거리미확보,건조,맑음,단일로 - 기타,승용,남,41-50세,상해없음,승용,남,41-50세,경상,2014,2
2014022400100344.0,2014년 2월,월요일,서울특별시 광진구 자양동,경상사고,0,0,2,0,차대차 - 기타,신호위반,건조,맑음,교차로 - 교차로부근,승용,여,41-50세,상해없음,자전거,여,31-40세,경상,2014,2
2014022400100382.0,2014년 2월,월요일,서울특별시 광진구 중곡동,경상사고,0,0,1,0,차대차 - 충돌,안전운전불이행,건조,맑음,단일로 - 기타,원동기,남,21-30세,경상,승용,남,41-50세,상해없음,2014,2
2014022400100422.0,2014년 2월,월요일,서울특별시 광진구 중곡동,경상사고,0,0,1,0,차대차 - 충돌,안전운전불이행,건조,맑음,교차로 - 교차로부근,승용,여,41-50세,상해없음,승용,남,31-40세,경상,2014,2
2014022500100224.8,2014년 2월,화요일,서울특별시 광진구 중곡동,중상사고,0,1,0,0,차대차 - 기타,신호위반,건조,맑음,교차로 - 교차로안,승용,남,31-40세,상해없음,자전거,남,61-64세,중상,2014,2
2014022500100380.8,2014년 2월,화요일,서울특별시 광진구 중곡동,사망사고,1,0,0,0,차량단독 - 기타,기타,건조,맑음,단일로 - 기타,화물,남,61-64세,사망,,,,,2014,2
2014022500100442.0,2014년 2월,화요일,서울특별시 광진구 광장동,경상사고,0,0,1,0,차대차 - 기타,안전운전불이행,기타,맑음,교차로 - 교차로부근,원동기,남,20세 이하,경상,승용,남,61-64세,상해없음,2014,2
2014022600100416.8,2014년 2월,수요일,서울특별시 광진구 구의동,중상사고,0,1,1,0,차대차 - 충돌,신호위반,건조,맑음,교차로 - 교차로안,이륜,남,51-60세,상해없음,승용,남,21-30세,중상,2014,2
2014022700100026.0,2014년 2월,목요일,서울특별시 광진구 중곡동,중상사고,0,1,0,0,차대사람 - 기타,안전운전불이행,건조,맑음,교차로 - 교차로안,화물,남,51-60세,상해없음,보행자,남,41-50세,중상,2014,2
2014022700100171.2,2014년 2월,목요일,서울특별시 광진구 구의동,경상사고,0,0,1,0,차대차 - 충돌,불법유턴,건조,맑음,단일로 - 기타,원동기,남,21-30세,경상,승합,남,41-50세,상해없음,2014,2
2014022700100504.0,2014년 2월,목요일,서울특별시 광진구 구의동,중상사고,0,1,0,0,차대사람 - 기타,안전운전불이행,건조,맑음,단일로 - 횡단보도부근,승용,여,31-40세,상해없음,보행자,남,41-50세,중상,2014,2
2014022800100111.2,2014년 2월,금요일,서울특별시 광진구 자양동,경상사고,0,0,1,0,차대차 - 충돌,안전거리미확보,건조,맑음,단일로 - 기타,승용,남,51-60세,상해없음,승용,남,51-60세,경상,2014,2
2014022800100158.0,2014년 2월,금요일,서울특별시 광진구 자양동,중상사고,0,1,0,0,차대차 - 기타,안전운전불이행,건조,맑음,단일로 - 기타,승용,여,21-30세,상해없음,자전거,여,21-30세,중상,2014,2
2014022800100175.2,2014년 2월,금요일,서울특별시 광진구 능동,중상사고,0,1,0,0,차대차 - 기타,안전운전불이행,건조,맑음,단일로 - 기타,승용,남,21-30세,상해없음,원동기,남,31-40세,중상,2014,2
2014022800100456.0,2014년 2월,금요일,서울특별시 광진구 화양동,중상사고,0,1,0,0,차대사람 - 차도통행중,안전운전불이행,건조,맑음,교차로 - 교차로부근,화물,남,51-60세,상해없음,보행자,남,21-30세,중상,2014,2
2014030100100006.0,2014년 3월,토요일,서울특별시 광진구 중곡동,중상사고,0,1,0,0,차대차 - 기타,안전운전불이행,건조,맑음,교차로 - 교차로부근,화물,남,41-50세,상해없음,자전거,여,51-60세,중상,2014,3
2014030100100091.2,2014년 3월,토요일,서울특별시 광진구 화양동,경상사고,0,0,1,0,차대사람 - 차도통행중,안전운전불이행,건조,맑음,교차로 - 교차로부근,승용,남,61-64세,상해없음,보행자,남,21-30세,경상,2014,3
2014030100100198.0,2014년 3월,토요일,서울특별시 광진구 중곡동,경상사고,0,0,1,0,차대차 - 충돌,신호위반,건조,맑음,교차로 - 교차로부근,승용,남,41-50세,상해없음,자전거,여,21-30세,경상,2014,3
2014030000000000.0,2014년 3월,토요일,서울특별시 광진구 구의동,경상사고,0,0,1,0,차대사람 - 보도통행중,신호위반,건조,맑음,단일로 - 기타,승용,남,65세 이상,상해없음,보행자,여,41-50세,경상,2014,3
2014030100100364.8,2014년 3월,토요일,서울특별시 광진구 중곡동,중상사고,0,1,0,0,차대차 - 기타,안전운전불이행,건조,흐림,교차로 - 교차로안,승용,남,51-60세,상해없음,원동기,남,65세 이상,중상,2014,3
2014030100100366.0,2014년 3월,토요일,서울특별시 광진구 중곡동,부상신고사고,0,0,0,1,차대차 - 충돌,안전운전불이행,건조,맑음,단일로 - 횡단보도부근,승용,남,41-50세,상해없음,이륜,남,31-40세,부상신고,2014,3
2014030100100466.0,2014년 3월,토요일,서울특별시 광진구 자양동,경상사고,0,0,1,0,차대사람 - 기타,안전운전불이행,건조,맑음,단일로 - 기타,승용,남,31-40세,상해없음,보행자,여,65세 이상,경상,2014,3
2014030000000000.0,2014년 3월,토요일,서울특별시 광진구 군자동,경상사고,0,0,1,0,차대차 - 추돌,안전거리미확보,건조,맑음,단일로 - 기타,승용,남,65세 이상,상해없음,승용,남,21-30세,상해없음,2014,3
2014030200100175.2,2014년 3월,일요일,서울특별시 광진구 자양동,중상사고,0,1,0,0,차대사람 - 기타,안전운전불이행,건조,맑음,교차로 - 교차로안,승용,여,41-50세,상해없음,보행자,남,51-60세,중상,2014,3
2014030200100448.8,2014년 3월,일요일,서울특별시 광진구 중곡동,경상사고,0,0,1,0,차대차 - 추돌,안전운전불이행,건조,맑음,단일로 - 기타,원동기,남,41-50세,경상,승용,남,65세 이상,상해없음,2014,3
2014030300100054.0,2014년 3월,월요일,서울특별시 광진구 중곡동,경상사고,0,0,1,0,차대차 - 추돌,안전거리미확보,건조,맑음,교차로 - 교차로안,승용,남,31-40세,기타불명,승용,남,31-40세,경상,2014,3
2014030300100216.8,2014년 3월,월요일,서울특별시 광진구 군자동,경상사고,0,0,1,0,차대차 - 충돌,신호위반,건조,맑음,교차로 - 교차로부근,승용,남,41-50세,상해없음,원동기,남,51-60세,경상,2014,3
2014030300100246.0,2014년 3월,월요일,서울특별시 광진구 능동,경상사고,0,0,2,0,차대차 - 기타,안전운전불이행,건조,맑음,교차로 - 교차로부근,승용,여,41-50세,상해없음,승용,여,51-60세,경상,2014,3
2014030300100282.0,2014년 3월,월요일,서울특별시 광진구 구의동,중상사고,0,1,0,0,차대사람 - 기타,보행자보호의무위반,건조,맑음,교차로 - 교차로부근,승용,남,51-60세,상해없음,보행자,여,51-60세,중상,2014,3
2014030300100458.0,2014년 3월,월요일,서울특별시 광진구 구의동,중상사고,0,1,1,0,차대차 - 추돌,안전운전불이행,건조,맑음,단일로 - 기타,승용,남,41-50세,상해없음,승용,여,21-30세,중상,2014,3
2014030300100556.8,2014년 3월,월요일,서울특별시 광진구 자양동,중상사고,0,1,0,0,차대사람 - 기타,보행자보호의무위반,건조,맑음,교차로 - 교차로부근,승용,남,41-50세,상해없음,보행자,남,31-40세,중상,2014,3
2014030400100002.0,2014년 3월,화요일,서울특별시 광진구 중곡동,경상사고,0,0,1,0,차대차 - 기타,안전운전불이행,건조,맑음,단일로 - 기타,승용,남,61-64세,상해없음,승용,남,31-40세,경상,2014,3
2014030400100244.8,2014년 3월,화요일,서울특별시 광진구 중곡동,부상신고사고,0,0,0,1,차대차 - 충돌,안전운전불이행,건조,맑음,교차로 - 교차로안,이륜,남,51-60세,부상신고,화물,남,61-64세,상해없음,2014,3
2014030000000000.0,2014년 3월,화요일,서울특별시 광진구 화양동,경상사고,0,0,1,0,차대차 - 기타,안전운전불이행,건조,맑음,단일로 - 기타,이륜,남,41-50세,상해없음,원동기,남,21-30세,경상,2014,3
2014030400100432.0,2014년 3월,화요일,서울특별시 광진구 중곡동,경상사고,0,0,1,0,차대사람 - 기타,안전운전불이행,건조,맑음,교차로 - 교차로안,승용,여,41-50세,상해없음,보행자,여,31-40세,경상,2014,3
2014030400100456.8,2014년 3월,화요일,서울특별시 광진구 중곡동,중상사고,0,1,0,0,차대사람 - 기타,안전운전불이행,건조,맑음,단일로 - 기타,승용,남,31-40세,상해없음,보행자,여,31-40세,중상,2014,3
2014030000000000.0,2014년 3월,수요일,서울특별시 광진구 군자동,중상사고,0,1,1,0,차대차 - 충돌,안전운전불이행,건조,맑음,단일로 - 횡단보도부근,승용,남,61-64세,상해없음,원동기,남,21-30세,중상,2014,3
2014030500100552.0,2014년 3월,수요일,서울특별시 광진구 구의동,중상사고,0,1,0,0,차대사람 - 횡단중,안전운전불이행,건조,맑음,단일로 - 기타,화물,남,41-50세,상해없음,보행자,남,31-40세,중상,2014,3
2014030500100552.8,2014년 3월,수요일,서울특별시 광진구 자양동,경상사고,0,0,1,0,차대사람 - 기타,안전운전불이행,건조,맑음,교차로 - 교차로부근,승용,남,41-50세,상해없음,보행자,여,41-50세,경상,2014,3
2014030600100107.2,2014년 3월,목요일,서울특별시 광진구 자양동,중상사고,0,1,1,0,차대차 - 추돌,안전운전불이행,건조,맑음,교차로 - 교차로안,승용,여,41-50세,상해없음,원동기,남,31-40세,중상,2014,3
2014030700100046.0,2014년 3월,금요일,서울특별시 광진구 중곡동,경상사고,0,0,1,0,차대차 - 추돌,안전운전불이행,건조,맑음,단일로 - 기타,승용,남,31-40세,상해없음,승합,남,31-40세,상해없음,2014,3
2014030700100166.0,2014년 3월,금요일,서울특별시 광진구 중곡동,경상사고,0,0,1,0,차대차 - 충돌,안전운전불이행,건조,맑음,교차로 - 교차로안,승용,여,41-50세,상해없음,자전거,남,61-64세,경상,2014,3
2014030700100194.0,2014년 3월,금요일,서울특별시 광진구 중곡동,중상사고,0,1,0,0,차대차 - 기타,안전운전불이행,건조,맑음,단일로 - 기타,원동기,남,31-40세,중상,승합,남,51-60세,상해없음,2014,3
2014030800100104.8,2014년 3월,토요일,서울특별시 광진구 중곡동,경상사고,0,0,3,0,차대차 - 충돌,신호위반,건조,맑음,교차로 - 교차로안,승용,남,51-60세,상해없음,승용,여,31-40세,경상,2014,3
2014030800100275.2,2014년 3월,토요일,서울특별시 광진구 자양동,경상사고,0,0,3,0,차대차 - 기타,교차로운행방법위반,건조,맑음,교차로 - 교차로안,화물,남,41-50세,경상,승용,남,21-30세,경상,2014,3
2014030800100491.2,2014년 3월,토요일,서울특별시 광진구 자양동,경상사고,0,0,1,0,차대사람 - 기타,안전운전불이행,건조,맑음,단일로 - 기타,자전거,여,21-30세,상해없음,보행자,여,21-30세,경상,2014,3
2014030800100492.0,2014년 3월,토요일,서울특별시 광진구 구의동,경상사고,0,0,2,0,차대차 - 추돌,안전거리미확보,건조,맑음,단일로 - 기타,승용,남,51-60세,상해없음,승용,여,41-50세,경상,2014,3
2014030800100522.0,2014년 3월,토요일,서울특별시 광진구 화양동,경상사고,0,0,1,0,차대차 - 기타,안전운전불이행,건조,맑음,단일로 - 기타,원동기,남,20세 이하,상해없음,승합,남,31-40세,상해없음,2014,3
2014030000000000.0,2014년 3월,일요일,서울특별시 광진구 구의동,중상사고,0,1,0,0,차량단독 - 기타,기타,건조,맑음,단일로 - 기타,승용,남,65세 이상,중상,,,,,2014,3
2014030900100258.0,2014년 3월,일요일,서울특별시 광진구 구의동,경상사고,0,0,3,0,차대차 - 추돌,안전거리미확보,건조,맑음,미분류 - 미분류,승용,남,51-60세,상해없음,승용,남,41-50세,경상,2014,3
2014030900100308.8,2014년 3월,일요일,서울특별시 광진구 자양동,경상사고,0,0,1,0,차량단독 - 충돌,안전운전불이행,건조,맑음,단일로 - 기타,승용,남,51-60세,경상,,,,,2014,3
2014030900100428.0,2014년 3월,일요일,서울특별시 광진구 자양동,경상사고,0,0,2,1,차대차 - 기타,안전거리미확보,건조,맑음,단일로 - 교량,승용,남,41-50세,경상,승용,남,51-60세,상해없음,2014,3
2014030900100456.0,2014년 3월,일요일,서울특별시 광진구 중곡동,중상사고,0,1,0,0,차대차 - 기타,안전운전불이행,건조,맑음,단일로 - 기타,승용,여,21-30세,상해없음,이륜,남,13-20세,중상,2014,3
2014031000100022.0,2014년 3월,월요일,서울특별시 광진구 구의동,경상사고,0,0,1,0,차대차 - 충돌,교차로운행방법위반,건조,맑음,교차로 - 교차로부근,승용,남,31-40세,상해없음,승용,남,51-60세,경상,2014,3
2014030000000000.0,2014년 3월,월요일,서울특별시 광진구 광장동,중상사고,0,1,1,0,차대차 - 기타,신호위반,건조,맑음,교차로 - 교차로부근,원동기,남,31-40세,경상,승용,남,65세 이상,상해없음,2014,3
2014031000100380.8,2014년 3월,월요일,서울특별시 광진구 구의동,경상사고,0,0,1,0,차대차 - 충돌,중앙선침범,건조,맑음,단일로 - 기타,승용,남,61-64세,상해없음,승용,여,21-30세,경상,2014,3
2014031000100571.2,2014년 3월,월요일,서울특별시 광진구 화양동,경상사고,0,0,2,0,차대사람 - 횡단중,보행자보호의무위반,건조,맑음,단일로 - 횡단보도상,자전거,남,21-30세,경상,보행자,여,31-40세,경상,2014,3
2014031100100054.0,2014년 3월,화요일,서울특별시 광진구 자양동,중상사고,0,1,0,0,차대차 - 기타,안전거리미확보,건조,맑음,단일로 - 기타,화물,기타불명,기타불명,기타불명,승용,남,41-50세,중상,2014,3
2014030000000000.0,2014년 3월,화요일,서울특별시 광진구 군자동,경상사고,0,0,1,0,차대차 - 추돌,안전운전불이행,건조,맑음,미분류 - 미분류,승용,여,21-30세,상해없음,승용,남,31-40세,경상,2014,3