사고번호,발생년월,요일,시군구,사고내용,사망자수,중상자수,경상자수,부상신고자수,사고유형,법규위반,노면상태,기상상태,도로형태,가해운전자 차종,가해운전자 성별,가해운전자 연령대,가해운전자 상해정도,피해운전자 차종,피해운전자 성별,피해운전자 연령대,피해운전자 상해정도,발생년도,발생월
2014041100100619.2,2014년 4월,금요일,서울특별시 광진구 중곡동,경상사고,0,0,1,0,차대사람 - 차도통행중,안전운전불이행,건조,맑음,교차로 - 교차로안,승용,남,51-60세,상해없음,보행자,여,21-30세,경상,2014,4
2014040000000000.0,2014년 4월,토요일,서울특별시 광진구 광장동,중상사고,0,1,0,0,차대차 - 충돌,안전거리미확보,건조,맑음,단일로 - 기타,승용,남,41-50세,상해없음,원동기,남,65세 이상,중상,2014,4
2014041200100194.0,2014년 4월,토요일,서울특별시 광진구 중곡동,중상사고,0,1,0,0,차대사람 - 차도통행중,안전운전불이행,건조,맑음,교차로 - 교차로안,승용,남,21-30세,상해없음,보행자,남,65세 이상,중상,2014,4
2014041200100224.8,2014년 4월,토요일,서울특별시 광진구 구의동,경상사고,0,0,1,0,차대차 - 충돌,안전운전불이행,건조,흐림,교차로 - 교차로안,승용,남,41-50세,상해없음,이륜,남,31-40세,경상,2014,4
2014041200100440.8,2014년 4월,토요일,서울특별시 광진구 구의동,경상사고,0,0,3,0,차대차 - 충돌,차로위반,건조,맑음,교차로 - 교차로부근,승용,여,21-30세,상해없음,승용,남,31-40세,경상,2014,4
2014041200100474.0,2014년 4월,토요일,서울특별시 광진구 화양동,경상사고,0,0,1,0,차대차 - 충돌,안전운전불이행,건조,맑음,단일로 - 기타,승용,남,65세 이상,상해없음,원동기,남,31-40세,경상,2014,4
2014041300100118.0,2014년 4월,일요일,서울특별시 광진구 자양동,경상사고,0,0,2,0,차대차 - 기타,안전운전불이행,건조,맑음,단일로 - 기타,승용,남,31-40세,상해없음,승용,남,41-50세,상해없음,2014,4
2014041300100258.0,2014년 4월,일요일,서울특별시 광진구 중곡동,경상사고,0,0,2,0,차대차 - 기타,안전운전불이행,건조,맑음,단일로 - 기타,화물,남,21-30세,상해없음,승용,남,31-40세,경상,2014,4
2014041300100347.2,2014년 4월,일요일,서울특별시 광진구 구의동,경상사고,0,0,1,0,차대차 - 기타,안전운전불이행,건조,맑음,교차로 - 교차로안,자전거,여,41-50세,경상,승용,남,41-50세,상해없음,2014,4
2014041300100386.0,2014년 4월,일요일,서울특별시 광진구 화양동,경상사고,0,0,1,0,차대차 - 기타,안전운전불이행,건조,맑음,단일로 - 기타,승용,남,41-50세,상해없음,승용,남,61-64세,경상,2014,4
2014041400100028.0,2014년 4월,월요일,서울특별시 광진구 능동,경상사고,0,0,2,0,차대차 - 충돌,신호위반,건조,맑음,교차로 - 교차로안,승용,남,51-60세,상해없음,승용,남,31-40세,경상,2014,4
2014041400100496.0,2014년 4월,월요일,서울특별시 광진구 광장동,경상사고,0,0,1,0,차대차 - 충돌,안전거리미확보,건조,맑음,교차로 - 교차로부근,승용,남,31-40세,상해없음,이륜,남,41-50세,경상,2014,4
2014041500100459.2,2014년 4월,화요일,서울특별시 광진구 중곡동,중상사고,0,1,0,0,차대차 - 기타,안전운전불이행,건조,맑음,단일로 - 기타,자전거,남,21-30세,상해없음,자전거,남,31-40세,중상,2014,4
2014041500100579.2,2014년 4월,화요일,서울특별시 광진구 중곡동,중상사고,0,1,0,0,차대차 - 추돌,안전운전불이행,건조,맑음,교차로 - 교차로부근,승용,남,31-40세,상해없음,승용,남,41-50세,중상,2014,4
2014041600100015.2,2014년 4월,수요일,서울특별시 광진구 광장동,부상신고사고,0,0,0,1,차량단독 - 기타,안전운전불이행,건조,맑음,단일로 - 기타,이륜,남,51-60세,부상신고,,,,,2014,4
2014041600100298.0,2014년 4월,수요일,서울특별시 광진구 화양동,중상사고,0,1,0,0,차대사람 - 기타,안전운전불이행,건조,맑음,교차로 - 교차로부근,승용,남,65세 이상,상해없음,보행자,남,51-60세,중상,2014,4
2014040000000000.0,2014년 4월,수요일,서울특별시 광진구 구의동,중상사고,0,1,0,0,차대사람 - 횡단중,신호위반,건조,맑음,단일로 - 횡단보도상,승용,남,65세 이상,상해없음,보행자,여,21-30세,중상,2014,4
2014041700100142.0,2014년 4월,목요일,서울특별시 광진구 자양동,경상사고,0,0,1,0,차대사람 - 기타,안전운전불이행,건조,맑음,교차로 - 교차로안,승용,남,51-60세,상해없음,보행자,여,31-40세,경상,2014,4
2014041700100198.0,2014년 4월,목요일,서울특별시 광진구 군자동,경상사고,0,0,1,0,차대차 - 추돌,안전운전불이행,건조,맑음,교차로 - 교차로안,승용,남,41-50세,상해없음,승용,남,31-40세,경상,2014,4
2014041700100376.0,2014년 4월,목요일,서울특별시 광진구 군자동,경상사고,0,0,2,0,차대차 - 추돌,안전운전불이행,건조,맑음,단일로 - 기타,화물,남,21-30세,상해없음,승용,남,21-30세,경상,2014,4
2014041800100034.0,2014년 4월,금요일,서울특별시 광진구 광장동,부상신고사고,0,0,0,1,차량단독 - 기타,안전운전불이행,건조,맑음,단일로 - 기타,원동기,남,20세 이하,부상신고,,,,,2014,4
2014040000000000.0,2014년 4월,금요일,서울특별시 광진구 화양동,경상사고,0,0,1,0,차대차 - 기타,안전운전불이행,건조,맑음,단일로 - 기타,승용,남,21-30세,상해없음,원동기,남,21-30세,상해없음,2014,4
2014041900100002.0,2014년 4월,토요일,서울특별시 광진구 중곡동,경상사고,0,0,1,0,차대사람 - 기타,안전운전불이행,건조,맑음,교차로 - 교차로부근,승용,남,31-40세,상해없음,보행자,여,51-60세,경상,2014,4
2014041900100060.8,2014년 4월,토요일,서울특별시 광진구 광장동,경상사고,0,0,2,0,차대차 - 추돌,안전운전불이행,건조,맑음,교차로 - 교차로부근,승용,남,31-40세,상해없음,승용,여,31-40세,경상,2014,4
2014040000000000.0,2014년 4월,토요일,서울특별시 광진구 광장동,중상사고,0,1,1,0,차대차 - 기타,안전운전불이행,건조,맑음,단일로 - 기타,승용,남,65세 이상,상해없음,승용,여,41-50세,중상,2014,4
2014041900100111.2,2014년 4월,토요일,서울특별시 광진구 자양동,중상사고,0,1,0,0,차대차 - 기타,안전거리미확보,건조,맑음,단일로 - 기타,화물,남,41-50세,상해없음,승용,여,41-50세,상해없음,2014,4
2014041900100112.0,2014년 4월,토요일,서울특별시 광진구 중곡동,중상사고,0,1,1,0,차대차 - 추돌,신호위반,건조,맑음,교차로 - 교차로안,승용,남,41-50세,상해없음,원동기,남,31-40세,중상,2014,4
2014041900100335.2,2014년 4월,토요일,서울특별시 광진구 자양동,중상사고,0,1,0,0,차대사람 - 기타,신호위반,건조,맑음,단일로 - 기타,승용,남,51-60세,상해없음,보행자,남,31-40세,중상,2014,4
2014041900100336.0,2014년 4월,토요일,서울특별시 광진구 구의동,경상사고,0,0,1,0,차대차 - 충돌,교차로운행방법위반,건조,맑음,교차로 - 교차로부근,승용,남,51-60세,상해없음,승용,남,41-50세,경상,2014,4
2014041900100466.0,2014년 4월,토요일,서울특별시 광진구 자양동,중상사고,0,1,0,0,차대차 - 기타,신호위반,건조,맑음,교차로 - 교차로안,이륜,남,20세 이하,중상,승용,남,41-50세,상해없음,2014,4
2014042000100163.2,2014년 4월,일요일,서울특별시 광진구 광장동,경상사고,0,0,2,0,차대차 - 충돌,안전거리미확보,건조,맑음,교차로 - 교차로안,승용,남,65세 이상,상해없음,특수,남,31-40세,경상,2014,4
2014040000000000.0,2014년 4월,일요일,서울특별시 광진구 중곡동,경상사고,0,0,2,5,차대차 - 기타,안전운전불이행,건조,맑음,단일로 - 기타,승용,남,41-50세,부상신고,승합,남,31-40세,경상,2014,4
2014042000100216.8,2014년 4월,일요일,서울특별시 광진구 구의동,중상사고,0,1,0,0,차대차 - 추돌,안전거리미확보,건조,맑음,단일로 - 기타,승용,남,31-40세,상해없음,이륜,남,31-40세,중상,2014,4
2014042000100435.2,2014년 4월,일요일,서울특별시 광진구 중곡동,경상사고,0,0,4,0,차대차 - 기타,신호위반,건조,맑음,교차로 - 교차로안,승합,남,41-50세,상해없음,승용,남,31-40세,경상,2014,4
2014042000100484.8,2014년 4월,일요일,서울특별시 광진구 자양동,경상사고,0,0,1,0,차대차 - 추돌,안전운전불이행,건조,맑음,단일로 - 기타,승용,남,21-30세,상해없음,승합,남,31-40세,경상,2014,4
2014042100100016.8,2014년 4월,월요일,서울특별시 광진구 능동,경상사고,0,0,1,0,차대차 - 추돌,안전거리미확보,건조,맑음,단일로 - 기타,승용,남,51-60세,상해없음,승용,남,65세 이상,경상,2014,4
2014042100100032.8,2014년 4월,월요일,서울특별시 광진구 군자동,중상사고,0,1,0,0,차대차 - 충돌,안전거리미확보,건조,맑음,단일로 - 교량,승용,남,41-50세,상해없음,원동기,남,51-60세,중상,2014,4
2014042100100122.0,2014년 4월,월요일,서울특별시 광진구 구의동,경상사고,0,0,1,0,차대차 - 기타,신호위반,건조,맑음,교차로 - 교차로안,승용,남,61-64세,상해없음,원동기,남,31-40세,경상,2014,4
2014042100100216.8,2014년 4월,월요일,서울특별시 광진구 자양동,부상신고사고,0,0,0,1,차대차 - 기타,기타,건조,맑음,단일로 - 횡단보도부근,승용,남,51-60세,상해없음,자전거,여,51-60세,부상신고,2014,4
2014042200100035.2,2014년 4월,화요일,서울특별시 광진구 자양동,중상사고,0,1,2,0,차대차 - 충돌,교차로운행방법위반,건조,맑음,교차로 - 교차로안,승용,남,41-50세,상해없음,승합,남,21-30세,경상,2014,4
2014042200100404.8,2014년 4월,화요일,서울특별시 광진구 중곡동,중상사고,0,1,0,0,차대차 - 기타,안전거리미확보,건조,맑음,단일로 - 기타,원동기,남,41-50세,중상,승용,여,41-50세,상해없음,2014,4
2014042300100024.8,2014년 4월,수요일,서울특별시 광진구 자양동,중상사고,0,1,0,0,차대차 - 추돌,안전운전불이행,건조,맑음,교차로 - 교차로부근,승용,남,21-30세,상해없음,승용,여,41-50세,중상,2014,4
2014042300100156.8,2014년 4월,수요일,서울특별시 광진구 군자동,경상사고,0,0,1,0,차대차 - 기타,안전운전불이행,건조,맑음,단일로 - 기타,승용,남,31-40세,상해없음,승용,남,51-60세,상해없음,2014,4
2014040000000000.0,2014년 4월,수요일,서울특별시 광진구 중곡동,경상사고,0,0,1,0,차대차 - 기타,안전운전불이행,건조,맑음,교차로 - 교차로안,승용,남,65세 이상,상해없음,원동기,남,41-50세,경상,2014,4
2014040000000000.0,2014년 4월,수요일,서울특별시 광진구 광장동,경상사고,0,0,1,0,차대차 - 기타,안전운전불이행,건조,맑음,단일로 - 기타,승용,남,41-50세,기타불명,승용,남,31-40세,경상,2014,4
2014042400100035.2,2014년 4월,목요일,서울특별시 광진구 구의동,경상사고,0,0,1,0,차대사람 - 기타,안전운전불이행,건조,맑음,단일로 - 기타,승용,남,31-40세,상해없음,보행자,남,41-50세,경상,2014,4
2014042400100252.8,2014년 4월,목요일,서울특별시 광진구 자양동,경상사고,0,0,1,0,차대사람 - 기타,기타,건조,맑음,기타 - 기타,승용,남,51-60세,상해없음,보행자,남,51-60세,경상,2014,4
2014042400100424.8,2014년 4월,목요일,서울특별시 광진구 군자동,중상사고,0,1,0,0,차대사람 - 기타,안전운전불이행,건조,맑음,교차로 - 교차로안,승용,남,65세 이상,상해없음,보행자,남,65세 이상,중상,2014,4
2014042400100426.0,2014년 4월,목요일,서울특별시 광진구 화양동,중상사고,0,2,1,0,차대차 - 충돌,중앙선침범,건조,맑음,단일로 - 기타,원동기,남,20세 이하,중상,승용,남,41-50세,경상,2014,4
2014040000000000.0,2014년 4월,목요일,서울특별시 광진구 구의동,경상사고,0,0,1,0,차대차 - 충돌,안전운전불이행,건조,맑음,단일로 - 기타,승용,남,65세 이상,상해없음,원동기,남,65세 이상,경상,2014,4
2014042500100036.0,2014년 4월,금요일,서울특별시 광진구 화양동,중상사고,0,1,0,0,차대사람 - 횡단중,보행자보호의무위반,건조,맑음,단일로 - 기타,승용,남,31-40세,상해없음,보행자,여,21-30세,중상,2014,4
2014042500100056.8,2014년 4월,금요일,서울특별시 광진구 구의동,중상사고,0,1,0,0,차대사람 - 기타,안전운전불이행,건조,맑음,교차로 - 교차로안,승용,남,51-60세,상해없음,보행자,여,65세 이상,중상,2014,4
2014042500100079.2,2014년 4월,금요일,서울특별시 광진구 광장동,중상사고,0,1,0,0,차대차 - 기타,신호위반,건조,맑음,단일로 - 횡단보도상,승합,남,61-64세,상해없음,자전거,남,13-20세,중상,2014,4
2014040000000000.0,2014년 4월,금요일,서울특별시 광진구 중곡동,부상신고사고,0,0,0,2,차대차 - 충돌,안전운전불이행,건조,맑음,교차로 - 교차로안,승용,남,51-60세,상해없음,승용,남,31-40세,부상신고,2014,4
2014042500100107.2,2014년 4월,금요일,서울특별시 광진구 구의동,경상사고,0,0,2,0,차대차 - 기타,안전운전불이행,건조,맑음,단일로 - 기타,승용,남,51-60세,상해없음,승용,남,21-30세,경상,2014,4
2014042500100316.0,2014년 4월,금요일,서울특별시 광진구 중곡동,경상사고,0,0,1,0,차대사람 - 보도통행중,기타,건조,맑음,기타 - 기타,화물,남,41-50세,상해없음,보행자,여,65세 이상,경상,2014,4
2014042500100523.2,2014년 4월,금요일,서울특별시 광진구 중곡동,중상사고,0,1,0,0,차대사람 - 횡단중,안전운전불이행,건조,맑음,단일로 - 기타,승용,남,51-60세,상해없음,보행자,여,65세 이상,중상,2014,4
2014042500100600.8,2014년 4월,금요일,서울특별시 광진구 구의동,경상사고,0,0,1,0,차대차 - 기타,기타,건조,맑음,단일로 - 기타,승용,남,61-64세,상해없음,원동기,남,21-30세,경상,2014,4
2014042600100064.8,2014년 4월,토요일,서울특별시 광진구 화양동,경상사고,0,0,1,0,차대사람 - 기타,안전운전불이행,건조,맑음,단일로 - 기타,승용,남,41-50세,상해없음,보행자,남,21-30세,경상,2014,4
2014042600100487.2,2014년 4월,토요일,서울특별시 광진구 구의동,중상사고,0,1,0,0,차대사람 - 횡단중,보행자보호의무위반,건조,맑음,단일로 - 기타,승용,남,51-60세,상해없음,보행자,남,41-50세,중상,2014,4
2014042700100024.0,2014년 4월,일요일,서울특별시 광진구 화양동,경상사고,0,0,1,0,차대사람 - 기타,안전운전불이행,습기,비,단일로 - 기타,승용,남,31-40세,상해없음,보행자,남,21-30세,경상,2014,4
2014042700100068.8,2014년 4월,일요일,서울특별시 광진구 자양동,중상사고,0,1,0,0,차대사람 - 기타,교차로운행방법위반,습기,비,교차로 - 교차로안,승용,남,21-30세,상해없음,보행자,남,21-30세,중상,2014,4
2014042700100260.8,2014년 4월,일요일,서울특별시 광진구 구의동,경상사고,0,0,2,0,차대차 - 기타,교차로운행방법위반,습기,비,교차로 - 교차로부근,승용,여,41-50세,상해없음,승용,남,31-40세,경상,2014,4
2014042700100555.2,2014년 4월,일요일,서울특별시 광진구 자양동,중상사고,0,1,0,0,차대사람 - 기타,안전운전불이행,습기,비,단일로 - 기타,승용,여,41-50세,상해없음,보행자,남,21-30세,중상,2014,4
2014040000000000.0,2014년 4월,일요일,서울특별시 광진구 화양동,경상사고,0,0,2,0,차대차 - 추돌,안전운전불이행,습기,비,교차로 - 교차로부근,승용,남,31-40세,상해없음,승용,남,21-30세,경상,2014,4
2014042800100196.8,2014년 4월,월요일,서울특별시 광진구 중곡동,경상사고,0,0,1,0,차대차 - 추돌,안전거리미확보,습기,비,단일로 - 기타,승용,남,51-60세,상해없음,승용,여,41-50세,경상,2014,4
2014042900100116.0,2014년 4월,화요일,서울특별시 광진구 광장동,경상사고,0,0,2,0,차대차 - 충돌,안전거리미확보,건조,맑음,교차로 - 교차로부근,승용,남,51-60세,상해없음,화물,남,31-40세,경상,2014,4
2014042900100147.2,2014년 4월,화요일,서울특별시 광진구 구의동,중상사고,0,1,0,0,차대사람 - 횡단중,안전운전불이행,건조,맑음,교차로 - 교차로부근,승합,남,51-60세,상해없음,보행자,남,65세 이상,중상,2014,4
2014042900100236.0,2014년 4월,화요일,서울특별시 광진구 군자동,경상사고,0,0,1,0,차대차 - 추돌,안전거리미확보,건조,맑음,단일로 - 기타,승용,남,51-60세,상해없음,원동기,남,21-30세,경상,2014,4
2014042900100356.0,2014년 4월,화요일,서울특별시 광진구 중곡동,경상사고,0,0,1,0,차대차 - 기타,안전운전불이행,건조,맑음,교차로 - 교차로안,승용,여,41-50세,상해없음,자전거,남,12세 이하,경상,2014,4
2014042900100624.8,2014년 4월,화요일,서울특별시 광진구 자양동,경상사고,0,0,2,0,차대차 - 충돌,신호위반,건조,흐림,교차로 - 교차로안,승용,여,51-60세,상해없음,승용,남,51-60세,경상,2014,4
2014040000000000.0,2014년 4월,수요일,서울특별시 광진구 화양동,경상사고,0,0,1,0,차대사람 - 횡단중,안전운전불이행,건조,맑음,단일로 - 기타,승용,남,51-60세,상해없음,보행자,여,21-30세,경상,2014,4
2014043000100058.0,2014년 4월,수요일,서울특별시 광진구 광장동,중상사고,0,1,1,0,차대차 - 추돌,안전거리미확보,건조,맑음,단일로 - 기타,승용,남,61-64세,상해없음,승용,남,41-50세,중상,2014,4
2014043000100128.8,2014년 4월,수요일,서울특별시 광진구 광장동,부상신고사고,0,0,0,1,차대차 - 기타,신호위반,건조,맑음,교차로 - 교차로부근,승용,남,61-64세,상해없음,이륜,남,21-30세,부상신고,2014,4
2014043000100200.8,2014년 4월,수요일,서울특별시 광진구 구의동,중상사고,0,1,0,0,차대차 - 충돌,안전운전불이행,건조,맑음,교차로 - 교차로안,자전거,여,41-50세,중상,승용,여,31-40세,상해없음,2014,4
2014043000100278.0,2014년 4월,수요일,서울특별시 광진구 군자동,중상사고,0,1,0,0,차대차 - 충돌,신호위반,건조,맑음,단일로 - 횡단보도상,승용,여,65세 이상,상해없음,이륜,남,41-50세,중상,2014,4
2014043000100556.8,2014년 4월,수요일,서울특별시 광진구 군자동,중상사고,0,1,1,0,차대차 - 충돌,안전운전불이행,건조,맑음,교차로 - 교차로부근,이륜,남,21-30세,중상,승용,남,51-60세,경상,2014,4
2014050100100022.0,2014년 5월,목요일,서울특별시 광진구 화양동,경상사고,0,0,2,1,차대차 - 기타,안전운전불이행,건조,맑음,단일로 - 기타,이륜,남,21-30세,부상신고,승용,남,41-50세,경상,2014,5
2014050100100398.0,2014년 5월,목요일,서울특별시 광진구 화양동,중상사고,0,1,0,0,차대차 - 추돌,안전운전불이행,건조,맑음,교차로 - 교차로부근,자전거,기타불명,기타불명,기타불명,자전거,여,61-64세,중상,2014,5
2014050100100399.2,2014년 5월,목요일,서울특별시 광진구 구의동,중상사고,0,1,0,0,차대차 - 추돌,안전거리미확보,건조,맑음,교차로 - 교차로부근,승용,남,21-30세,상해없음,승용,여,31-40세,상해없음,2014,5
2014050200100184.8,2014년 5월,금요일,서울특별시 광진구 자양동,경상사고,0,0,1,0,차대차 - 기타,신호위반,건조,맑음,교차로 - 교차로안,자전거,남,21-30세,경상,승용,여,51-60세,상해없음,2014,5
2014050200100318.0,2014년 5월,금요일,서울특별시 광진구 구의동,중상사고,0,1,0,0,차대사람 - 횡단중,보행자보호의무위반,건조,맑음,단일로 - 횡단보도상,원동기,여,41-50세,상해없음,보행자,여,41-50세,중상,2014,5
2014050200100406.0,2014년 5월,금요일,서울특별시 광진구 중곡동,중상사고,0,1,0,0,차대차 - 기타,교차로운행방법위반,습기,비,교차로 - 교차로안,기타불명,기타불명,기타불명,기타불명,원동기,남,65세 이상,중상,2014,5
2014050200100507.2,2014년 5월,금요일,서울특별시 광진구 자양동,중상사고,0,1,0,0,차대사람 - 길가장자리구역통행중,안전운전불이행,습기,흐림,단일로 - 기타,승용,남,31-40세,상해없음,보행자,남,51-60세,중상,2014,5
2014050200100648.0,2014년 5월,금요일,서울특별시 광진구 화양동,경상사고,0,0,1,0,차대차 - 추돌,기타,건조,맑음,교차로 - 교차로안,원동기,남,51-60세,경상,승합,남,51-60세,상해없음,2014,5
2014050200100675.2,2014년 5월,금요일,서울특별시 광진구 능동,경상사고,0,0,1,0,차대차 - 기타,안전거리미확보,건조,맑음,단일로 - 기타,승용,여,41-50세,상해없음,승용,남,31-40세,경상,2014,5
2014050300100060.8,2014년 5월,토요일,서울특별시 광진구 능동,경상사고,0,0,3,0,차대차 - 충돌,안전운전불이행,건조,맑음,단일로 - 기타,승용,남,41-50세,상해없음,승용,남,41-50세,경상,2014,5
2014050300100094.0,2014년 5월,토요일,서울특별시 광진구 자양동,경상사고,0,0,1,0,차대차 - 충돌,안전운전불이행,건조,맑음,단일로 - 횡단보도상,승용,남,41-50세,상해없음,승용,남,41-50세,상해없음,2014,5
2014050300100154.0,2014년 5월,토요일,서울특별시 광진구 군자동,중상사고,0,1,0,0,차대사람 - 횡단중,보행자보호의무위반,건조,맑음,단일로 - 횡단보도상,화물,남,41-50세,상해없음,보행자,남,65세 이상,중상,2014,5
2014050300100268.8,2014년 5월,토요일,서울특별시 광진구 자양동,경상사고,0,0,2,0,차대차 - 기타,차로위반,건조,맑음,단일로 - 횡단보도부근,화물,남,41-50세,상해없음,승용,여,31-40세,경상,2014,5
2014050300100311.2,2014년 5월,토요일,서울특별시 광진구 자양동,경상사고,0,0,1,0,차대차 - 충돌,기타,건조,맑음,단일로 - 기타,승용,남,51-60세,상해없음,원동기,남,13-20세,경상,2014,5
2014050300100491.2,2014년 5월,토요일,서울특별시 광진구 광장동,경상사고,0,0,2,0,차대차 - 기타,안전운전불이행,건조,맑음,단일로 - 기타,승합,남,41-50세,상해없음,승용,남,51-60세,상해없음,2014,5
2014050300100583.2,2014년 5월,토요일,서울특별시 광진구 중곡동,경상사고,0,0,1,0,차대사람 - 기타,안전운전불이행,건조,맑음,단일로 - 기타,승용,여,21-30세,상해없음,보행자,남,31-40세,경상,2014,5
2014050300100615.2,2014년 5월,토요일,서울특별시 광진구 구의동,경상사고,0,0,1,0,차대차 - 충돌,안전운전불이행,기타,맑음,단일로 - 기타,승용,남,65세 이상,상해없음,원동기,남,61-64세,경상,2014,5
2014050400100159.2,2014년 5월,일요일,서울특별시 광진구 구의동,경상사고,0,0,1,0,차대차 - 추돌,안전거리미확보,건조,맑음,단일로 - 기타,승용,남,51-60세,상해없음,승용,여,51-60세,경상,2014,5
2014050000000000.0,2014년 5월,일요일,서울특별시 광진구 자양동,중상사고,0,1,1,0,차대사람 - 기타,안전운전불이행,습기,비,단일로 - 기타,자전거,남,31-40세,경상,보행자,여,41-50세,중상,2014,5
2014050400100352.8,2014년 5월,일요일,서울특별시 광진구 화양동,중상사고,0,1,0,0,차대차 - 충돌,신호위반,건조,맑음,단일로 - 기타,승용,남,31-40세,상해없음,원동기,남,21-30세,중상,2014,5
2014050500100018.0,2014년 5월,월요일,서울특별시 광진구 군자동,부상신고사고,0,0,0,1,차대차 - 기타,중앙선침범,건조,맑음,단일로 - 기타,승용,남,21-30세,상해없음,원동기,남,21-30세,부상신고,2014,5
2014050500100103.2,2014년 5월,월요일,서울특별시 광진구 군자동,중상사고,0,1,0,0,차대사람 - 횡단중,신호위반,건조,맑음,교차로 - 교차로안,승용,남,51-60세,상해없음,보행자,여,41-50세,중상,2014,5
2014050600100048.0,2014년 5월,화요일,서울특별시 광진구 구의동,경상사고,0,0,1,0,차대차 - 기타,신호위반,건조,맑음,단일로 - 기타,승용,남,41-50세,경상,승용,여,21-30세,상해없음,2014,5
2014050600100048.8,2014년 5월,화요일,서울특별시 광진구 중곡동,경상사고,0,0,1,0,차대차 - 추돌,안전거리미확보,건조,맑음,교차로 - 교차로부근,승용,남,51-60세,상해없음,승용,남,61-64세,경상,2014,5
2014050600100204.0,2014년 5월,화요일,서울특별시 광진구 구의동,중상사고,0,1,0,0,차대사람 - 기타,신호위반,건조,맑음,단일로 - 기타,자전거,여,41-50세,상해없음,보행자,남,12세 이하,중상,2014,5
2014050600100204.8,2014년 5월,화요일,서울특별시 광진구 화양동,중상사고,0,1,0,0,차대차 - 기타,안전운전불이행,건조,맑음,단일로 - 기타,승용,남,41-50세,상해없음,원동기,남,21-30세,중상,2014,5
2014050600100335.2,2014년 5월,화요일,서울특별시 광진구 자양동,중상사고,0,1,0,0,차대사람 - 기타,안전운전불이행,건조,맑음,단일로 - 기타,자전거,남,20세 이하,중상,보행자,여,21-30세,상해없음,2014,5
2014050700100002.0,2014년 5월,수요일,서울특별시 광진구 자양동,경상사고,0,0,1,0,차대차 - 기타,신호위반,건조,맑음,교차로 - 교차로안,이륜,남,31-40세,상해없음,승용,남,51-60세,상해없음,2014,5
2014050700100288.0,2014년 5월,수요일,서울특별시 광진구 광장동,중상사고,0,1,0,0,차대차 - 추돌,중앙선침범,건조,맑음,단일로 - 기타,원동기,남,31-40세,중상,승용,남,51-60세,상해없음,2014,5
2014050700100360.8,2014년 5월,수요일,서울특별시 광진구 구의동,중상사고,0,1,0,0,차대차 - 충돌,불법유턴,건조,맑음,단일로 - 기타,자전거,남,51-60세,중상,승용,남,65세 이상,상해없음,2014,5
2014050800100036.8,2014년 5월,목요일,서울특별시 광진구 광장동,경상사고,0,0,2,0,차대차 - 기타,신호위반,건조,맑음,단일로 - 기타,승용,남,21-30세,상해없음,승용,남,51-60세,경상,2014,5
2014050800100082.0,2014년 5월,목요일,서울특별시 광진구 자양동,중상사고,0,1,0,0,차대차 - 추돌,안전운전불이행,습기,비,단일로 - 교량,승합,남,61-64세,상해없음,화물,남,51-60세,중상,2014,5
2014050800100394.0,2014년 5월,목요일,서울특별시 광진구 구의동,경상사고,0,0,1,0,차대차 - 기타,안전운전불이행,건조,맑음,단일로 - 기타,승용,남,21-30세,상해없음,이륜,남,51-60세,경상,2014,5
2014050000000000.0,2014년 5월,목요일,서울특별시 광진구 화양동,경상사고,0,0,1,0,차대차 - 추돌,기타,건조,맑음,단일로 - 기타,승용,남,61-64세,상해없음,승용,남,21-30세,기타불명,2014,5
2014050900100000.8,2014년 5월,금요일,서울특별시 광진구 능동,부상신고사고,0,0,0,1,차대차 - 기타,신호위반,건조,맑음,교차로 - 교차로안,원동기,남,20세 이하,부상신고,승용,남,41-50세,상해없음,2014,5
2014050900100002.0,2014년 5월,금요일,서울특별시 광진구 자양동,중상사고,0,1,1,0,차대차 - 충돌,안전운전불이행,건조,맑음,단일로 - 기타,자전거,여,21-30세,경상,자전거,여,51-60세,중상,2014,5
2014050900100052.0,2014년 5월,금요일,서울특별시 광진구 중곡동,경상사고,0,0,1,0,차대차 - 충돌,중앙선침범,건조,맑음,단일로 - 기타,승용,남,51-60세,상해없음,승용,남,51-60세,상해없음,2014,5
2014050900100144.0,2014년 5월,금요일,서울특별시 광진구 군자동,경상사고,0,0,3,0,차대차 - 기타,신호위반,건조,맑음,단일로 - 횡단보도부근,승용,여,31-40세,경상,승용,남,41-50세,경상,2014,5
2014050900100216.0,2014년 5월,금요일,서울특별시 광진구 군자동,경상사고,0,0,1,0,차대차 - 기타,중앙선침범,건조,맑음,단일로 - 기타,화물,남,21-30세,상해없음,이륜,남,21-30세,경상,2014,5
2014051000100002.0,2014년 5월,토요일,서울특별시 광진구 구의동,경상사고,0,0,1,0,차대사람 - 기타,신호위반,건조,맑음,단일로 - 기타,승용,남,31-40세,상해없음,보행자,여,41-50세,경상,2014,5
2014051000100075.2,2014년 5월,토요일,서울특별시 광진구 자양동,중상사고,0,2,0,0,차대차 - 기타,안전거리미확보,건조,맑음,단일로 - 기타,승용,남,51-60세,기타불명,원동기,남,13-20세,중상,2014,5
2014051000100132.8,2014년 5월,토요일,서울특별시 광진구 자양동,중상사고,0,1,0,0,차대사람 - 기타,신호위반,건조,맑음,단일로 - 기타,원동기,남,20세 이하,상해없음,보행자,여,61-64세,중상,2014,5