사고번호,발생년월,요일,시군구,사고내용,사망자수,중상자수,경상자수,부상신고자수,사고유형,법규위반,노면상태,기상상태,도로형태,가해운전자 차종,가해운전자 성별,가해운전자 연령대,가해운전자 상해정도,피해운전자 차종,피해운전자 성별,피해운전자 연령대,피해운전자 상해정도,발생년도,발생월
2014070500100032.0,2014년 7월,토요일,서울특별시 광진구 구의동,경상사고,0,0,1,0,차대차 - 기타,안전운전불이행,건조,맑음,단일로 - 기타,승용,남,31-40세,상해없음,승용,여,21-30세,경상,2014,7
2014070500100087.2,2014년 7월,토요일,서울특별시 광진구 구의동,경상사고,0,0,3,0,차대차 - 기타,신호위반,건조,맑음,단일로 - 기타,승용,남,65세 이상,상해없음,승용,남,51-60세,경상,2014,7
2014070500100155.2,2014년 7월,토요일,서울특별시 광진구 자양동,경상사고,0,0,1,0,차대차 - 추돌,안전운전불이행,건조,맑음,교차로 - 교차로안,승용,남,21-30세,상해없음,승용,남,31-40세,경상,2014,7
2014070000000000.0,2014년 7월,토요일,서울특별시 광진구 화양동,부상신고사고,0,0,0,2,차대차 - 추돌,안전운전불이행,건조,맑음,단일로 - 기타,승용,남,65세 이상,상해없음,승용,여,41-50세,기타불명,2014,7
2014070500100436.8,2014년 7월,토요일,서울특별시 광진구 구의동,중상사고,0,1,0,0,차대사람 - 기타,안전운전불이행,건조,맑음,교차로 - 교차로안,승용,남,41-50세,상해없음,보행자,여,41-50세,중상,2014,7
2014070500100438.0,2014년 7월,토요일,서울특별시 광진구 중곡동,경상사고,0,0,1,0,차대차 - 추돌,안전운전불이행,건조,맑음,단일로 - 기타,승용,여,41-50세,상해없음,자전거,남,21-30세,경상,2014,7
2014070500100528.0,2014년 7월,토요일,서울특별시 광진구 중곡동,경상사고,0,0,5,1,차대차 - 추돌,안전거리미확보,건조,맑음,단일로 - 기타,이륜,남,41-50세,상해없음,승용,남,41-50세,경상,2014,7
2014070500100528.8,2014년 7월,토요일,서울특별시 광진구 화양동,부상신고사고,0,0,0,1,차대차 - 기타,안전운전불이행,건조,맑음,단일로 - 횡단보도부근,자전거,남,21-30세,부상신고,승용,남,41-50세,상해없음,2014,7
2014070600100018.0,2014년 7월,일요일,서울특별시 광진구 중곡동,경상사고,0,0,2,0,차대차 - 추돌,안전운전불이행,건조,맑음,교차로 - 교차로부근,승용,남,31-40세,상해없음,승용,남,21-30세,경상,2014,7
2014070600100363.2,2014년 7월,일요일,서울특별시 광진구 군자동,경상사고,0,0,1,0,차대차 - 추돌,안전거리미확보,건조,맑음,교차로 - 교차로부근,승합,남,51-60세,상해없음,승용,남,61-64세,상해없음,2014,7
2014070600100435.2,2014년 7월,일요일,서울특별시 광진구 자양동,경상사고,0,0,1,0,차대사람 - 기타,안전운전불이행,건조,맑음,단일로 - 기타,승용,남,65세 이상,상해없음,보행자,남,41-50세,경상,2014,7
2014070600100496.0,2014년 7월,일요일,서울특별시 광진구 군자동,경상사고,0,0,1,0,차대사람 - 기타,안전운전불이행,건조,맑음,단일로 - 기타,승용,남,41-50세,상해없음,보행자,여,13-20세,경상,2014,7
2014070700100156.8,2014년 7월,월요일,서울특별시 광진구 자양동,경상사고,0,0,1,0,차대차 - 충돌,안전운전불이행,건조,맑음,교차로 - 교차로부근,승용,남,51-60세,상해없음,원동기,남,21-30세,경상,2014,7
2014070700100335.2,2014년 7월,월요일,서울특별시 광진구 자양동,중상사고,0,1,1,0,차대차 - 충돌,안전운전불이행,건조,맑음,교차로 - 교차로부근,화물,남,51-60세,상해없음,자전거,여,41-50세,중상,2014,7
2014070800100092.0,2014년 7월,화요일,서울특별시 광진구 구의동,경상사고,0,0,1,0,차대사람 - 기타,안전운전불이행,건조,맑음,교차로 - 교차로안,승용,여,41-50세,상해없음,보행자,여,13-20세,경상,2014,7
2014070800100252.8,2014년 7월,화요일,서울특별시 광진구 자양동,경상사고,0,0,2,0,차대차 - 충돌,중앙선침범,건조,맑음,교차로 - 교차로부근,원동기,남,31-40세,경상,승용,남,21-30세,경상,2014,7
2014070800100282.0,2014년 7월,화요일,서울특별시 광진구 광장동,중상사고,0,1,0,0,차대사람 - 기타,안전운전불이행,건조,흐림,미분류 - 미분류,승용,남,31-40세,상해없음,보행자,남,61-64세,중상,2014,7
2014070800100318.0,2014년 7월,화요일,서울특별시 광진구 자양동,경상사고,0,0,1,0,차대차 - 충돌,신호위반,건조,맑음,교차로 - 교차로안,화물,남,41-50세,상해없음,자전거,남,51-60세,경상,2014,7
2014070800100638.0,2014년 7월,화요일,서울특별시 광진구 군자동,중상사고,0,1,0,0,차대사람 - 횡단중,안전운전불이행,건조,맑음,단일로 - 횡단보도부근,승용,남,41-50세,상해없음,보행자,여,41-50세,중상,2014,7
2014070800100639.2,2014년 7월,화요일,서울특별시 광진구 자양동,중상사고,0,2,1,0,차대차 - 기타,신호위반,건조,맑음,교차로 - 교차로안,이륜,남,31-40세,중상,승용,여,51-60세,중상,2014,7
2014070000000000.0,2014년 7월,화요일,서울특별시 광진구 구의동,경상사고,0,0,2,0,차대사람 - 횡단중,신호위반,습기,흐림,단일로 - 횡단보도상,승용,남,65세 이상,상해없음,보행자,남,21-30세,경상,2014,7
2014070900100002.0,2014년 7월,수요일,서울특별시 광진구 화양동,중상사고,0,1,2,0,차대차 - 기타,안전운전불이행,습기,흐림,교차로 - 교차로안,원동기,남,21-30세,경상,원동기,남,41-50세,중상,2014,7
2014070900100199.2,2014년 7월,수요일,서울특별시 광진구 중곡동,중상사고,0,1,0,0,차대차 - 충돌,직진우회전진행방해,건조,맑음,교차로 - 교차로안,승용,남,31-40세,상해없음,원동기,남,51-60세,중상,2014,7
2014070900100483.2,2014년 7월,수요일,서울특별시 광진구 구의동,중상사고,0,1,0,0,차대차 - 기타,안전운전불이행,건조,맑음,단일로 - 횡단보도상,화물,남,31-40세,상해없음,자전거,여,65세 이상,중상,2014,7
2014070900100484.0,2014년 7월,수요일,서울특별시 광진구 중곡동,중상사고,0,1,0,0,차대차 - 추돌,안전운전불이행,건조,맑음,단일로 - 기타,승용,여,51-60세,상해없음,자전거,남,41-50세,중상,2014,7
2014070900100519.2,2014년 7월,수요일,서울특별시 광진구 화양동,중상사고,0,1,0,0,차대사람 - 기타,안전운전불이행,건조,맑음,단일로 - 기타,승용,남,31-40세,상해없음,보행자,남,41-50세,중상,2014,7
2014070900100546.0,2014년 7월,수요일,서울특별시 광진구 중곡동,중상사고,0,1,1,0,차대사람 - 기타,안전운전불이행,건조,맑음,단일로 - 기타,이륜,남,41-50세,경상,보행자,남,13-20세,중상,2014,7
2014071000100184.0,2014년 7월,목요일,서울특별시 광진구 군자동,중상사고,0,1,0,0,차대차 - 추돌,안전운전불이행,건조,맑음,단일로 - 기타,원동기,여,21-30세,중상,승합,남,31-40세,상해없음,2014,7
2014071000100464.0,2014년 7월,목요일,서울특별시 광진구 중곡동,경상사고,0,0,1,1,차대차 - 기타,직진우회전진행방해,건조,맑음,교차로 - 교차로안,자전거,남,20세 이하,경상,자전거,남,13-20세,부상신고,2014,7
2014071000100464.8,2014년 7월,목요일,서울특별시 광진구 구의동,경상사고,0,0,1,0,차대차 - 기타,안전운전불이행,건조,맑음,교차로 - 교차로부근,자전거,남,65세 이상,경상,승용,남,41-50세,상해없음,2014,7
2014071000100626.0,2014년 7월,목요일,서울특별시 광진구 자양동,부상신고사고,0,0,0,1,차대사람 - 기타,안전운전불이행,건조,맑음,교차로 - 교차로부근,승합,남,31-40세,상해없음,보행자,여,31-40세,부상신고,2014,7
2014071100100228.0,2014년 7월,금요일,서울특별시 광진구 구의동,중상사고,0,1,0,0,차대사람 - 횡단중,안전운전불이행,건조,맑음,단일로 - 기타,승용,남,31-40세,상해없음,보행자,여,13-20세,중상,2014,7
2014071100100439.2,2014년 7월,금요일,서울특별시 광진구 중곡동,중상사고,0,1,0,0,차대사람 - 횡단중,안전운전불이행,건조,맑음,교차로 - 교차로안,화물,남,41-50세,상해없음,보행자,여,31-40세,중상,2014,7
2014071100100724.0,2014년 7월,금요일,서울특별시 광진구 자양동,경상사고,0,0,1,0,차대사람 - 횡단중,보행자보호의무위반,건조,맑음,단일로 - 횡단보도상,승용,남,21-30세,상해없음,보행자,남,31-40세,경상,2014,7
2014071100100724.8,2014년 7월,금요일,서울특별시 광진구 중곡동,부상신고사고,0,0,0,5,차대차 - 기타,중앙선침범,건조,맑음,교차로 - 교차로부근,승용,남,65세 이상,상해없음,승용,남,31-40세,상해없음,2014,7
2014071200100122.0,2014년 7월,토요일,서울특별시 광진구 광장동,중상사고,0,1,0,0,차대차 - 충돌,중앙선침범,건조,맑음,교차로 - 교차로부근,승용,남,21-30세,상해없음,승용,여,41-50세,중상,2014,7
2014071200100206.0,2014년 7월,토요일,서울특별시 광진구 광장동,중상사고,0,1,0,0,차대차 - 기타,안전운전불이행,건조,맑음,교차로 - 교차로안,기타불명,기타불명,기타불명,기타불명,승합,남,51-60세,기타불명,2014,7
2014071200100442.0,2014년 7월,토요일,서울특별시 광진구 광장동,중상사고,0,1,0,0,차량단독 - 기타,기타,건조,맑음,단일로 - 기타,승합,남,51-60세,상해없음,,,,,2014,7
2014071200100464.8,2014년 7월,토요일,서울특별시 광진구 중곡동,중상사고,0,1,0,0,차대차 - 기타,기타,건조,맑음,단일로 - 기타,승용,남,51-60세,상해없음,원동기,남,31-40세,중상,2014,7
2014071200100466.0,2014년 7월,토요일,서울특별시 광진구 군자동,경상사고,0,0,2,0,차대차 - 기타,기타,건조,맑음,단일로 - 기타,승용,남,41-50세,상해없음,원동기,남,13-20세,경상,2014,7
2014071300100056.8,2014년 7월,일요일,서울특별시 광진구 화양동,경상사고,0,0,1,0,차대차 - 충돌,안전운전불이행,건조,맑음,단일로 - 기타,승용,남,21-30세,상해없음,승용,남,51-60세,경상,2014,7
2014071300100184.0,2014년 7월,일요일,서울특별시 광진구 광장동,부상신고사고,0,0,0,1,차대차 - 추돌,안전운전불이행,건조,맑음,교차로 - 교차로부근,승용,남,41-50세,상해없음,승용,여,41-50세,부상신고,2014,7
2014070000000000.0,2014년 7월,일요일,서울특별시 광진구 자양동,중상사고,0,1,0,0,차대차 - 기타,안전운전불이행,건조,맑음,교차로 - 교차로안,승용,남,31-40세,상해없음,원동기,남,41-50세,중상,2014,7
2014071300100426.0,2014년 7월,일요일,서울특별시 광진구 자양동,부상신고사고,0,0,0,1,차대사람 - 기타,안전운전불이행,건조,흐림,단일로 - 기타,자전거,남,51-60세,상해없음,보행자,여,12세 이하,부상신고,2014,7
2014071400100446.0,2014년 7월,월요일,서울특별시 광진구 구의동,중상사고,0,2,4,5,차대차 - 기타,신호위반,건조,맑음,교차로 - 교차로안,승용,남,41-50세,상해없음,승합,여,41-50세,중상,2014,7
2014070000000000.0,2014년 7월,월요일,서울특별시 광진구 중곡동,중상사고,0,1,2,0,차대차 - 추돌,차로위반,건조,맑음,단일로 - 기타,승용,남,21-30세,상해없음,승용,여,21-30세,경상,2014,7
2014071400100571.2,2014년 7월,월요일,서울특별시 광진구 화양동,경상사고,0,0,1,0,차대사람 - 차도통행중,안전운전불이행,건조,맑음,단일로 - 기타,승용,남,20세 이하,상해없음,보행자,남,51-60세,경상,2014,7
2014071500100052.8,2014년 7월,화요일,서울특별시 광진구 중곡동,중상사고,0,1,0,0,차대차 - 기타,차로위반,건조,맑음,교차로 - 교차로부근,승용,기타불명,기타불명,기타불명,원동기,남,31-40세,중상,2014,7
2014071500100147.2,2014년 7월,화요일,서울특별시 광진구 자양동,경상사고,0,0,1,0,차대차 - 추돌,안전거리미확보,건조,맑음,단일로 - 기타,승용,여,31-40세,상해없음,승용,여,41-50세,경상,2014,7
2014071500100179.2,2014년 7월,화요일,서울특별시 광진구 화양동,중상사고,0,1,0,0,차대차 - 추돌,안전거리미확보,건조,맑음,교차로 - 교차로부근,승용,남,51-60세,상해없음,승용,여,61-64세,중상,2014,7
2014071500100407.2,2014년 7월,화요일,서울특별시 광진구 광장동,중상사고,0,1,0,0,차대차 - 충돌,안전운전불이행,건조,맑음,교차로 - 교차로안,승용,남,31-40세,상해없음,자전거,남,12세 이하,중상,2014,7
2014071500100578.0,2014년 7월,화요일,서울특별시 광진구 자양동,중상사고,0,1,0,0,차대사람 - 기타,안전운전불이행,건조,맑음,단일로 - 기타,자전거,여,41-50세,중상,보행자,여,21-30세,상해없음,2014,7
2014071600100568.8,2014년 7월,수요일,서울특별시 광진구 자양동,경상사고,0,0,1,0,차대차 - 기타,안전운전불이행,건조,맑음,단일로 - 기타,승용,남,41-50세,상해없음,자전거,여,21-30세,경상,2014,7
2014071700100074.0,2014년 7월,목요일,서울특별시 광진구 자양동,중상사고,0,1,0,0,차대차 - 충돌,안전운전불이행,건조,맑음,단일로 - 기타,자전거,남,51-60세,상해없음,자전거,남,51-60세,중상,2014,7
2014071700100115.2,2014년 7월,목요일,서울특별시 광진구 자양동,부상신고사고,0,0,0,1,차대차 - 충돌,중앙선침범,건조,맑음,단일로 - 기타,이륜,남,20세 이하,부상신고,승용,여,31-40세,상해없음,2014,7
2014071700100116.0,2014년 7월,목요일,서울특별시 광진구 중곡동,경상사고,0,0,1,0,차대사람 - 기타,신호위반,건조,맑음,단일로 - 기타,승용,남,51-60세,상해없음,보행자,여,13-20세,경상,2014,7
2014071800100068.0,2014년 7월,금요일,서울특별시 광진구 능동,경상사고,0,0,1,0,차대차 - 추돌,안전거리미확보,습기,비,교차로 - 교차로부근,승용,남,41-50세,상해없음,승용,남,65세 이상,경상,2014,7
2014070000000000.0,2014년 7월,금요일,서울특별시 광진구 중곡동,경상사고,0,0,1,0,차대차 - 기타,안전운전불이행,습기,흐림,단일로 - 기타,원동기,남,51-60세,경상,승용,남,51-60세,상해없음,2014,7
2014071800100128.0,2014년 7월,금요일,서울특별시 광진구 중곡동,중상사고,0,1,2,0,차대차 - 추돌,중앙선침범,건조,맑음,교차로 - 교차로안,승용,남,41-50세,경상,승용,남,31-40세,상해없음,2014,7
2014071800100195.2,2014년 7월,금요일,서울특별시 광진구 중곡동,중상사고,0,1,0,0,차대사람 - 기타,안전운전불이행,건조,맑음,단일로 - 기타,화물,남,31-40세,상해없음,보행자,남,65세 이상,중상,2014,7
2014071800100432.8,2014년 7월,금요일,서울특별시 광진구 광장동,중상사고,0,1,0,0,차대차 - 기타,기타,건조,맑음,단일로 - 기타,승용,남,41-50세,상해없음,원동기,여,65세 이상,중상,2014,7
2014071800100534.0,2014년 7월,금요일,서울특별시 광진구 광장동,경상사고,0,0,4,0,차대차 - 추돌,안전거리미확보,건조,맑음,단일로 - 기타,승용,남,21-30세,상해없음,승용,남,31-40세,경상,2014,7
2014071900100056.8,2014년 7월,토요일,서울특별시 광진구 화양동,중상사고,0,1,2,0,차대차 - 충돌,신호위반,건조,맑음,교차로 - 교차로안,승용,남,51-60세,경상,승용,남,65세 이상,중상,2014,7
2014071900100140.8,2014년 7월,토요일,서울특별시 광진구 자양동,경상사고,0,0,2,0,차대차 - 추돌,안전거리미확보,건조,맑음,단일로 - 기타,승용,남,41-50세,상해없음,승용,여,51-60세,경상,2014,7
2014071900100256.8,2014년 7월,토요일,서울특별시 광진구 중곡동,중상사고,0,1,0,0,차대사람 - 기타,안전운전불이행,건조,맑음,단일로 - 기타,자전거,남,20세 이하,상해없음,보행자,여,65세 이상,중상,2014,7
2014071900100331.2,2014년 7월,토요일,서울특별시 광진구 군자동,부상신고사고,0,0,0,1,차대차 - 충돌,안전운전불이행,건조,맑음,단일로 - 기타,승용,남,51-60세,상해없음,자전거,남,41-50세,부상신고,2014,7
2014071900100392.0,2014년 7월,토요일,서울특별시 광진구 광장동,경상사고,0,0,1,0,차대차 - 추돌,안전거리미확보,건조,맑음,단일로 - 교량,승합,남,21-30세,상해없음,승합,남,21-30세,상해없음,2014,7
2014071900100439.2,2014년 7월,토요일,서울특별시 광진구 중곡동,경상사고,0,0,1,0,차대차 - 기타,신호위반,건조,맑음,교차로 - 교차로안,승용,남,65세 이상,상해없음,원동기,남,21-30세,경상,2014,7
2014071900100502.0,2014년 7월,토요일,서울특별시 광진구 자양동,중상사고,0,1,0,0,차대차 - 기타,안전운전불이행,건조,맑음,단일로 - 기타,승용,여,31-40세,상해없음,원동기,남,13-20세,중상,2014,7
2014071900100503.2,2014년 7월,토요일,서울특별시 광진구 자양동,경상사고,0,0,1,0,차대차 - 추돌,안전운전불이행,건조,맑음,단일로 - 기타,원동기,남,20세 이하,상해없음,원동기,남,21-30세,경상,2014,7
2014071900100575.2,2014년 7월,토요일,서울특별시 광진구 군자동,부상신고사고,0,0,0,1,차대차 - 기타,중앙선침범,건조,맑음,단일로 - 기타,원동기,남,21-30세,부상신고,승용,남,21-30세,상해없음,2014,7
2014072000100004.0,2014년 7월,일요일,서울특별시 광진구 화양동,경상사고,0,0,1,0,차대사람 - 기타,안전운전불이행,건조,맑음,단일로 - 기타,승용,남,31-40세,상해없음,보행자,남,13-20세,경상,2014,7
2014072000100004.8,2014년 7월,일요일,서울특별시 광진구 자양동,경상사고,0,0,1,1,차대차 - 기타,안전운전불이행,건조,맑음,단일로 - 기타,승용,남,51-60세,상해없음,원동기,남,13-20세,경상,2014,7
2014072100100035.2,2014년 7월,월요일,서울특별시 광진구 구의동,중상사고,0,1,0,1,차대차 - 충돌,신호위반,건조,맑음,교차로 - 교차로안,승용,남,21-30세,부상신고,승용,남,51-60세,중상,2014,7
2014072100100176.0,2014년 7월,월요일,서울특별시 광진구 구의동,경상사고,0,0,1,0,차대차 - 추돌,안전운전불이행,건조,맑음,단일로 - 기타,화물,남,21-30세,상해없음,승용,남,51-60세,상해없음,2014,7
2014072200100027.2,2014년 7월,화요일,서울특별시 광진구 군자동,경상사고,0,0,2,0,차대차 - 충돌,신호위반,습기,비,교차로 - 교차로안,승용,남,65세 이상,상해없음,승용,남,41-50세,경상,2014,7
2014072200100066.0,2014년 7월,화요일,서울특별시 광진구 광장동,경상사고,0,0,1,0,차대차 - 기타,안전운전불이행,건조,맑음,교차로 - 교차로부근,승용,남,21-30세,상해없음,승용,여,41-50세,경상,2014,7
2014072200100139.2,2014년 7월,화요일,서울특별시 광진구 자양동,중상사고,0,1,0,0,차대차 - 추돌,안전운전불이행,건조,맑음,단일로 - 기타,화물,남,41-50세,상해없음,승용,남,21-30세,중상,2014,7
2014072200100240.8,2014년 7월,화요일,서울특별시 광진구 자양동,부상신고사고,0,0,0,1,차대차 - 기타,안전운전불이행,건조,맑음,단일로 - 기타,자전거,남,65세 이상,부상신고,승용,남,51-60세,상해없음,2014,7
2014072200100267.2,2014년 7월,화요일,서울특별시 광진구 자양동,경상사고,0,0,1,0,차대차 - 충돌,교차로운행방법위반,건조,맑음,교차로 - 교차로안,자전거,남,65세 이상,경상,원동기,남,13-20세,상해없음,2014,7
2014072200100527.2,2014년 7월,화요일,서울특별시 광진구 군자동,부상신고사고,0,0,0,1,차대차 - 충돌,안전운전불이행,건조,맑음,단일로 - 기타,이륜,남,21-30세,부상신고,승용,남,61-64세,상해없음,2014,7
2014072300100088.8,2014년 7월,수요일,서울특별시 광진구 자양동,경상사고,0,0,1,0,차량단독 - 충돌,안전운전불이행,습기,비,단일로 - 기타,승용,남,51-60세,상해없음,,,,,2014,7
2014072300100104.8,2014년 7월,수요일,서울특별시 광진구 구의동,중상사고,0,1,0,0,차대사람 - 기타,안전운전불이행,습기,비,단일로 - 기타,자전거,기타불명,기타불명,기타불명,보행자,남,21-30세,중상,2014,7
2014072300100204.8,2014년 7월,수요일,서울특별시 광진구 광장동,중상사고,0,1,0,0,차대차 - 충돌,안전운전불이행,건조,맑음,기타 - 기타,승용,여,51-60세,상해없음,승용,남,41-50세,중상,2014,7
2014072300100227.2,2014년 7월,수요일,서울특별시 광진구 군자동,경상사고,0,0,2,0,차대차 - 충돌,안전운전불이행,건조,맑음,단일로 - 기타,원동기,남,51-60세,상해없음,승용,여,51-60세,경상,2014,7
2014072300100524.8,2014년 7월,수요일,서울특별시 광진구 중곡동,경상사고,0,0,1,0,차대사람 - 횡단중,안전운전불이행,건조,맑음,단일로 - 기타,승용,남,41-50세,상해없음,보행자,여,65세 이상,경상,2014,7
2014070000000000.0,2014년 7월,수요일,서울특별시 광진구 화양동,부상신고사고,0,0,0,1,차대차 - 충돌,안전운전불이행,건조,맑음,단일로 - 기타,승용,남,41-50세,상해없음,승용,남,51-60세,상해없음,2014,7
2014070000000000.0,2014년 7월,목요일,서울특별시 광진구 구의동,부상신고사고,0,0,0,1,차대차 - 추돌,안전운전불이행,건조,맑음,교차로 - 교차로부근,승용,남,31-40세,상해없음,승용,남,21-30세,부상신고,2014,7
2014072400100068.0,2014년 7월,목요일,서울특별시 광진구 자양동,경상사고,0,0,1,0,차대차 - 추돌,안전운전불이행,습기,맑음,단일로 - 기타,승용,남,21-30세,상해없음,승용,남,41-50세,경상,2014,7
2014072400100138.0,2014년 7월,목요일,서울특별시 광진구 자양동,경상사고,0,0,1,0,차대차 - 추돌,안전운전불이행,건조,맑음,단일로 - 기타,승용,남,51-60세,상해없음,승용,여,41-50세,경상,2014,7
2014072400100266.0,2014년 7월,목요일,서울특별시 광진구 중곡동,경상사고,0,0,1,0,차대사람 - 기타,안전운전불이행,건조,맑음,단일로 - 기타,승합,남,65세 이상,상해없음,보행자,여,65세 이상,경상,2014,7
2014070000000000.0,2014년 7월,목요일,서울특별시 광진구 군자동,중상사고,0,1,0,0,차대사람 - 횡단중,기타,습기,비,단일로 - 기타,승용,남,51-60세,상해없음,보행자,남,41-50세,중상,2014,7
2014072400100660.8,2014년 7월,목요일,서울특별시 광진구 군자동,경상사고,0,0,1,0,차대차 - 기타,차로위반,건조,맑음,단일로 - 기타,원동기,남,21-30세,경상,승용,남,61-64세,상해없음,2014,7
2014072500100108.0,2014년 7월,금요일,서울특별시 광진구 자양동,경상사고,0,0,3,0,차대차 - 기타,안전운전불이행,건조,맑음,단일로 - 기타,승용,남,41-50세,상해없음,승용,남,65세 이상,경상,2014,7
2014072500100276.8,2014년 7월,금요일,서울특별시 광진구 광장동,경상사고,0,0,2,2,차대차 - 충돌,중앙선침범,건조,맑음,단일로 - 기타,승용,여,41-50세,경상,승용,여,31-40세,경상,2014,7
2014072500100499.2,2014년 7월,금요일,서울특별시 광진구 중곡동,부상신고사고,0,0,0,1,차대차 - 기타,교차로운행방법위반,건조,맑음,교차로 - 교차로부근,자전거,남,20세 이하,부상신고,승용,남,65세 이상,상해없음,2014,7
2014072500100647.2,2014년 7월,금요일,서울특별시 광진구 중곡동,경상사고,0,0,1,0,차대차 - 충돌,안전운전불이행,습기,비,단일로 - 기타,승용,남,51-60세,상해없음,승용,남,31-40세,경상,2014,7
2014072500100748.8,2014년 7월,금요일,서울특별시 광진구 중곡동,경상사고,0,0,3,0,차대차 - 충돌,안전운전불이행,습기,흐림,교차로 - 교차로안,승용,남,51-60세,상해없음,승용,남,51-60세,경상,2014,7
2014072600100036.8,2014년 7월,토요일,서울특별시 광진구 화양동,경상사고,0,0,1,0,차대차 - 추돌,안전운전불이행,습기,비,단일로 - 기타,승용,남,21-30세,상해없음,승용,남,51-60세,경상,2014,7
2014072600100228.0,2014년 7월,토요일,서울특별시 광진구 중곡동,중상사고,0,1,0,0,차대차 - 기타,안전운전불이행,건조,맑음,단일로 - 기타,승용,남,61-64세,상해없음,승용,남,21-30세,상해없음,2014,7
2014072600100316.0,2014년 7월,토요일,서울특별시 광진구 화양동,부상신고사고,0,0,0,1,차대사람 - 기타,안전운전불이행,건조,맑음,단일로 - 기타,승용,남,21-30세,상해없음,보행자,여,41-50세,부상신고,2014,7
2014072600100463.2,2014년 7월,토요일,서울특별시 광진구 자양동,중상사고,0,1,0,0,차대차 - 충돌,신호위반,건조,맑음,교차로 - 교차로안,승용,남,41-50세,상해없음,원동기,남,21-30세,중상,2014,7
2014072600100619.2,2014년 7월,토요일,서울특별시 광진구 자양동,중상사고,0,2,0,0,차대차 - 충돌,중앙선침범,건조,맑음,단일로 - 기타,승용,남,41-50세,상해없음,원동기,남,21-30세,중상,2014,7
2014070000000000.0,2014년 7월,토요일,서울특별시 광진구 구의동,경상사고,0,0,1,0,차대사람 - 기타,안전운전불이행,건조,맑음,단일로 - 기타,승용,남,61-64세,상해없음,보행자,여,51-60세,경상,2014,7
2014070000000000.0,2014년 7월,일요일,서울특별시 광진구 군자동,경상사고,0,0,2,0,차대차 - 추돌,안전운전불이행,건조,맑음,단일로 - 기타,승용,남,61-64세,상해없음,승용,남,51-60세,상해없음,2014,7
2014072700100072.0,2014년 7월,일요일,서울특별시 광진구 구의동,경상사고,0,0,1,0,차대차 - 기타,중앙선침범,건조,맑음,교차로 - 교차로안,원동기,남,20세 이하,경상,승용,남,41-50세,상해없음,2014,7
2014072700100467.2,2014년 7월,일요일,서울특별시 광진구 구의동,경상사고,0,0,2,0,차대차 - 기타,안전운전불이행,건조,맑음,단일로 - 기타,승용,남,51-60세,상해없음,승용,남,31-40세,경상,2014,7
2014072800100036.0,2014년 7월,월요일,서울특별시 광진구 화양동,경상사고,0,0,1,0,차대사람 - 기타,안전운전불이행,건조,맑음,단일로 - 기타,자전거,기타불명,기타불명,기타불명,보행자,남,31-40세,경상,2014,7
2014072800100051.2,2014년 7월,월요일,서울특별시 광진구 광장동,경상사고,0,0,1,0,차대차 - 기타,안전운전불이행,건조,맑음,교차로 - 교차로부근,승용,남,31-40세,상해없음,승용,여,51-60세,경상,2014,7
2014072800100551.2,2014년 7월,월요일,서울특별시 광진구 중곡동,경상사고,0,0,1,0,차대사람 - 기타,안전운전불이행,건조,맑음,단일로 - 기타,승용,남,51-60세,기타불명,보행자,남,13-20세,경상,2014,7
2014072800100582.0,2014년 7월,월요일,서울특별시 광진구 군자동,경상사고,0,0,1,0,차대차 - 추돌,안전운전불이행,건조,맑음,단일로 - 기타,승용,남,31-40세,상해없음,승용,남,51-60세,경상,2014,7
2014072900100022.0,2014년 7월,화요일,서울특별시 광진구 자양동,경상사고,0,0,2,0,차대차 - 기타,안전운전불이행,건조,맑음,교차로 - 교차로부근,원동기,남,41-50세,상해없음,승용,여,31-40세,경상,2014,7
2014072900100067.2,2014년 7월,화요일,서울특별시 광진구 구의동,경상사고,0,0,1,0,차대사람 - 길가장자리구역통행중,안전운전불이행,건조,맑음,교차로 - 교차로부근,원동기,남,21-30세,기타불명,보행자,남,41-50세,경상,2014,7
2014072900100102.0,2014년 7월,화요일,서울특별시 광진구 중곡동,경상사고,0,0,2,0,차대차 - 추돌,안전거리미확보,건조,맑음,단일로 - 기타,승용,남,31-40세,상해없음,승용,남,51-60세,경상,2014,7
2014072900100128.8,2014년 7월,화요일,서울특별시 광진구 중곡동,경상사고,0,0,2,0,차대차 - 충돌,신호위반,건조,맑음,교차로 - 교차로안,자전거,여,51-60세,경상,승용,남,51-60세,상해없음,2014,7
2014073000100000.8,2014년 7월,수요일,서울특별시 광진구 자양동,중상사고,0,1,0,0,차량단독 - 기타,안전운전불이행,건조,맑음,단일로 - 기타,승용,남,51-60세,상해없음,,,,,2014,7
2014073000100232.8,2014년 7월,수요일,서울특별시 광진구 능동,경상사고,0,0,1,0,차대차 - 기타,안전운전불이행,건조,맑음,교차로 - 교차로부근,승용,남,41-50세,상해없음,승용,남,31-40세,경상,2014,7
2014073000100374.0,2014년 7월,수요일,서울특별시 광진구 중곡동,중상사고,0,2,0,0,차대차 - 충돌,교차로운행방법위반,건조,맑음,교차로 - 교차로안,승용,여,51-60세,상해없음,승용,남,41-50세,중상,2014,7
2014073100100438.0,2014년 7월,목요일,서울특별시 광진구 자양동,중상사고,0,1,0,0,차대사람 - 기타,안전운전불이행,습기,비,단일로 - 기타,자전거,여,65세 이상,중상,보행자,여,13-20세,기타불명,2014,7