사고번호,발생년월,요일,시군구,사고내용,사망자수,중상자수,경상자수,부상신고자수,사고유형,법규위반,노면상태,기상상태,도로형태,가해운전자 차종,가해운전자 성별,가해운전자 연령대,가해운전자 상해정도,피해운전자 차종,피해운전자 성별,피해운전자 연령대,피해운전자 상해정도,발생년도,발생월
2014092300100067.2,2014년 9월,화요일,서울특별시 광진구 군자동,중상사고,0,1,1,0,차대차 - 기타,안전거리미확보,건조,맑음,단일로 - 기타,화물,남,51-60세,상해없음,원동기,남,21-30세,경상,2014,9
2014092300100203.2,2014년 9월,화요일,서울특별시 광진구 광장동,경상사고,0,0,1,0,차대차 - 기타,안전거리미확보,건조,맑음,단일로 - 기타,승용,여,65세 이상,경상,화물,남,41-50세,상해없음,2014,9
2014092300100259.2,2014년 9월,화요일,서울특별시 광진구 군자동,경상사고,0,0,1,0,차대차 - 추돌,안전운전불이행,건조,맑음,단일로 - 기타,화물,기타불명,기타불명,기타불명,원동기,남,21-30세,경상,2014,9
2014092300100292.8,2014년 9월,화요일,서울특별시 광진구 구의동,중상사고,0,1,1,0,차대차 - 추돌,교차로운행방법위반,건조,맑음,교차로 - 교차로안,승용,남,31-40세,상해없음,원동기,남,51-60세,중상,2014,9
2014092300100294.0,2014년 9월,화요일,서울특별시 광진구 중곡동,경상사고,0,0,1,0,차량단독 - 기타,신호위반,건조,맑음,단일로 - 기타,승합,남,41-50세,상해없음,,,,,2014,9
2014092300100320.8,2014년 9월,화요일,서울특별시 광진구 중곡동,경상사고,0,0,1,0,차대사람 - 기타,안전운전불이행,건조,맑음,교차로 - 교차로부근,승용,남,21-30세,상해없음,보행자,남,65세 이상,경상,2014,9
2014092400100082.0,2014년 9월,수요일,서울특별시 광진구 구의동,중상사고,0,1,0,0,차대사람 - 횡단중,보행자보호의무위반,습기,비,교차로 - 교차로안,화물,남,41-50세,상해없음,보행자,남,41-50세,중상,2014,9
2014092400100207.2,2014년 9월,수요일,서울특별시 광진구 자양동,경상사고,0,0,2,0,차대차 - 추돌,안전운전불이행,습기,비,단일로 - 기타,승합,남,41-50세,상해없음,승합,남,31-40세,경상,2014,9
2014092400100448.8,2014년 9월,수요일,서울특별시 광진구 능동,중상사고,0,1,0,0,차대차 - 충돌,신호위반,건조,맑음,단일로 - 횡단보도상,승용,여,31-40세,상해없음,원동기,남,21-30세,중상,2014,9
2014092400100480.8,2014년 9월,수요일,서울특별시 광진구 광장동,중상사고,0,1,0,0,차대차 - 충돌,안전운전불이행,건조,맑음,단일로 - 횡단보도상,승용,여,65세 이상,상해없음,자전거,여,12세 이하,중상,2014,9
2014092400100611.2,2014년 9월,수요일,서울특별시 광진구 화양동,경상사고,0,0,1,0,차대차 - 추돌,안전거리미확보,건조,맑음,단일로 - 기타,원동기,남,41-50세,상해없음,승용,남,41-50세,경상,2014,9
2014090000000000.0,2014년 9월,수요일,서울특별시 광진구 군자동,중상사고,0,1,0,0,차대사람 - 횡단중,보행자보호의무위반,건조,맑음,단일로 - 횡단보도상,승용,남,51-60세,상해없음,보행자,여,13-20세,중상,2014,9
2014092500100016.0,2014년 9월,목요일,서울특별시 광진구 능동,경상사고,0,0,1,0,차대사람 - 기타,안전운전불이행,건조,맑음,단일로 - 기타,승용,남,21-30세,상해없음,보행자,여,21-30세,경상,2014,9
2014092500100152.0,2014년 9월,목요일,서울특별시 광진구 중곡동,중상사고,0,2,30,0,차대차 - 충돌,신호위반,건조,맑음,교차로 - 교차로안,승합,남,51-60세,상해없음,승용,남,41-50세,중상,2014,9
2014092500100183.2,2014년 9월,목요일,서울특별시 광진구 구의동,부상신고사고,0,0,0,1,차대차 - 기타,안전운전불이행,건조,맑음,단일로 - 기타,자전거,남,65세 이상,부상신고,승용,남,31-40세,상해없음,2014,9
2014092500100592.8,2014년 9월,목요일,서울특별시 광진구 중곡동,경상사고,0,0,1,0,차대차 - 충돌,교차로운행방법위반,건조,맑음,교차로 - 교차로안,승용,남,51-60세,상해없음,자전거,여,31-40세,경상,2014,9
2014092600100044.0,2014년 9월,금요일,서울특별시 광진구 중곡동,경상사고,0,0,1,0,차대차 - 추돌,안전운전불이행,건조,맑음,교차로 - 교차로부근,승용,남,21-30세,상해없음,승용,남,65세 이상,경상,2014,9
2014092600100068.8,2014년 9월,금요일,서울특별시 광진구 광장동,중상사고,0,1,0,0,차대차 - 기타,중앙선침범,기타,맑음,단일로 - 기타,자전거,남,61-64세,상해없음,자전거,남,65세 이상,중상,2014,9
2014092600100318.0,2014년 9월,금요일,서울특별시 광진구 군자동,부상신고사고,0,0,0,1,차대차 - 기타,안전운전불이행,건조,맑음,단일로 - 기타,원동기,남,20세 이하,부상신고,화물,남,21-30세,상해없음,2014,9
2014092600100347.2,2014년 9월,금요일,서울특별시 광진구 능동,경상사고,0,0,1,0,차대차 - 추돌,안전운전불이행,건조,맑음,교차로 - 교차로안,승용,남,31-40세,경상,승합,남,41-50세,상해없음,2014,9
2014092600100375.2,2014년 9월,금요일,서울특별시 광진구 중곡동,경상사고,0,0,1,0,차대사람 - 횡단중,안전운전불이행,건조,맑음,교차로 - 교차로부근,승용,남,31-40세,상해없음,보행자,남,12세 이하,경상,2014,9
2014092600100418.0,2014년 9월,금요일,서울특별시 광진구 중곡동,중상사고,0,1,0,0,차대사람 - 횡단중,중앙선침범,건조,맑음,단일로 - 기타,원동기,남,41-50세,상해없음,보행자,여,65세 이상,중상,2014,9
2014092600100587.2,2014년 9월,금요일,서울특별시 광진구 자양동,중상사고,0,1,0,0,차대차 - 충돌,신호위반,건조,맑음,교차로 - 교차로부근,승용,남,51-60세,상해없음,원동기,남,13-20세,중상,2014,9
2014092600100588.0,2014년 9월,금요일,서울특별시 광진구 자양동,중상사고,0,1,0,0,차대사람 - 횡단중,보행자보호의무위반,건조,맑음,교차로 - 교차로부근,화물,남,31-40세,상해없음,보행자,여,31-40세,중상,2014,9
2014092600100626.0,2014년 9월,금요일,서울특별시 광진구 중곡동,경상사고,0,0,1,0,차대사람 - 횡단중,안전운전불이행,건조,맑음,교차로 - 교차로안,원동기,남,31-40세,상해없음,보행자,남,41-50세,경상,2014,9
2014092600100676.0,2014년 9월,금요일,서울특별시 광진구 구의동,중상사고,0,1,0,0,차대사람 - 기타,안전운전불이행,건조,맑음,단일로 - 기타,승용,여,31-40세,상해없음,보행자,남,41-50세,중상,2014,9
2014092600100676.8,2014년 9월,금요일,서울특별시 광진구 중곡동,중상사고,0,1,0,0,차대차 - 추돌,안전거리미확보,건조,맑음,단일로 - 기타,승용,남,51-60세,상해없음,원동기,남,41-50세,중상,2014,9
2014092600100712.8,2014년 9월,금요일,서울특별시 광진구 군자동,경상사고,0,0,2,0,차대차 - 기타,안전운전불이행,건조,맑음,교차로 - 교차로부근,승용,남,61-64세,상해없음,승용,남,31-40세,경상,2014,9
2014092700100195.2,2014년 9월,토요일,서울특별시 광진구 중곡동,경상사고,0,0,1,1,차대차 - 기타,안전운전불이행,건조,맑음,단일로 - 기타,승용,남,51-60세,부상신고,화물,남,41-50세,경상,2014,9
2014092700100224.0,2014년 9월,토요일,서울특별시 광진구 중곡동,경상사고,0,0,1,0,차대차 - 충돌,중앙선침범,건조,맑음,단일로 - 기타,승용,남,21-30세,상해없음,화물,남,31-40세,경상,2014,9
2014092700100336.0,2014년 9월,토요일,서울특별시 광진구 군자동,경상사고,0,0,2,0,차대차 - 충돌,중앙선침범,건조,맑음,단일로 - 기타,이륜,남,41-50세,경상,승용,남,31-40세,경상,2014,9
2014092700100502.0,2014년 9월,토요일,서울특별시 광진구 구의동,경상사고,0,0,1,0,차대차 - 추돌,안전운전불이행,건조,맑음,교차로 - 교차로안,자전거,남,20세 이하,경상,승용,남,51-60세,상해없음,2014,9
2014090000000000.0,2014년 9월,토요일,서울특별시 광진구 자양동,중상사고,0,1,0,0,차대차 - 기타,안전운전불이행,건조,맑음,단일로 - 횡단보도상,자전거,남,41-50세,중상,승용,남,21-30세,상해없음,2014,9
2014092700100540.8,2014년 9월,토요일,서울특별시 광진구 구의동,경상사고,0,0,1,0,차대차 - 추돌,안전운전불이행,건조,맑음,단일로 - 기타,화물,남,41-50세,상해없음,승용,남,41-50세,상해없음,2014,9
2014092800100054.0,2014년 9월,일요일,서울특별시 광진구 자양동,경상사고,0,0,3,0,차대차 - 충돌,신호위반,건조,맑음,교차로 - 교차로안,승용,남,65세 이상,상해없음,승용,남,61-64세,경상,2014,9
2014092800100055.2,2014년 9월,일요일,서울특별시 광진구 군자동,경상사고,0,0,1,0,차대차 - 기타,안전운전불이행,건조,맑음,단일로 - 기타,승용,여,21-30세,상해없음,승용,남,65세 이상,경상,2014,9
2014092800100215.2,2014년 9월,일요일,서울특별시 광진구 광장동,경상사고,0,0,2,0,차대차 - 충돌,안전운전불이행,건조,맑음,단일로 - 기타,승용,여,41-50세,상해없음,승용,남,21-30세,경상,2014,9
2014092900100040.8,2014년 9월,월요일,서울특별시 광진구 중곡동,중상사고,0,1,1,0,차대사람 - 횡단중,안전운전불이행,건조,맑음,단일로 - 횡단보도상,승용,남,51-60세,상해없음,보행자,남,21-30세,경상,2014,9
2014092900100042.0,2014년 9월,월요일,서울특별시 광진구 자양동,경상사고,0,0,2,0,차대차 - 충돌,안전운전불이행,습기,흐림,단일로 - 기타,승용,남,31-40세,기타불명,승용,남,51-60세,경상,2014,9
2014092900100139.2,2014년 9월,월요일,서울특별시 광진구 광장동,부상신고사고,0,0,0,2,차대차 - 기타,신호위반,건조,맑음,교차로 - 교차로안,승용,남,51-60세,부상신고,승용,남,21-30세,부상신고,2014,9
2014092900100339.2,2014년 9월,월요일,서울특별시 광진구 광장동,중상사고,0,1,0,0,차대사람 - 기타,안전운전불이행,건조,맑음,단일로 - 기타,승용,남,51-60세,상해없음,보행자,남,21-30세,중상,2014,9
2014093000100403.2,2014년 9월,화요일,서울특별시 광진구 광장동,경상사고,0,0,1,0,차대차 - 추돌,안전운전불이행,건조,맑음,단일로 - 기타,자전거,남,31-40세,경상,승용,남,21-30세,상해없음,2014,9
2014093000100404.0,2014년 9월,화요일,서울특별시 광진구 능동,부상신고사고,0,0,0,1,차대차 - 기타,안전운전불이행,건조,맑음,단일로 - 횡단보도상,승용,여,51-60세,상해없음,자전거,여,21-30세,부상신고,2014,9
2014093000100404.8,2014년 9월,화요일,서울특별시 광진구 군자동,중상사고,0,1,1,0,차대차 - 추돌,안전운전불이행,건조,맑음,단일로 - 기타,승용,남,41-50세,중상,승용,여,31-40세,경상,2014,9
2014093000100478.0,2014년 9월,화요일,서울특별시 광진구 중곡동,경상사고,0,0,1,0,차대차 - 기타,안전운전불이행,건조,맑음,교차로 - 교차로안,자전거,남,51-60세,경상,승합,남,31-40세,상해없음,2014,9
2014093000100580.8,2014년 9월,화요일,서울특별시 광진구 능동,경상사고,0,0,3,0,차대차 - 추돌,안전거리미확보,건조,맑음,단일로 - 기타,승용,남,41-50세,상해없음,승용,남,31-40세,경상,2014,9
2014100000000000.0,2014년 10월,수요일,서울특별시 광진구 화양동,경상사고,0,0,1,0,차대차 - 추돌,안전운전불이행,건조,맑음,단일로 - 기타,승용,남,51-60세,상해없음,승용,남,41-50세,경상,2014,10
2014100000000000.0,2014년 10월,수요일,서울특별시 광진구 능동,경상사고,0,0,1,0,차대차 - 기타,중앙선침범,건조,맑음,교차로 - 교차로안,자전거,남,21-30세,상해없음,원동기,남,51-60세,경상,2014,10
2014100100100214.0,2014년 10월,수요일,서울특별시 광진구 화양동,경상사고,0,0,1,0,차대차 - 기타,기타,건조,맑음,단일로 - 기타,승용,남,51-60세,상해없음,원동기,남,31-40세,경상,2014,10
2014100100100334.0,2014년 10월,수요일,서울특별시 광진구 중곡동,중상사고,0,1,0,0,차대차 - 추돌,안전운전불이행,건조,맑음,교차로 - 교차로부근,승용,남,61-64세,상해없음,화물,남,41-50세,중상,2014,10
2014100100100594.0,2014년 10월,수요일,서울특별시 광진구 구의동,경상사고,0,0,2,0,차대차 - 기타,안전운전불이행,건조,맑음,단일로 - 기타,승용,남,31-40세,상해없음,승용,여,41-50세,경상,2014,10
2014100100100595.2,2014년 10월,수요일,서울특별시 광진구 자양동,경상사고,0,0,1,0,차량단독 - 전도전복,안전운전불이행,건조,맑음,단일로 - 기타,자전거,남,51-60세,경상,,,,,2014,10
2014100200100032.8,2014년 10월,목요일,서울특별시 광진구 중곡동,경상사고,0,0,1,0,차대사람 - 기타,안전운전불이행,건조,맑음,교차로 - 교차로안,승용,남,51-60세,상해없음,보행자,남,31-40세,경상,2014,10
2014100200100111.2,2014년 10월,목요일,서울특별시 광진구 자양동,경상사고,0,0,2,0,차대차 - 기타,직진우회전진행방해,건조,맑음,교차로 - 교차로안,승용,여,51-60세,경상,승용,남,31-40세,경상,2014,10
2014100200100271.2,2014년 10월,목요일,서울특별시 광진구 중곡동,경상사고,0,0,1,0,차대차 - 추돌,안전운전불이행,습기,비,교차로 - 교차로부근,건설기계,남,31-40세,상해없음,원동기,남,65세 이상,경상,2014,10
2014100200100302.0,2014년 10월,목요일,서울특별시 광진구 능동,중상사고,0,1,0,0,차대사람 - 기타,기타,건조,맑음,단일로 - 기타,화물,남,41-50세,상해없음,보행자,여,51-60세,중상,2014,10
2014100200100435.2,2014년 10월,목요일,서울특별시 광진구 화양동,경상사고,0,0,1,0,차대사람 - 횡단중,안전운전불이행,건조,흐림,교차로 - 교차로안,화물,남,41-50세,상해없음,보행자,여,21-30세,경상,2014,10
2014100200100558.0,2014년 10월,목요일,서울특별시 광진구 군자동,경상사고,0,0,1,0,차대차 - 충돌,안전거리미확보,건조,맑음,교차로 - 교차로부근,승용,남,21-30세,상해없음,승용,남,41-50세,경상,2014,10
2014100200100587.2,2014년 10월,목요일,서울특별시 광진구 능동,경상사고,0,0,1,0,차대차 - 기타,안전거리미확보,건조,맑음,교차로 - 교차로안,기타불명,기타불명,기타불명,기타불명,승용,여,41-50세,경상,2014,10
2014100300100252.0,2014년 10월,금요일,서울특별시 광진구 광장동,중상사고,0,1,0,0,차대차 - 기타,안전운전불이행,건조,맑음,단일로 - 기타,자전거,남,51-60세,상해없음,자전거,여,41-50세,중상,2014,10
2014100300100284.0,2014년 10월,금요일,서울특별시 광진구 구의동,중상사고,0,1,0,0,차대사람 - 기타,안전운전불이행,건조,맑음,단일로 - 기타,이륜,남,51-60세,상해없음,보행자,여,65세 이상,중상,2014,10
2014100300100324.0,2014년 10월,금요일,서울특별시 광진구 자양동,경상사고,0,0,1,0,차대차 - 기타,안전운전불이행,건조,맑음,단일로 - 기타,자전거,여,20세 이하,상해없음,자전거,남,65세 이상,경상,2014,10
2014100300100354.0,2014년 10월,금요일,서울특별시 광진구 자양동,경상사고,0,0,3,0,차대차 - 추돌,차로위반,건조,맑음,교차로 - 교차로안,승용,남,51-60세,상해없음,승용,남,21-30세,경상,2014,10
2014100300100648.0,2014년 10월,금요일,서울특별시 광진구 군자동,경상사고,0,0,2,0,차대차 - 충돌,안전운전불이행,건조,맑음,단일로 - 횡단보도부근,승용,남,65세 이상,상해없음,이륜,남,21-30세,경상,2014,10
2014100400100296.0,2014년 10월,토요일,서울특별시 광진구 자양동,중상사고,0,1,0,0,차대사람 - 기타,안전운전불이행,건조,맑음,단일로 - 기타,승용,여,21-30세,상해없음,보행자,여,65세 이상,중상,2014,10
2014100500100399.2,2014년 10월,일요일,서울특별시 광진구 중곡동,중상사고,0,1,0,0,차대차 - 추돌,신호위반,건조,맑음,교차로 - 교차로안,승용,남,31-40세,상해없음,원동기,남,21-30세,중상,2014,10
2014100500100472.8,2014년 10월,일요일,서울특별시 광진구 군자동,경상사고,0,0,2,0,차대차 - 충돌,교차로운행방법위반,건조,맑음,교차로 - 교차로안,승용,남,51-60세,상해없음,승용,남,31-40세,경상,2014,10
2014100000000000.0,2014년 10월,월요일,서울특별시 광진구 중곡동,중상사고,0,1,0,0,차대사람 - 기타,안전운전불이행,건조,맑음,단일로 - 기타,승합,남,61-64세,상해없음,보행자,남,51-60세,중상,2014,10
2014100600100542.0,2014년 10월,월요일,서울특별시 광진구 중곡동,중상사고,0,1,0,0,차대차 - 기타,안전운전불이행,건조,맑음,단일로 - 기타,승용,남,51-60세,상해없음,자전거,남,13-20세,중상,2014,10
2014100700100335.2,2014년 10월,화요일,서울특별시 광진구 중곡동,부상신고사고,0,0,0,1,차대차 - 기타,안전운전불이행,건조,맑음,교차로 - 교차로안,이륜,남,41-50세,부상신고,화물,남,31-40세,상해없음,2014,10
2014100700100496.8,2014년 10월,화요일,서울특별시 광진구 중곡동,경상사고,0,0,1,0,차대사람 - 횡단중,보행자보호의무위반,건조,맑음,단일로 - 횡단보도상,승용,남,61-64세,상해없음,보행자,여,41-50세,경상,2014,10
2014100000000000.0,2014년 10월,수요일,서울특별시 광진구 군자동,부상신고사고,0,0,0,1,차대차 - 기타,교차로운행방법위반,건조,맑음,교차로 - 교차로안,승용,남,51-60세,상해없음,자전거,남,21-30세,부상신고,2014,10
2014100800100075.2,2014년 10월,수요일,서울특별시 광진구 자양동,부상신고사고,0,0,0,1,차대차 - 기타,안전거리미확보,건조,맑음,교차로 - 교차로부근,승용,남,51-60세,부상신고,승용,남,21-30세,상해없음,2014,10
2014100800100306.0,2014년 10월,수요일,서울특별시 광진구 자양동,경상사고,0,0,1,0,차대차 - 기타,직진우회전진행방해,건조,맑음,교차로 - 교차로안,승용,여,51-60세,상해없음,자전거,여,65세 이상,경상,2014,10
2014100800100402.0,2014년 10월,수요일,서울특별시 광진구 자양동,중상사고,0,1,0,0,차대차 - 기타,안전운전불이행,건조,맑음,단일로 - 기타,승용,남,21-30세,상해없음,승용,남,31-40세,중상,2014,10
2014100800100446.0,2014년 10월,수요일,서울특별시 광진구 중곡동,중상사고,0,1,0,0,차대사람 - 횡단중,안전운전불이행,기타,맑음,교차로 - 교차로부근,건설기계,남,41-50세,상해없음,보행자,여,51-60세,중상,2014,10
2014100800100511.2,2014년 10월,수요일,서울특별시 광진구 화양동,경상사고,0,0,1,0,차대사람 - 횡단중,신호위반,건조,맑음,단일로 - 기타,원동기,남,21-30세,상해없음,보행자,여,13-20세,경상,2014,10
2014100800100512.0,2014년 10월,수요일,서울특별시 광진구 자양동,경상사고,0,0,1,0,차대차 - 충돌,안전운전불이행,건조,맑음,단일로 - 기타,승용,남,31-40세,상해없음,이륜,남,21-30세,경상,2014,10
2014100800100564.0,2014년 10월,수요일,서울특별시 광진구 자양동,중상사고,0,2,1,0,차대차 - 충돌,안전거리미확보,건조,맑음,교차로 - 교차로부근,승용,남,41-50세,상해없음,원동기,남,13-20세,중상,2014,10
2014100800100594.0,2014년 10월,수요일,서울특별시 광진구 화양동,중상사고,0,1,0,0,차대차 - 충돌,기타,건조,맑음,단일로 - 기타,승용,남,61-64세,상해없음,원동기,남,13-20세,중상,2014,10
2014100800100678.0,2014년 10월,수요일,서울특별시 광진구 자양동,경상사고,0,0,1,0,차대차 - 기타,안전운전불이행,건조,맑음,단일로 - 기타,승용,남,51-60세,기타불명,자전거,남,51-60세,경상,2014,10
2014100900100003.2,2014년 10월,목요일,서울특별시 광진구 군자동,경상사고,0,0,1,0,차대사람 - 횡단중,안전운전불이행,건조,맑음,교차로 - 교차로부근,원동기,남,20세 이하,상해없음,보행자,여,51-60세,경상,2014,10
2014100900100035.2,2014년 10월,목요일,서울특별시 광진구 능동,경상사고,0,0,1,0,차대차 - 기타,안전거리미확보,건조,맑음,단일로 - 기타,승용,남,51-60세,상해없음,승용,남,31-40세,경상,2014,10
2014100900100195.2,2014년 10월,목요일,서울특별시 광진구 화양동,경상사고,0,0,1,0,차대차 - 충돌,안전운전불이행,건조,맑음,단일로 - 기타,화물,남,31-40세,상해없음,승용,남,31-40세,경상,2014,10
2014100900100196.0,2014년 10월,목요일,서울특별시 광진구 광장동,중상사고,0,1,0,0,차대차 - 기타,안전거리미확보,건조,맑음,단일로 - 교량,자전거,남,31-40세,중상,승용,남,31-40세,상해없음,2014,10
2014100000000000.0,2014년 10월,목요일,서울특별시 광진구 중곡동,경상사고,0,0,1,0,차대차 - 충돌,교차로운행방법위반,건조,맑음,교차로 - 교차로안,승용,남,51-60세,상해없음,원동기,남,13-20세,경상,2014,10
2014100900100372.8,2014년 10월,목요일,서울특별시 광진구 자양동,중상사고,0,1,0,1,차대차 - 기타,안전운전불이행,건조,맑음,단일로 - 기타,자전거,여,65세 이상,부상신고,자전거,여,21-30세,상해없음,2014,10
2014100900100496.0,2014년 10월,목요일,서울특별시 광진구 광장동,경상사고,0,0,1,0,차대차 - 기타,안전운전불이행,건조,맑음,단일로 - 기타,승용,남,41-50세,상해없음,승용,여,31-40세,상해없음,2014,10
2014100900100614.0,2014년 10월,목요일,서울특별시 광진구 구의동,중상사고,0,1,0,0,차대차 - 충돌,교차로운행방법위반,건조,맑음,교차로 - 교차로안,승용,남,41-50세,상해없음,자전거,남,21-30세,중상,2014,10
2014100000000000.0,2014년 10월,금요일,서울특별시 광진구 군자동,경상사고,0,0,1,0,차대사람 - 기타,안전운전불이행,건조,맑음,단일로 - 기타,승용,여,31-40세,상해없음,보행자,여,51-60세,경상,2014,10
2014101000100464.0,2014년 10월,금요일,서울특별시 광진구 구의동,중상사고,0,1,0,0,차대사람 - 횡단중,신호위반,건조,맑음,단일로 - 횡단보도상,승용,남,61-64세,상해없음,보행자,남,12세 이하,중상,2014,10
2014101000100464.8,2014년 10월,금요일,서울특별시 광진구 광장동,경상사고,0,0,2,0,차대차 - 기타,안전거리미확보,건조,맑음,단일로 - 기타,화물,남,51-60세,상해없음,승용,남,51-60세,경상,2014,10
2014101000100627.2,2014년 10월,금요일,서울특별시 광진구 구의동,경상사고,0,0,1,0,차대사람 - 기타,안전운전불이행,건조,맑음,단일로 - 기타,승용,남,51-60세,상해없음,보행자,남,41-50세,경상,2014,10
2014101000100688.8,2014년 10월,금요일,서울특별시 광진구 중곡동,경상사고,0,0,1,0,차대차 - 추돌,안전운전불이행,건조,맑음,단일로 - 기타,승용,남,61-64세,상해없음,승용,남,51-60세,경상,2014,10
2014101100100104.0,2014년 10월,토요일,서울특별시 광진구 화양동,중상사고,0,1,0,0,차대사람 - 기타,안전운전불이행,건조,맑음,단일로 - 기타,승합,남,41-50세,상해없음,보행자,여,21-30세,중상,2014,10
2014101100100347.2,2014년 10월,토요일,서울특별시 광진구 구의동,경상사고,0,0,1,0,차대사람 - 기타,안전운전불이행,건조,맑음,단일로 - 기타,승용,남,31-40세,상해없음,보행자,남,12세 이하,경상,2014,10
2014101100100394.0,2014년 10월,토요일,서울특별시 광진구 구의동,경상사고,0,0,1,0,차대사람 - 차도통행중,안전운전불이행,건조,맑음,단일로 - 기타,자전거,남,21-30세,상해없음,보행자,여,61-64세,경상,2014,10
2014101100100568.0,2014년 10월,토요일,서울특별시 광진구 자양동,경상사고,0,0,1,0,차대차 - 추돌,안전운전불이행,건조,맑음,단일로 - 기타,승용,남,41-50세,상해없음,승용,남,61-64세,경상,2014,10
2014101200100275.2,2014년 10월,일요일,서울특별시 광진구 구의동,경상사고,0,0,1,1,차대차 - 기타,안전운전불이행,건조,맑음,단일로 - 기타,승용,남,41-50세,상해없음,원동기,남,21-30세,경상,2014,10
2014101200100556.8,2014년 10월,일요일,서울특별시 광진구 구의동,중상사고,0,1,0,0,차대사람 - 횡단중,안전운전불이행,건조,맑음,단일로 - 기타,승용,남,65세 이상,상해없음,보행자,남,51-60세,중상,2014,10
2014101300100075.2,2014년 10월,월요일,서울특별시 광진구 자양동,중상사고,0,1,0,0,차량단독 - 충돌,안전운전불이행,건조,맑음,교차로 - 교차로안,승용,남,41-50세,중상,,,,,2014,10
2014101300100139.2,2014년 10월,월요일,서울특별시 광진구 중곡동,중상사고,0,1,0,0,차대차 - 기타,안전운전불이행,건조,맑음,단일로 - 기타,화물,남,61-64세,상해없음,기타불명,남,65세 이상,중상,2014,10
2014100000000000.0,2014년 10월,월요일,서울특별시 광진구 화양동,경상사고,0,0,1,0,차대사람 - 기타,보행자보호의무위반,건조,맑음,단일로 - 횡단보도상,승용,기타불명,기타불명,기타불명,보행자,남,12세 이하,경상,2014,10
2014101300100256.8,2014년 10월,월요일,서울특별시 광진구 구의동,경상사고,0,0,1,0,차대사람 - 횡단중,신호위반,건조,맑음,교차로 - 교차로부근,화물,남,31-40세,상해없음,보행자,남,51-60세,경상,2014,10
2014101300100676.0,2014년 10월,월요일,서울특별시 광진구 자양동,경상사고,0,0,3,2,차대차 - 기타,안전운전불이행,건조,맑음,단일로 - 기타,승용,남,41-50세,상해없음,승용,여,31-40세,경상,2014,10
2014101300100676.8,2014년 10월,월요일,서울특별시 광진구 자양동,중상사고,0,1,0,0,차대차 - 기타,안전운전불이행,건조,맑음,단일로 - 기타,승합,남,31-40세,상해없음,승용,기타불명,기타불명,기타불명,2014,10
2014101400100168.8,2014년 10월,화요일,서울특별시 광진구 구의동,중상사고,0,1,0,0,차대차 - 충돌,교차로운행방법위반,건조,맑음,교차로 - 교차로안,승합,남,61-64세,상해없음,자전거,남,65세 이상,중상,2014,10
2014100000000000.0,2014년 10월,화요일,서울특별시 광진구 구의동,경상사고,0,0,1,1,차대차 - 기타,신호위반,건조,맑음,교차로 - 교차로안,승용,남,41-50세,상해없음,승용,남,65세 이상,부상신고,2014,10
2014101400100266.0,2014년 10월,화요일,서울특별시 광진구 중곡동,부상신고사고,0,0,0,1,차대차 - 충돌,안전운전불이행,건조,맑음,단일로 - 기타,원동기,남,41-50세,부상신고,화물,남,41-50세,상해없음,2014,10
2014101400100323.2,2014년 10월,화요일,서울특별시 광진구 자양동,중상사고,0,1,0,0,차대차 - 기타,안전운전불이행,건조,맑음,단일로 - 기타,승용,남,41-50세,상해없음,자전거,남,41-50세,중상,2014,10
2014101500100183.2,2014년 10월,수요일,서울특별시 광진구 자양동,경상사고,0,0,1,0,차대차 - 기타,차로위반,건조,맑음,단일로 - 기타,승용,남,51-60세,상해없음,승합,남,41-50세,상해없음,2014,10
2014101500100499.2,2014년 10월,수요일,서울특별시 광진구 구의동,중상사고,0,1,0,0,차대차 - 기타,차로위반,건조,맑음,단일로 - 횡단보도부근,승용,남,41-50세,상해없음,원동기,남,41-50세,중상,2014,10
2014101500100611.2,2014년 10월,수요일,서울특별시 광진구 중곡동,경상사고,0,0,1,0,차대사람 - 보도통행중,보행자보호의무위반,건조,맑음,교차로 - 교차로안,자전거,여,41-50세,상해없음,보행자,여,21-30세,경상,2014,10
2014101600100003.2,2014년 10월,목요일,서울특별시 광진구 중곡동,경상사고,0,0,1,0,차대차 - 기타,중앙선침범,건조,맑음,교차로 - 교차로부근,승용,남,21-30세,상해없음,승용,남,51-60세,경상,2014,10
2014101600100051.2,2014년 10월,목요일,서울특별시 광진구 구의동,경상사고,0,0,1,0,차대차 - 기타,안전운전불이행,건조,맑음,단일로 - 교량,기타불명,기타불명,기타불명,기타불명,자전거,남,31-40세,경상,2014,10
2014101600100086.0,2014년 10월,목요일,서울특별시 광진구 화양동,경상사고,0,0,1,0,차대차 - 추돌,안전운전불이행,건조,맑음,단일로 - 기타,승용,남,51-60세,상해없음,승용,남,31-40세,경상,2014,10
2014101600100406.0,2014년 10월,목요일,서울특별시 광진구 중곡동,경상사고,0,0,1,0,차대차 - 기타,안전거리미확보,건조,맑음,단일로 - 기타,원동기,남,21-30세,경상,화물,남,41-50세,상해없음,2014,10