사고번호,발생년월,요일,시군구,사고내용,사망자수,중상자수,경상자수,부상신고자수,사고유형,법규위반,노면상태,기상상태,도로형태,가해운전자 차종,가해운전자 성별,가해운전자 연령대,가해운전자 상해정도,피해운전자 차종,피해운전자 성별,피해운전자 연령대,피해운전자 상해정도,발생년도,발생월
2015012500100418.0,2015년 1월,일요일,서울특별시 광진구 구의동,경상사고,0,0,1,0,차대차 - 충돌,신호위반,건조,맑음,교차로 - 교차로안,승용,남,65세 이상,상해없음,승합,여,41-50세,경상,2015,1
2015012700100140.8,2015년 1월,화요일,서울특별시 광진구 능동,경상사고,0,0,2,0,차대차 - 충돌,안전거리미확보,건조,맑음,단일로 - 기타,승용,여,61-64세,상해없음,승용,남,31-40세,경상,2015,1
2015012700100319.2,2015년 1월,화요일,서울특별시 광진구 구의동,중상사고,0,1,0,0,차대사람 - 기타,신호위반,건조,맑음,교차로 - 교차로부근,승합,남,51-60세,상해없음,보행자,남,12세 이하,중상,2015,1
2015012700100354.0,2015년 1월,화요일,서울특별시 광진구 자양동,중상사고,0,1,0,0,차대사람 - 횡단중,보행자보호의무위반,건조,맑음,교차로 - 교차로부근,승합,남,31-40세,상해없음,보행자,남,65세 이상,중상,2015,1
2015012800100051.2,2015년 1월,수요일,서울특별시 광진구 구의동,경상사고,0,0,3,0,차대차 - 추돌,안전거리미확보,건조,맑음,단일로 - 기타,승용,남,65세 이상,경상,승용,남,31-40세,경상,2015,1
2015012800100240.8,2015년 1월,수요일,서울특별시 광진구 자양동,경상사고,0,0,1,0,차대사람 - 횡단중,신호위반,건조,맑음,단일로 - 기타,원동기,남,41-50세,상해없음,보행자,여,12세 이하,경상,2015,1
2015012800100362.0,2015년 1월,수요일,서울특별시 광진구 중곡동,중상사고,0,1,4,0,차대차 - 추돌,안전운전불이행,건조,맑음,단일로 - 기타,승용,남,41-50세,상해없음,승용,남,51-60세,중상,2015,1
2015012800100466.0,2015년 1월,수요일,서울특별시 광진구 군자동,경상사고,0,0,2,0,차대차 - 충돌,안전거리미확보,건조,맑음,단일로 - 기타,승용,남,65세 이상,상해없음,승용,여,21-30세,경상,2015,1
2015012900100032.8,2015년 1월,목요일,서울특별시 광진구 중곡동,경상사고,0,0,1,0,차대차 - 충돌,신호위반,건조,맑음,교차로 - 교차로안,승용,여,41-50세,상해없음,승용,남,21-30세,경상,2015,1
2015012900100044.0,2015년 1월,목요일,서울특별시 광진구 화양동,중상사고,0,1,1,0,차대사람 - 횡단중,안전운전불이행,건조,맑음,단일로 - 기타,승용,남,51-60세,상해없음,보행자,남,51-60세,중상,2015,1
2015012900100146.0,2015년 1월,목요일,서울특별시 광진구 중곡동,중상사고,0,1,0,0,차대차 - 추돌,안전운전불이행,건조,맑음,단일로 - 기타,원동기,남,51-60세,중상,승용,남,61-64세,상해없음,2015,1
2015012900100454.0,2015년 1월,목요일,서울특별시 광진구 광장동,사망사고,1,1,0,0,차대차 - 기타,신호위반,건조,맑음,교차로 - 교차로안,승용,남,65세 이상,사망,승합,남,41-50세,상해없음,2015,1
2015013000100016.0,2015년 1월,금요일,서울특별시 광진구 화양동,경상사고,0,0,1,0,차대차 - 추돌,안전거리미확보,건조,맑음,단일로 - 기타,승용,남,41-50세,상해없음,승용,남,51-60세,경상,2015,1
2015013100100026.0,2015년 1월,토요일,서울특별시 광진구 화양동,경상사고,0,0,1,0,차대사람 - 길가장자리구역통행중,안전운전불이행,건조,맑음,단일로 - 기타,승용,남,51-60세,상해없음,보행자,여,51-60세,경상,2015,1
2015020100100044.0,2015년 2월,일요일,서울특별시 광진구 군자동,중상사고,0,2,0,0,차대차 - 추돌,안전운전불이행,건조,맑음,교차로 - 교차로부근,승용,여,21-30세,상해없음,승용,남,61-64세,중상,2015,2
2015020100100211.2,2015년 2월,일요일,서울특별시 광진구 중곡동,경상사고,0,0,1,0,차대차 - 충돌,안전운전불이행,건조,맑음,교차로 - 교차로안,승용,남,31-40세,상해없음,원동기,남,65세 이상,경상,2015,2
2015020000000000.0,2015년 2월,월요일,서울특별시 광진구 자양동,중상사고,0,1,0,0,차대사람 - 횡단중,안전운전불이행,건조,맑음,교차로 - 교차로부근,승용,남,51-60세,상해없음,보행자,여,65세 이상,중상,2015,2
2015020200100294.0,2015년 2월,월요일,서울특별시 광진구 중곡동,경상사고,0,0,1,0,차대차 - 기타,신호위반,건조,맑음,교차로 - 교차로안,승용,남,41-50세,상해없음,원동기,남,21-30세,경상,2015,2
2015020200100331.2,2015년 2월,월요일,서울특별시 광진구 자양동,중상사고,0,1,0,0,차대차 - 충돌,신호위반,건조,맑음,교차로 - 교차로부근,승합,여,51-60세,상해없음,자전거,남,51-60세,중상,2015,2
2015020300100068.0,2015년 2월,화요일,서울특별시 광진구 자양동,경상사고,0,0,1,0,차대차 - 기타,교차로운행방법위반,건조,맑음,교차로 - 교차로부근,승용,남,65세 이상,상해없음,승용,남,51-60세,상해없음,2015,2
2015020300100263.2,2015년 2월,화요일,서울특별시 광진구 자양동,경상사고,0,0,1,0,차대차 - 충돌,교차로운행방법위반,건조,맑음,교차로 - 교차로안,승용,남,51-60세,상해없음,승용,여,21-30세,경상,2015,2
2015020400100000.8,2015년 2월,수요일,서울특별시 광진구 구의동,경상사고,0,0,1,0,차대차 - 추돌,안전운전불이행,건조,맑음,단일로 - 횡단보도상,승용,남,31-40세,상해없음,승용,남,51-60세,경상,2015,2
2015020000000000.0,2015년 2월,수요일,서울특별시 광진구 자양동,경상사고,0,0,1,1,차대차 - 추돌,안전운전불이행,건조,맑음,단일로 - 기타,승용,남,41-50세,상해없음,승용,남,61-64세,경상,2015,2
2015020000000000.0,2015년 2월,수요일,서울특별시 광진구 화양동,중상사고,0,1,0,0,차대사람 - 길가장자리구역통행중,안전운전불이행,건조,맑음,단일로 - 기타,승용,남,51-60세,상해없음,보행자,여,51-60세,중상,2015,2
2015020500100491.2,2015년 2월,목요일,서울특별시 광진구 군자동,중상사고,0,1,0,0,차대차 - 충돌,신호위반,건조,맑음,단일로 - 횡단보도상,화물,남,31-40세,상해없음,자전거,남,12세 이하,중상,2015,2
2015020500100520.8,2015년 2월,목요일,서울특별시 광진구 중곡동,경상사고,0,0,2,0,차대차 - 추돌,안전운전불이행,건조,맑음,단일로 - 기타,승용,남,31-40세,상해없음,화물,남,21-30세,경상,2015,2
2015020600100068.0,2015년 2월,금요일,서울특별시 광진구 구의동,경상사고,0,0,1,0,차대차 - 충돌,안전운전불이행,건조,맑음,교차로 - 교차로안,승용,남,31-40세,상해없음,승용,남,61-64세,경상,2015,2
2015020700100144.0,2015년 2월,토요일,서울특별시 광진구 자양동,중상사고,0,1,0,0,차대차 - 충돌,안전운전불이행,건조,맑음,기타 - 기타,건설기계,남,51-60세,상해없음,자전거,남,31-40세,중상,2015,2
2015020800100386.0,2015년 2월,일요일,서울특별시 광진구 구의동,중상사고,0,1,1,0,차대차 - 추돌,안전운전불이행,건조,맑음,단일로 - 기타,승용,남,41-50세,상해없음,승용,남,21-30세,중상,2015,2
2015020900100127.2,2015년 2월,월요일,서울특별시 광진구 자양동,중상사고,0,1,0,0,차대차 - 기타,안전거리미확보,건조,맑음,단일로 - 기타,승용,여,41-50세,상해없음,승용,남,51-60세,상해없음,2015,2
2015020000000000.0,2015년 2월,화요일,서울특별시 광진구 자양동,중상사고,0,1,0,0,차대사람 - 차도통행중,안전운전불이행,기타,맑음,기타 - 기타,승용,남,65세 이상,상해없음,보행자,여,13-20세,중상,2015,2
2015021100100023.2,2015년 2월,수요일,서울특별시 광진구 중곡동,중상사고,0,1,0,0,차대사람 - 횡단중,안전운전불이행,건조,맑음,단일로 - 횡단보도상,승용,남,51-60세,상해없음,보행자,남,21-30세,중상,2015,2
2015021100100112.0,2015년 2월,수요일,서울특별시 광진구 중곡동,중상사고,0,1,0,0,차대차 - 충돌,신호위반,건조,맑음,교차로 - 교차로안,화물,남,51-60세,상해없음,이륜,남,31-40세,중상,2015,2
2015021100100152.8,2015년 2월,수요일,서울특별시 광진구 자양동,부상신고사고,0,0,0,2,차대차 - 충돌,안전거리미확보,건조,맑음,단일로 - 기타,승용,남,31-40세,상해없음,승용,남,65세 이상,부상신고,2015,2
2015021100100218.0,2015년 2월,수요일,서울특별시 광진구 광장동,경상사고,0,0,1,0,차대차 - 추돌,안전운전불이행,건조,맑음,교차로 - 교차로안,승용,남,65세 이상,상해없음,승용,여,51-60세,경상,2015,2
2015020000000000.0,2015년 2월,수요일,서울특별시 광진구 광장동,경상사고,0,0,1,0,차대차 - 추돌,교차로운행방법위반,건조,맑음,교차로 - 교차로안,승합,남,65세 이상,상해없음,자전거,남,13-20세,경상,2015,2
2015021100100584.0,2015년 2월,수요일,서울특별시 광진구 구의동,경상사고,0,0,1,0,차대차 - 추돌,안전운전불이행,건조,맑음,단일로 - 기타,승용,남,21-30세,상해없음,승용,여,21-30세,경상,2015,2
2015021200100019.2,2015년 2월,목요일,서울특별시 광진구 광장동,경상사고,0,0,2,0,차대차 - 추돌,안전거리미확보,건조,맑음,교차로 - 교차로부근,승용,남,21-30세,상해없음,승용,남,51-60세,경상,2015,2
2015021200100035.2,2015년 2월,목요일,서울특별시 광진구 화양동,경상사고,0,0,1,0,차대차 - 충돌,차로위반,건조,맑음,단일로 - 기타,승용,남,41-50세,상해없음,승용,남,51-60세,경상,2015,2
2015021200100091.2,2015년 2월,목요일,서울특별시 광진구 자양동,중상사고,0,1,1,0,차대차 - 충돌,신호위반,건조,맑음,교차로 - 교차로안,승용,남,51-60세,상해없음,원동기,남,41-50세,중상,2015,2
2015021200100127.2,2015년 2월,목요일,서울특별시 광진구 군자동,경상사고,0,0,1,0,차대사람 - 기타,기타,건조,맑음,단일로 - 기타,승용,남,61-64세,상해없음,보행자,여,13-20세,경상,2015,2
2015021200100158.0,2015년 2월,목요일,서울특별시 광진구 화양동,경상사고,0,0,1,0,차대사람 - 기타,안전운전불이행,건조,맑음,단일로 - 기타,승용,기타불명,기타불명,기타불명,보행자,남,21-30세,경상,2015,2
2015021300100547.2,2015년 2월,금요일,서울특별시 광진구 자양동,경상사고,0,0,1,0,차대차 - 기타,차로위반,건조,맑음,단일로 - 횡단보도부근,승용,남,31-40세,상해없음,승용,남,21-30세,경상,2015,2
2015021400100286.0,2015년 2월,토요일,서울특별시 광진구 군자동,중상사고,0,1,1,0,차대사람 - 횡단중,보행자보호의무위반,건조,맑음,교차로 - 교차로안,승용,여,31-40세,상해없음,보행자,여,51-60세,중상,2015,2
2015021400100404.8,2015년 2월,토요일,서울특별시 광진구 자양동,중상사고,0,4,3,2,차대차 - 추돌,안전운전불이행,건조,흐림,단일로 - 기타,승합,남,41-50세,상해없음,승용,남,41-50세,중상,2015,2
2015021400100439.2,2015년 2월,토요일,서울특별시 광진구 자양동,중상사고,0,1,0,0,차대사람 - 기타,안전운전불이행,건조,맑음,단일로 - 기타,기타불명,기타불명,기타불명,기타불명,보행자,여,65세 이상,중상,2015,2
2015021500100136.8,2015년 2월,일요일,서울특별시 광진구 화양동,중상사고,0,2,0,0,차대차 - 추돌,안전거리미확보,건조,맑음,단일로 - 기타,화물,남,51-60세,상해없음,승합,여,51-60세,중상,2015,2
2015021500100138.0,2015년 2월,일요일,서울특별시 광진구 군자동,부상신고사고,0,0,0,1,차대차 - 충돌,안전운전불이행,건조,맑음,교차로 - 교차로안,이륜,남,65세 이상,부상신고,승용,남,65세 이상,상해없음,2015,2
2015021500100268.0,2015년 2월,일요일,서울특별시 광진구 자양동,중상사고,0,1,0,0,차대차 - 기타,안전운전불이행,건조,맑음,단일로 - 기타,자전거,남,65세 이상,상해없음,원동기,남,41-50세,중상,2015,2
2015021600100079.2,2015년 2월,월요일,서울특별시 광진구 자양동,경상사고,0,0,1,0,차대차 - 추돌,안전운전불이행,건조,맑음,단일로 - 교량,승용,남,51-60세,상해없음,승용,남,51-60세,경상,2015,2
2015021600100504.0,2015년 2월,월요일,서울특별시 광진구 자양동,경상사고,0,0,1,0,차대차 - 충돌,기타,건조,맑음,교차로 - 교차로부근,승용,남,51-60세,상해없음,이륜,남,21-30세,경상,2015,2
2015021600100643.2,2015년 2월,월요일,서울특별시 광진구 중곡동,중상사고,0,1,5,0,차대차 - 추돌,안전운전불이행,습기,비,단일로 - 기타,승용,남,41-50세,상해없음,승용,남,51-60세,경상,2015,2
2015021700100032.0,2015년 2월,화요일,서울특별시 광진구 자양동,경상사고,0,0,1,0,차대차 - 추돌,안전운전불이행,습기,흐림,단일로 - 기타,승용,남,51-60세,상해없음,승용,남,31-40세,경상,2015,2
2015021700100115.2,2015년 2월,화요일,서울특별시 광진구 군자동,중상사고,0,1,0,0,차대사람 - 길가장자리구역통행중,안전운전불이행,건조,맑음,교차로 - 교차로부근,승용,남,61-64세,상해없음,보행자,남,65세 이상,중상,2015,2
2015021700100468.8,2015년 2월,화요일,서울특별시 광진구 화양동,중상사고,0,1,0,0,차대차 - 충돌,안전거리미확보,건조,맑음,교차로 - 교차로부근,화물,기타불명,기타불명,기타불명,승용,남,65세 이상,상해없음,2015,2
2015021700100516.0,2015년 2월,화요일,서울특별시 광진구 능동,중상사고,0,1,0,0,차대차 - 추돌,안전운전불이행,건조,맑음,단일로 - 기타,승용,남,65세 이상,상해없음,승용,남,41-50세,중상,2015,2
2015021700100559.2,2015년 2월,화요일,서울특별시 광진구 군자동,경상사고,0,0,1,0,차대차 - 충돌,신호위반,건조,맑음,교차로 - 교차로부근,승용,남,65세 이상,상해없음,원동기,남,21-30세,경상,2015,2
2015021800100064.0,2015년 2월,수요일,서울특별시 광진구 자양동,경상사고,0,0,1,0,차량단독 - 기타,안전운전불이행,건조,맑음,단일로 - 기타,승용,남,41-50세,상해없음,,,,,2015,2
2015021900100054.0,2015년 2월,목요일,서울특별시 광진구 구의동,경상사고,0,0,4,0,차대차 - 추돌,안전운전불이행,건조,맑음,단일로 - 기타,승용,남,41-50세,상해없음,승용,남,41-50세,경상,2015,2
2015021900100335.2,2015년 2월,목요일,서울특별시 광진구 광장동,중상사고,0,2,3,1,차대차 - 충돌,신호위반,건조,맑음,교차로 - 교차로안,승용,남,51-60세,상해없음,화물,남,51-60세,경상,2015,2
2015020000000000.0,2015년 2월,금요일,서울특별시 광진구 군자동,경상사고,0,0,1,0,차대차 - 기타,안전거리미확보,건조,맑음,단일로 - 기타,승용,남,31-40세,상해없음,승용,남,41-50세,경상,2015,2
2015020000000000.0,2015년 2월,토요일,서울특별시 광진구 자양동,경상사고,0,0,3,0,차대차 - 기타,기타,건조,흐림,단일로 - 기타,승용,남,51-60세,상해없음,승용,남,51-60세,경상,2015,2
2015022100100086.0,2015년 2월,토요일,서울특별시 광진구 자양동,경상사고,0,0,2,1,차대차 - 기타,교차로운행방법위반,건조,맑음,교차로 - 교차로안,승용,남,51-60세,상해없음,승용,남,31-40세,경상,2015,2
2015022100100276.0,2015년 2월,토요일,서울특별시 광진구 구의동,중상사고,0,1,0,0,차대차 - 충돌,안전운전불이행,습기,비,단일로 - 횡단보도상,승용,여,31-40세,상해없음,이륜,남,51-60세,중상,2015,2
2015022100100303.2,2015년 2월,토요일,서울특별시 광진구 능동,부상신고사고,0,0,0,1,차대차 - 충돌,신호위반,건조,맑음,교차로 - 교차로안,원동기,남,20세 이하,부상신고,승용,남,65세 이상,상해없음,2015,2
2015022200100063.2,2015년 2월,일요일,서울특별시 광진구 구의동,경상사고,0,0,1,0,차대사람 - 횡단중,안전운전불이행,습기,비,단일로 - 기타,승용,남,41-50세,상해없음,보행자,남,41-50세,경상,2015,2
2015022200100106.0,2015년 2월,일요일,서울특별시 광진구 광장동,중상사고,0,1,0,0,차대차 - 충돌,중앙선침범,습기,비,교차로 - 교차로안,자전거,남,51-60세,중상,승용,여,41-50세,상해없음,2015,2
2015022200100219.2,2015년 2월,일요일,서울특별시 광진구 화양동,경상사고,0,0,1,0,차대차 - 기타,신호위반,건조,맑음,단일로 - 기타,승용,남,51-60세,상해없음,원동기,남,21-30세,경상,2015,2
2015022200100256.8,2015년 2월,일요일,서울특별시 광진구 구의동,경상사고,0,0,1,0,차대사람 - 길가장자리구역통행중,안전운전불이행,건조,맑음,단일로 - 기타,승용,남,51-60세,상해없음,보행자,여,41-50세,경상,2015,2
2015022300100002.0,2015년 2월,월요일,서울특별시 광진구 자양동,경상사고,0,0,2,0,차대차 - 추돌,안전운전불이행,건조,맑음,단일로 - 기타,승용,남,41-50세,상해없음,승용,남,41-50세,경상,2015,2
2015022300100302.0,2015년 2월,월요일,서울특별시 광진구 화양동,경상사고,0,0,4,0,차대차 - 기타,안전운전불이행,건조,맑음,단일로 - 기타,승용,여,41-50세,상해없음,승용,남,21-30세,경상,2015,2
2015022300100328.8,2015년 2월,월요일,서울특별시 광진구 군자동,중상사고,0,1,0,0,차대차 - 충돌,신호위반,건조,맑음,단일로 - 기타,승용,남,51-60세,상해없음,원동기,남,31-40세,중상,2015,2
2015022400100451.2,2015년 2월,화요일,서울특별시 광진구 광장동,사망사고,1,0,0,0,차대차 - 충돌,중앙선침범,건조,맑음,교차로 - 교차로안,승용,남,61-64세,상해없음,원동기,남,31-40세,사망,2015,2
2015022400100515.2,2015년 2월,화요일,서울특별시 광진구 자양동,경상사고,0,0,1,0,차대차 - 추돌,안전운전불이행,건조,맑음,단일로 - 기타,승용,남,51-60세,상해없음,승용,남,51-60세,상해없음,2015,2
2015022500100052.0,2015년 2월,수요일,서울특별시 광진구 자양동,부상신고사고,0,0,0,1,차량단독 - 충돌,안전운전불이행,건조,맑음,단일로 - 교량,이륜,남,31-40세,부상신고,,,,,2015,2
2015022600100152.8,2015년 2월,목요일,서울특별시 광진구 구의동,경상사고,0,0,1,0,차대차 - 추돌,안전거리미확보,건조,맑음,단일로 - 기타,이륜,남,20세 이하,상해없음,승용,여,31-40세,상해없음,2015,2
2015022600100176.8,2015년 2월,목요일,서울특별시 광진구 자양동,부상신고사고,0,0,0,2,차대차 - 추돌,안전운전불이행,건조,맑음,단일로 - 기타,승용,남,61-64세,상해없음,승용,남,31-40세,부상신고,2015,2
2015022600100355.2,2015년 2월,목요일,서울특별시 광진구 구의동,경상사고,0,0,1,0,차대사람 - 기타,안전운전불이행,건조,맑음,단일로 - 기타,승용,남,21-30세,상해없음,보행자,여,31-40세,경상,2015,2
2015022700100003.2,2015년 2월,금요일,서울특별시 광진구 자양동,경상사고,0,0,2,0,차대차 - 추돌,안전운전불이행,건조,맑음,교차로 - 교차로부근,이륜,남,41-50세,상해없음,이륜,남,21-30세,경상,2015,2
2015022700100171.2,2015년 2월,금요일,서울특별시 광진구 구의동,경상사고,0,0,1,0,차대차 - 충돌,안전운전불이행,건조,맑음,단일로 - 기타,건설기계,남,51-60세,상해없음,승용,남,41-50세,경상,2015,2
2015022700100366.0,2015년 2월,금요일,서울특별시 광진구 중곡동,중상사고,0,1,1,0,차대차 - 추돌,안전거리미확보,건조,맑음,단일로 - 기타,이륜,남,51-60세,중상,승용,남,61-64세,상해없음,2015,2
2015022800100062.0,2015년 2월,토요일,서울특별시 광진구 중곡동,경상사고,0,0,2,0,차대차 - 기타,안전운전불이행,건조,맑음,단일로 - 기타,승용,여,31-40세,상해없음,승합,남,41-50세,경상,2015,2
2015022800100099.2,2015년 2월,토요일,서울특별시 광진구 구의동,경상사고,0,0,1,0,차대사람 - 길가장자리구역통행중,안전운전불이행,건조,맑음,단일로 - 기타,승용,남,41-50세,상해없음,보행자,남,21-30세,경상,2015,2
2015030100100076.8,2015년 3월,일요일,서울특별시 광진구 화양동,경상사고,0,0,2,0,차대차 - 충돌,안전운전불이행,건조,맑음,단일로 - 기타,승용,남,21-30세,상해없음,승용,남,41-50세,경상,2015,3
2015030200100008.8,2015년 3월,월요일,서울특별시 광진구 화양동,경상사고,0,0,1,0,차대사람 - 차도통행중,안전운전불이행,건조,맑음,단일로 - 기타,승용,여,21-30세,상해없음,보행자,남,21-30세,경상,2015,3
2015030200100232.0,2015년 3월,월요일,서울특별시 광진구 자양동,중상사고,0,1,0,0,차대차 - 기타,안전거리미확보,건조,맑음,교차로 - 교차로부근,승용,남,41-50세,상해없음,원동기,남,41-50세,중상,2015,3
2015030200100376.8,2015년 3월,월요일,서울특별시 광진구 군자동,경상사고,0,0,1,1,차대차 - 기타,안전운전불이행,건조,맑음,단일로 - 기타,원동기,남,20세 이하,상해없음,승합,남,41-50세,상해없음,2015,3
2015030200100536.8,2015년 3월,월요일,서울특별시 광진구 광장동,중상사고,0,1,2,0,차대차 - 추돌,안전운전불이행,건조,맑음,교차로 - 교차로부근,화물,남,41-50세,상해없음,원동기,남,21-30세,중상,2015,3
2015030300100243.2,2015년 3월,화요일,서울특별시 광진구 자양동,경상사고,0,0,1,0,차대차 - 추돌,안전거리미확보,건조,맑음,교차로 - 교차로안,승용,남,61-64세,상해없음,승용,남,65세 이상,경상,2015,3
2015030300100302.0,2015년 3월,화요일,서울특별시 광진구 자양동,경상사고,0,0,1,0,차대차 - 충돌,교차로운행방법위반,습기,비,단일로 - 기타,승용,기타불명,기타불명,기타불명,승용,남,65세 이상,경상,2015,3
2015030400100102.0,2015년 3월,수요일,서울특별시 광진구 구의동,경상사고,0,0,1,0,차대사람 - 기타,안전운전불이행,건조,맑음,단일로 - 기타,승용,여,51-60세,기타불명,보행자,여,21-30세,경상,2015,3
2015030400100142.0,2015년 3월,수요일,서울특별시 광진구 자양동,중상사고,0,1,0,0,차대차 - 기타,기타,건조,맑음,단일로 - 기타,승용,남,61-64세,상해없음,자전거,남,21-30세,중상,2015,3
2015030400100398.0,2015년 3월,수요일,서울특별시 광진구 중곡동,경상사고,0,0,1,0,차대차 - 추돌,안전운전불이행,건조,맑음,단일로 - 기타,승용,남,21-30세,상해없음,승용,여,51-60세,경상,2015,3
2015030000000000.0,2015년 3월,목요일,서울특별시 광진구 구의동,중상사고,0,1,2,1,차대차 - 추돌,안전운전불이행,건조,맑음,단일로 - 기타,승용,남,31-40세,상해없음,승용,남,21-30세,중상,2015,3
2015030500100076.8,2015년 3월,목요일,서울특별시 광진구 중곡동,중상사고,0,1,0,0,차대차 - 충돌,중앙선침범,건조,맑음,단일로 - 기타,화물,남,51-60세,상해없음,원동기,남,41-50세,중상,2015,3
2015030500100244.8,2015년 3월,목요일,서울특별시 광진구 중곡동,중상사고,0,1,0,0,차대사람 - 횡단중,안전운전불이행,건조,맑음,교차로 - 교차로안,승용,여,41-50세,상해없음,보행자,여,65세 이상,중상,2015,3
2015030600100022.0,2015년 3월,금요일,서울특별시 광진구 자양동,중상사고,0,1,0,0,차대차 - 충돌,과속,건조,맑음,단일로 - 기타,승용,남,51-60세,상해없음,자전거,남,61-64세,중상,2015,3
2015030600100468.0,2015년 3월,금요일,서울특별시 광진구 자양동,경상사고,0,0,1,0,차대차 - 충돌,안전거리미확보,건조,맑음,단일로 - 기타,승용,여,31-40세,상해없음,승용,남,51-60세,경상,2015,3
2015030700100000.8,2015년 3월,토요일,서울특별시 광진구 군자동,중상사고,0,1,0,0,차대사람 - 기타,안전운전불이행,건조,맑음,단일로 - 기타,승용,남,51-60세,상해없음,보행자,남,41-50세,중상,2015,3
2015030700100076.8,2015년 3월,토요일,서울특별시 광진구 자양동,경상사고,0,0,6,0,차대차 - 추돌,기타,건조,맑음,단일로 - 기타,승용,남,21-30세,상해없음,승용,남,51-60세,경상,2015,3
2015030700100456.8,2015년 3월,토요일,서울특별시 광진구 능동,경상사고,0,0,2,0,차대차 - 추돌,교차로운행방법위반,건조,맑음,교차로 - 교차로안,승용,남,51-60세,상해없음,승용,남,51-60세,상해없음,2015,3
2015030800100394.0,2015년 3월,일요일,서울특별시 광진구 자양동,중상사고,0,1,0,0,차대차 - 추돌,안전운전불이행,건조,맑음,단일로 - 기타,승용,남,31-40세,상해없음,승용,남,31-40세,중상,2015,3
2015030900100311.2,2015년 3월,월요일,서울특별시 광진구 중곡동,경상사고,0,0,1,0,차대차 - 기타,안전운전불이행,건조,맑음,단일로 - 기타,화물,남,41-50세,상해없음,승합,남,51-60세,경상,2015,3
2015030900100512.8,2015년 3월,월요일,서울특별시 광진구 중곡동,경상사고,0,0,2,0,차대차 - 추돌,안전운전불이행,건조,맑음,단일로 - 기타,승용,남,31-40세,상해없음,승용,남,51-60세,상해없음,2015,3
2015030000000000.0,2015년 3월,화요일,서울특별시 광진구 구의동,경상사고,0,0,1,0,차대사람 - 횡단중,신호위반,건조,맑음,교차로 - 교차로안,승용,남,31-40세,상해없음,보행자,남,13-20세,경상,2015,3
2015031000100076.8,2015년 3월,화요일,서울특별시 광진구 화양동,경상사고,0,0,1,0,차대차 - 충돌,안전운전불이행,건조,맑음,교차로 - 교차로부근,승용,여,21-30세,상해없음,승용,여,51-60세,경상,2015,3
2015031000100078.0,2015년 3월,화요일,서울특별시 광진구 자양동,중상사고,0,1,1,0,차대차 - 기타,안전거리미확보,건조,맑음,단일로 - 기타,승용,남,61-64세,상해없음,승용,남,31-40세,중상,2015,3
2015031000100228.0,2015년 3월,화요일,서울특별시 광진구 중곡동,경상사고,0,0,1,0,차대사람 - 기타,안전운전불이행,건조,흐림,교차로 - 교차로부근,승용,남,65세 이상,상해없음,보행자,여,65세 이상,경상,2015,3
2015031100100028.0,2015년 3월,수요일,서울특별시 광진구 군자동,부상신고사고,0,0,0,1,차대차 - 충돌,교차로운행방법위반,건조,맑음,교차로 - 교차로안,승용,남,61-64세,상해없음,이륜,남,51-60세,부상신고,2015,3
2015031100100276.0,2015년 3월,수요일,서울특별시 광진구 능동,부상신고사고,0,0,0,1,차대차 - 기타,안전거리미확보,건조,맑음,단일로 - 기타,승용,남,51-60세,상해없음,승용,여,51-60세,상해없음,2015,3
2015031100100379.2,2015년 3월,수요일,서울특별시 광진구 구의동,경상사고,0,0,1,0,차대사람 - 횡단중,보행자보호의무위반,건조,맑음,단일로 - 횡단보도상,원동기,남,31-40세,상해없음,보행자,남,12세 이하,경상,2015,3
2015031200100051.2,2015년 3월,목요일,서울특별시 광진구 구의동,경상사고,0,0,2,0,차대차 - 충돌,안전운전불이행,건조,맑음,교차로 - 교차로안,승용,여,41-50세,상해없음,승용,남,51-60세,경상,2015,3
2015031200100304.0,2015년 3월,목요일,서울특별시 광진구 능동,중상사고,0,1,0,0,차대사람 - 기타,안전운전불이행,건조,맑음,단일로 - 기타,자전거,남,21-30세,상해없음,보행자,남,65세 이상,중상,2015,3
2015031200100428.8,2015년 3월,목요일,서울특별시 광진구 중곡동,경상사고,0,0,1,0,차대차 - 추돌,안전운전불이행,건조,맑음,교차로 - 교차로부근,승용,여,51-60세,경상,승용,남,21-30세,상해없음,2015,3
2015031300100072.0,2015년 3월,금요일,서울특별시 광진구 광장동,중상사고,0,1,3,0,차대차 - 충돌,중앙선침범,건조,맑음,단일로 - 기타,승용,남,65세 이상,중상,승용,남,51-60세,경상,2015,3
2015031300100422.0,2015년 3월,금요일,서울특별시 광진구 광장동,경상사고,0,0,1,0,차량단독 - 기타,안전운전불이행,건조,맑음,단일로 - 기타,승합,남,31-40세,상해없음,,,,,2015,3
2015031300100551.2,2015년 3월,금요일,서울특별시 광진구 구의동,경상사고,0,0,2,0,차대차 - 기타,안전운전불이행,건조,맑음,교차로 - 교차로부근,승용,남,51-60세,상해없음,승용,남,31-40세,경상,2015,3
2015031400100666.0,2015년 3월,토요일,서울특별시 광진구 중곡동,경상사고,0,0,2,0,차대차 - 추돌,안전운전불이행,건조,맑음,단일로 - 기타,승용,남,41-50세,상해없음,승용,여,41-50세,경상,2015,3