사고번호,발생년월,요일,시군구,사고내용,사망자수,중상자수,경상자수,부상신고자수,사고유형,법규위반,노면상태,기상상태,도로형태,가해운전자 차종,가해운전자 성별,가해운전자 연령대,가해운전자 상해정도,피해운전자 차종,피해운전자 성별,피해운전자 연령대,피해운전자 상해정도,발생년도,발생월
2015031500100002.0,2015년 3월,일요일,서울특별시 광진구 광장동,중상사고,0,1,0,0,차량단독 - 전도전복,안전운전불이행,건조,맑음,교차로 - 교차로안,승용,남,41-50세,중상,,,,,2015,3
2015031600100140.8,2015년 3월,월요일,서울특별시 광진구 중곡동,경상사고,0,0,1,0,차대사람 - 기타,안전운전불이행,건조,맑음,단일로 - 기타,승용,남,41-50세,상해없음,보행자,여,41-50세,경상,2015,3
2015031600100212.0,2015년 3월,월요일,서울특별시 광진구 구의동,중상사고,0,1,0,0,차대사람 - 횡단중,안전운전불이행,건조,맑음,단일로 - 기타,승용,남,41-50세,상해없음,보행자,여,65세 이상,중상,2015,3
2015031600100335.2,2015년 3월,월요일,서울특별시 광진구 자양동,중상사고,0,1,0,0,차대사람 - 횡단중,신호위반,건조,맑음,교차로 - 교차로안,승용,남,51-60세,상해없음,보행자,여,65세 이상,중상,2015,3
2015031600100364.0,2015년 3월,월요일,서울특별시 광진구 중곡동,중상사고,0,1,0,0,차대사람 - 횡단중,안전운전불이행,건조,맑음,단일로 - 기타,화물,남,51-60세,상해없음,보행자,여,65세 이상,중상,2015,3
2015030000000000.0,2015년 3월,월요일,서울특별시 광진구 화양동,경상사고,0,0,1,0,차대차 - 충돌,신호위반,건조,맑음,단일로 - 기타,승용,남,21-30세,상해없음,이륜,남,13-20세,경상,2015,3
2015031700100035.2,2015년 3월,화요일,서울특별시 광진구 군자동,중상사고,0,1,0,0,차대사람 - 기타,안전운전불이행,건조,맑음,단일로 - 횡단보도상,승용,남,51-60세,상해없음,보행자,여,41-50세,중상,2015,3
2015031700100462.0,2015년 3월,화요일,서울특별시 광진구 중곡동,경상사고,0,0,3,0,차대차 - 기타,안전운전불이행,건조,흐림,단일로 - 기타,화물,남,61-64세,경상,승용,남,51-60세,기타불명,2015,3
2015031800100055.2,2015년 3월,수요일,서울특별시 광진구 중곡동,중상사고,0,1,1,0,차대차 - 충돌,안전운전불이행,건조,맑음,교차로 - 교차로안,승용,남,51-60세,상해없음,승용,남,41-50세,중상,2015,3
2015031800100544.0,2015년 3월,수요일,서울특별시 광진구 화양동,경상사고,0,0,1,0,차대사람 - 차도통행중,안전운전불이행,건조,맑음,단일로 - 기타,원동기,남,41-50세,상해없음,보행자,남,31-40세,경상,2015,3
2015030000000000.0,2015년 3월,수요일,서울특별시 광진구 화양동,중상사고,0,1,0,0,차대차 - 충돌,중앙선침범,건조,맑음,교차로 - 교차로안,승용,남,41-50세,상해없음,이륜,남,31-40세,중상,2015,3
2015031900100108.8,2015년 3월,목요일,서울특별시 광진구 화양동,경상사고,0,0,1,0,차대사람 - 차도통행중,안전운전불이행,건조,맑음,단일로 - 기타,화물,기타불명,기타불명,기타불명,보행자,여,21-30세,경상,2015,3
2015031900100196.0,2015년 3월,목요일,서울특별시 광진구 중곡동,중상사고,0,1,0,0,차대차 - 기타,안전운전불이행,건조,맑음,단일로 - 기타,승용,남,31-40세,상해없음,이륜,남,41-50세,중상,2015,3
2015032000100180.8,2015년 3월,금요일,서울특별시 광진구 군자동,경상사고,0,0,1,0,차대차 - 충돌,교차로운행방법위반,건조,맑음,교차로 - 교차로안,승용,남,31-40세,기타불명,승용,남,51-60세,경상,2015,3
2015032000100268.0,2015년 3월,금요일,서울특별시 광진구 화양동,중상사고,0,1,0,0,차대차 - 충돌,신호위반,건조,맑음,교차로 - 교차로안,화물,남,41-50세,상해없음,이륜,남,65세 이상,중상,2015,3
2015032000100572.8,2015년 3월,금요일,서울특별시 광진구 구의동,경상사고,0,0,1,0,차대차 - 충돌,안전운전불이행,건조,맑음,교차로 - 교차로부근,승용,남,61-64세,상해없음,승용,남,41-50세,경상,2015,3
2015032100100092.0,2015년 3월,토요일,서울특별시 광진구 중곡동,경상사고,0,0,1,2,차대차 - 추돌,안전운전불이행,건조,맑음,단일로 - 기타,승용,남,21-30세,상해없음,승합,남,61-64세,부상신고,2015,3
2015032100100515.2,2015년 3월,토요일,서울특별시 광진구 광장동,경상사고,0,0,2,0,차대차 - 기타,안전운전불이행,건조,맑음,단일로 - 기타,승용,남,31-40세,상해없음,승용,남,41-50세,경상,2015,3
2015032200100063.2,2015년 3월,일요일,서울특별시 광진구 중곡동,경상사고,0,0,1,0,차대차 - 기타,안전거리미확보,건조,맑음,단일로 - 기타,승합,남,51-60세,상해없음,이륜,남,21-30세,경상,2015,3
2015032200100292.0,2015년 3월,일요일,서울특별시 광진구 화양동,경상사고,0,0,1,0,차대차 - 추돌,안전거리미확보,건조,맑음,단일로 - 기타,승용,여,20세 이하,상해없음,승용,남,41-50세,경상,2015,3
2015032200100336.0,2015년 3월,일요일,서울특별시 광진구 중곡동,중상사고,0,1,0,0,차대사람 - 기타,안전운전불이행,건조,맑음,교차로 - 교차로부근,승용,남,51-60세,상해없음,보행자,남,65세 이상,중상,2015,3
2015030000000000.0,2015년 3월,월요일,서울특별시 광진구 중곡동,경상사고,0,0,1,0,차대차 - 충돌,안전운전불이행,건조,맑음,교차로 - 교차로안,승용,여,41-50세,상해없음,자전거,남,21-30세,경상,2015,3
2015032300100132.8,2015년 3월,월요일,서울특별시 광진구 자양동,중상사고,0,1,0,0,차대차 - 기타,안전운전불이행,건조,맑음,단일로 - 기타,승용,여,41-50세,상해없음,자전거,남,31-40세,중상,2015,3
2015032300100194.0,2015년 3월,월요일,서울특별시 광진구 자양동,경상사고,0,0,1,0,차대차 - 추돌,안전운전불이행,건조,맑음,교차로 - 교차로안,승용,남,21-30세,상해없음,승용,남,65세 이상,경상,2015,3
2015030000000000.0,2015년 3월,월요일,서울특별시 광진구 화양동,경상사고,0,0,2,0,차대차 - 충돌,안전거리미확보,건조,맑음,기타 - 기타,승용,여,31-40세,상해없음,승용,여,21-30세,경상,2015,3
2015032300100462.0,2015년 3월,월요일,서울특별시 광진구 자양동,중상사고,0,1,0,0,차대사람 - 길가장자리구역통행중,안전운전불이행,건조,맑음,교차로 - 교차로안,화물,남,41-50세,상해없음,보행자,여,65세 이상,중상,2015,3
2015032300100587.2,2015년 3월,월요일,서울특별시 광진구 화양동,경상사고,0,0,2,0,차대차 - 추돌,안전운전불이행,건조,맑음,단일로 - 기타,승용,남,31-40세,상해없음,승용,남,51-60세,경상,2015,3
2015030000000000.0,2015년 3월,화요일,서울특별시 광진구 구의동,경상사고,0,0,3,0,차대차 - 충돌,안전운전불이행,건조,맑음,단일로 - 기타,승용,여,51-60세,상해없음,승용,남,31-40세,경상,2015,3
2015032400100031.2,2015년 3월,화요일,서울특별시 광진구 자양동,경상사고,0,0,2,0,차대차 - 충돌,안전운전불이행,건조,맑음,교차로 - 교차로안,승용,남,65세 이상,상해없음,승용,남,21-30세,경상,2015,3
2015032500100000.8,2015년 3월,수요일,서울특별시 광진구 군자동,경상사고,0,0,4,1,차대차 - 기타,안전운전불이행,건조,맑음,단일로 - 기타,승용,여,41-50세,상해없음,승용,남,21-30세,경상,2015,3
2015030000000000.0,2015년 3월,수요일,서울특별시 광진구 중곡동,중상사고,0,1,0,0,차대차 - 충돌,직진우회전진행방해,건조,맑음,교차로 - 교차로안,승용,남,51-60세,상해없음,승용,남,41-50세,상해없음,2015,3
2015032500100412.8,2015년 3월,수요일,서울특별시 광진구 구의동,경상사고,0,0,1,0,차대차 - 충돌,신호위반,건조,맑음,단일로 - 기타,승용,여,41-50세,상해없음,원동기,남,13-20세,경상,2015,3
2015032500100448.8,2015년 3월,수요일,서울특별시 광진구 자양동,경상사고,0,0,1,0,차대사람 - 횡단중,보행자보호의무위반,건조,맑음,교차로 - 교차로안,승용,남,51-60세,상해없음,보행자,여,41-50세,경상,2015,3
2015032600100020.8,2015년 3월,목요일,서울특별시 광진구 화양동,경상사고,0,0,1,0,차대차 - 추돌,안전운전불이행,건조,맑음,교차로 - 교차로부근,승용,남,21-30세,상해없음,승용,남,21-30세,경상,2015,3
2015030000000000.0,2015년 3월,목요일,서울특별시 광진구 자양동,경상사고,0,0,1,0,차대차 - 추돌,안전거리미확보,건조,맑음,단일로 - 기타,승용,남,61-64세,상해없음,승용,남,51-60세,경상,2015,3
2015032600100122.0,2015년 3월,목요일,서울특별시 광진구 광장동,경상사고,0,0,1,0,차대차 - 추돌,안전운전불이행,건조,맑음,단일로 - 기타,승용,남,51-60세,상해없음,승용,남,31-40세,상해없음,2015,3
2015032600100436.0,2015년 3월,목요일,서울특별시 광진구 구의동,경상사고,0,0,1,0,차대차 - 기타,기타,건조,맑음,단일로 - 기타,승용,남,61-64세,상해없음,자전거,여,51-60세,경상,2015,3
2015032600100556.0,2015년 3월,목요일,서울특별시 광진구 중곡동,중상사고,0,1,0,0,차대차 - 충돌,안전운전불이행,건조,맑음,단일로 - 횡단보도상,이륜,남,21-30세,상해없음,원동기,남,21-30세,중상,2015,3
2015032600100596.8,2015년 3월,목요일,서울특별시 광진구 자양동,경상사고,0,0,1,0,차대차 - 충돌,안전운전불이행,건조,맑음,교차로 - 교차로안,원동기,남,20세 이하,경상,승용,여,51-60세,상해없음,2015,3
2015032700100035.2,2015년 3월,금요일,서울특별시 광진구 자양동,부상신고사고,0,0,0,1,차량단독 - 충돌,안전운전불이행,건조,맑음,단일로 - 기타,이륜,남,21-30세,부상신고,,,,,2015,3
2015030000000000.0,2015년 3월,금요일,서울특별시 광진구 군자동,경상사고,0,0,1,0,차대차 - 추돌,안전운전불이행,건조,맑음,단일로 - 기타,승용,남,65세 이상,상해없음,자전거,남,21-30세,경상,2015,3
2015030000000000.0,2015년 3월,금요일,서울특별시 광진구 자양동,경상사고,0,0,1,0,차대사람 - 횡단중,안전운전불이행,건조,맑음,단일로 - 횡단보도상,승용,남,41-50세,상해없음,보행자,남,12세 이하,경상,2015,3
2015032800100028.0,2015년 3월,토요일,서울특별시 광진구 화양동,경상사고,0,0,1,0,차대차 - 기타,신호위반,건조,맑음,교차로 - 교차로안,승용,남,20세 이하,상해없음,원동기,남,41-50세,경상,2015,3
2015032900100108.0,2015년 3월,일요일,서울특별시 광진구 자양동,중상사고,0,1,0,0,차대사람 - 기타,안전운전불이행,건조,맑음,단일로 - 기타,자전거,남,51-60세,상해없음,보행자,남,65세 이상,중상,2015,3
2015033000100324.8,2015년 3월,월요일,서울특별시 광진구 자양동,경상사고,0,0,1,0,차대차 - 추돌,안전운전불이행,건조,맑음,기타 - 기타,승용,남,51-60세,상해없음,승용,남,31-40세,경상,2015,3
2015033100100219.2,2015년 3월,화요일,서울특별시 광진구 중곡동,경상사고,0,0,1,0,차대차 - 기타,안전운전불이행,건조,맑음,단일로 - 기타,화물,남,51-60세,상해없음,자전거,남,61-64세,경상,2015,3
2015033100100392.0,2015년 3월,화요일,서울특별시 광진구 자양동,중상사고,0,1,0,0,차대차 - 추돌,기타,건조,맑음,단일로 - 기타,화물,남,51-60세,상해없음,승용,남,41-50세,상해없음,2015,3
2015033100100532.8,2015년 3월,화요일,서울특별시 광진구 자양동,중상사고,0,1,0,0,차대차 - 충돌,신호위반,습기,비,교차로 - 교차로부근,승용,남,61-64세,상해없음,자전거,여,51-60세,중상,2015,3
2015040100100003.2,2015년 4월,수요일,서울특별시 광진구 화양동,경상사고,0,0,1,0,차대차 - 충돌,안전운전불이행,습기,비,교차로 - 교차로안,승용,남,41-50세,상해없음,승용,남,61-64세,경상,2015,4
2015040100100163.2,2015년 4월,수요일,서울특별시 광진구 중곡동,부상신고사고,0,0,0,1,차대차 - 기타,기타,건조,맑음,단일로 - 기타,승용,남,51-60세,상해없음,원동기,남,51-60세,부상신고,2015,4
2015040100100272.8,2015년 4월,수요일,서울특별시 광진구 자양동,중상사고,0,1,0,0,차대사람 - 횡단중,신호위반,건조,맑음,단일로 - 횡단보도상,이륜,남,21-30세,상해없음,보행자,여,51-60세,중상,2015,4
2015040100100340.8,2015년 4월,수요일,서울특별시 광진구 중곡동,중상사고,0,1,0,0,차대사람 - 기타,안전운전불이행,건조,맑음,단일로 - 기타,승합,남,61-64세,상해없음,보행자,여,41-50세,중상,2015,4
2015040100100379.2,2015년 4월,수요일,서울특별시 광진구 자양동,중상사고,0,1,1,0,차대차 - 충돌,신호위반,건조,맑음,단일로 - 기타,승용,여,41-50세,중상,승용,남,31-40세,경상,2015,4
2015040200100112.8,2015년 4월,목요일,서울특별시 광진구 중곡동,경상사고,0,0,1,0,차대차 - 기타,중앙선침범,건조,맑음,단일로 - 기타,건설기계,남,51-60세,상해없음,승용,남,21-30세,경상,2015,4
2015040200100612.0,2015년 4월,목요일,서울특별시 광진구 자양동,중상사고,0,3,3,0,차대차 - 추돌,중앙선침범,습기,비,단일로 - 기타,승용,남,31-40세,상해없음,승용,남,51-60세,경상,2015,4
2015040200100612.8,2015년 4월,목요일,서울특별시 광진구 중곡동,경상사고,0,0,1,0,차대사람 - 횡단중,안전운전불이행,습기,비,단일로 - 기타,승용,남,61-64세,상해없음,보행자,남,21-30세,경상,2015,4
2015040200100662.0,2015년 4월,목요일,서울특별시 광진구 화양동,경상사고,0,0,1,0,차대차 - 기타,안전운전불이행,습기,비,단일로 - 기타,승용,남,51-60세,상해없음,원동기,남,13-20세,경상,2015,4
2015040300100000.8,2015년 4월,금요일,서울특별시 광진구 군자동,경상사고,0,0,2,0,차대차 - 기타,안전운전불이행,건조,맑음,단일로 - 기타,승용,남,51-60세,상해없음,승용,남,51-60세,경상,2015,4
2015040300100100.8,2015년 4월,금요일,서울특별시 광진구 화양동,경상사고,0,0,1,0,차대차 - 충돌,안전거리미확보,습기,흐림,단일로 - 기타,승용,남,51-60세,상해없음,이륜,남,31-40세,경상,2015,4
2015040000000000.0,2015년 4월,금요일,서울특별시 광진구 자양동,경상사고,0,0,1,0,차대사람 - 횡단중,안전운전불이행,건조,맑음,교차로 - 교차로부근,자전거,기타불명,기타불명,기타불명,보행자,여,13-20세,경상,2015,4
2015040300100478.0,2015년 4월,금요일,서울특별시 광진구 구의동,경상사고,0,0,1,0,차대차 - 충돌,안전거리미확보,건조,맑음,교차로 - 교차로부근,자전거,남,20세 이하,경상,승용,기타불명,기타불명,기타불명,2015,4
2015040400100091.2,2015년 4월,토요일,서울특별시 광진구 자양동,경상사고,0,0,1,0,차대차 - 추돌,안전운전불이행,건조,맑음,단일로 - 기타,승용,남,41-50세,상해없음,승용,여,61-64세,경상,2015,4
2015040500100084.0,2015년 4월,일요일,서울특별시 광진구 자양동,경상사고,0,0,2,1,차대차 - 기타,교차로운행방법위반,건조,맑음,교차로 - 교차로부근,승용,남,61-64세,상해없음,승용,남,21-30세,부상신고,2015,4
2015040500100084.8,2015년 4월,일요일,서울특별시 광진구 자양동,경상사고,0,0,1,0,차대사람 - 기타,안전운전불이행,건조,맑음,단일로 - 기타,승용,남,51-60세,상해없음,보행자,남,41-50세,경상,2015,4
2015040500100142.0,2015년 4월,일요일,서울특별시 광진구 군자동,경상사고,0,0,1,0,차대차 - 추돌,안전운전불이행,건조,맑음,교차로 - 교차로안,자전거,남,51-60세,경상,원동기,남,31-40세,상해없음,2015,4
2015040500100314.0,2015년 4월,일요일,서울특별시 광진구 화양동,중상사고,0,1,1,0,차대사람 - 보도통행중,신호위반,건조,맑음,단일로 - 기타,승용,남,41-50세,상해없음,보행자,여,21-30세,중상,2015,4
2015040000000000.0,2015년 4월,월요일,서울특별시 광진구 자양동,경상사고,0,0,1,0,차대차 - 충돌,안전거리미확보,건조,맑음,단일로 - 기타,승용,여,41-50세,상해없음,승용,남,61-64세,경상,2015,4
2015040600100502.0,2015년 4월,월요일,서울특별시 광진구 중곡동,중상사고,0,1,0,0,차대차 - 충돌,교차로운행방법위반,건조,맑음,교차로 - 교차로안,이륜,남,21-30세,중상,승용,남,51-60세,상해없음,2015,4
2015040600100539.2,2015년 4월,월요일,서울특별시 광진구 중곡동,경상사고,0,0,2,1,차대차 - 기타,안전운전불이행,건조,흐림,단일로 - 기타,승용,남,51-60세,부상신고,화물,남,51-60세,기타불명,2015,4
2015040700100239.2,2015년 4월,화요일,서울특별시 광진구 중곡동,중상사고,0,1,0,0,차대차 - 기타,안전거리미확보,건조,맑음,교차로 - 교차로부근,승용,남,21-30세,상해없음,원동기,남,13-20세,중상,2015,4
2015040700100382.0,2015년 4월,화요일,서울특별시 광진구 구의동,중상사고,0,2,0,0,차대차 - 충돌,신호위반,건조,맑음,교차로 - 교차로안,이륜,남,51-60세,중상,이륜,남,51-60세,중상,2015,4
2015040800100054.0,2015년 4월,수요일,서울특별시 광진구 자양동,경상사고,0,0,2,0,차대차 - 추돌,안전운전불이행,건조,맑음,단일로 - 교량,승용,기타불명,기타불명,기타불명,화물,남,51-60세,경상,2015,4
2015040900100114.0,2015년 4월,목요일,서울특별시 광진구 광장동,경상사고,0,0,1,0,차대차 - 기타,안전운전불이행,건조,맑음,교차로 - 교차로안,승합,남,41-50세,상해없음,원동기,남,21-30세,경상,2015,4
2015040900100288.8,2015년 4월,목요일,서울특별시 광진구 자양동,경상사고,0,0,1,0,차대차 - 추돌,안전운전불이행,건조,맑음,단일로 - 기타,승용,남,51-60세,상해없음,승용,남,31-40세,경상,2015,4
2015040900100508.8,2015년 4월,목요일,서울특별시 광진구 자양동,경상사고,0,0,2,0,차대차 - 기타,안전운전불이행,건조,맑음,단일로 - 횡단보도부근,승용,남,21-30세,상해없음,승용,여,51-60세,경상,2015,4
2015040900100536.0,2015년 4월,목요일,서울특별시 광진구 구의동,경상사고,0,0,2,0,차대차 - 충돌,신호위반,건조,맑음,교차로 - 교차로부근,이륜,남,31-40세,상해없음,승용,남,51-60세,경상,2015,4
2015040900100536.8,2015년 4월,목요일,서울특별시 광진구 능동,경상사고,0,0,1,0,차대차 - 기타,안전운전불이행,건조,맑음,단일로 - 기타,화물,남,51-60세,상해없음,승용,여,31-40세,경상,2015,4
2015041000100040.8,2015년 4월,금요일,서울특별시 광진구 자양동,중상사고,0,1,0,0,차대차 - 기타,안전운전불이행,건조,맑음,단일로 - 교량,승용,남,51-60세,상해없음,승용,남,61-64세,상해없음,2015,4
2015041000100088.0,2015년 4월,금요일,서울특별시 광진구 중곡동,중상사고,0,1,0,0,차대차 - 기타,신호위반,건조,맑음,단일로 - 횡단보도상,화물,남,51-60세,상해없음,자전거,남,41-50세,중상,2015,4
2015041000100088.8,2015년 4월,금요일,서울특별시 광진구 자양동,중상사고,0,1,0,0,차대차 - 추돌,안전운전불이행,건조,맑음,단일로 - 기타,승합,남,65세 이상,중상,승용,남,51-60세,상해없음,2015,4
2015041000100108.0,2015년 4월,금요일,서울특별시 광진구 군자동,경상사고,0,0,1,0,차대차 - 충돌,안전운전불이행,건조,맑음,단일로 - 횡단보도상,원동기,남,31-40세,상해없음,자전거,남,41-50세,경상,2015,4
2015041000100152.0,2015년 4월,금요일,서울특별시 광진구 구의동,중상사고,0,2,0,0,차대차 - 충돌,중앙선침범,건조,맑음,단일로 - 기타,승용,남,31-40세,상해없음,승용,남,65세 이상,중상,2015,4
2015041000100256.0,2015년 4월,금요일,서울특별시 광진구 구의동,경상사고,0,0,2,0,차대차 - 추돌,안전운전불이행,건조,맑음,단일로 - 기타,이륜,남,21-30세,경상,승용,남,51-60세,경상,2015,4
2015041000100494.0,2015년 4월,금요일,서울특별시 광진구 광장동,경상사고,0,0,2,0,차대차 - 충돌,안전거리미확보,건조,맑음,단일로 - 기타,승용,남,65세 이상,경상,승용,여,41-50세,상해없음,2015,4
2015041100100036.8,2015년 4월,토요일,서울특별시 광진구 중곡동,경상사고,0,0,2,0,차대차 - 기타,안전거리미확보,건조,맑음,단일로 - 기타,승용,남,31-40세,상해없음,승용,남,41-50세,경상,2015,4
2015041100100080.8,2015년 4월,토요일,서울특별시 광진구 자양동,경상사고,0,0,1,0,차대차 - 추돌,안전거리미확보,건조,맑음,단일로 - 기타,승용,남,65세 이상,상해없음,승용,여,31-40세,경상,2015,4
2015041100100342.0,2015년 4월,토요일,서울특별시 광진구 광장동,경상사고,0,0,1,0,차대차 - 충돌,교차로운행방법위반,건조,맑음,교차로 - 교차로안,건설기계,남,51-60세,상해없음,승용,여,51-60세,경상,2015,4
2015041100100663.2,2015년 4월,토요일,서울특별시 광진구 군자동,경상사고,0,0,1,0,차대차 - 추돌,안전거리미확보,건조,맑음,단일로 - 기타,화물,남,21-30세,상해없음,승용,남,51-60세,상해없음,2015,4
2015040000000000.0,2015년 4월,일요일,서울특별시 광진구 중곡동,경상사고,0,0,1,0,차대차 - 추돌,안전운전불이행,건조,맑음,단일로 - 기타,승용,남,51-60세,상해없음,승용,남,41-50세,상해없음,2015,4
2015040000000000.0,2015년 4월,일요일,서울특별시 광진구 능동,경상사고,0,0,1,0,차대차 - 기타,차로위반,건조,맑음,단일로 - 기타,자전거,남,21-30세,경상,승용,남,31-40세,상해없음,2015,4
2015040000000000.0,2015년 4월,일요일,서울특별시 광진구 화양동,중상사고,0,1,0,0,차대차 - 추돌,안전운전불이행,건조,맑음,교차로 - 교차로부근,원동기,남,20세 이하,상해없음,승용,남,21-30세,상해없음,2015,4
2015041300100431.2,2015년 4월,월요일,서울특별시 광진구 구의동,중상사고,0,1,0,1,차대차 - 충돌,중앙선침범,습기,비,단일로 - 기타,자전거,남,65세 이상,중상,승용,여,41-50세,상해없음,2015,4
2015041400100036.0,2015년 4월,화요일,서울특별시 광진구 군자동,경상사고,0,0,1,0,차대차 - 충돌,안전운전불이행,건조,맑음,단일로 - 기타,승용,남,41-50세,상해없음,승용,남,41-50세,경상,2015,4
2015041400100452.0,2015년 4월,화요일,서울특별시 광진구 자양동,경상사고,0,0,1,0,차대차 - 충돌,기타,습기,비,단일로 - 기타,승용,남,65세 이상,상해없음,원동기,남,41-50세,경상,2015,4
2015041400100615.2,2015년 4월,화요일,서울특별시 광진구 광장동,중상사고,0,1,0,1,차대차 - 기타,신호위반,건조,맑음,단일로 - 기타,자전거,남,51-60세,중상,원동기,남,21-30세,부상신고,2015,4
2015041500100134.0,2015년 4월,수요일,서울특별시 광진구 화양동,부상신고사고,0,0,0,2,차대사람 - 횡단중,안전운전불이행,건조,맑음,단일로 - 기타,이륜,남,21-30세,부상신고,보행자,남,21-30세,부상신고,2015,4
2015041500100396.8,2015년 4월,수요일,서울특별시 광진구 중곡동,경상사고,0,0,1,0,차대차 - 충돌,안전거리미확보,건조,맑음,단일로 - 기타,승용,남,51-60세,상해없음,원동기,남,21-30세,경상,2015,4
2015041500100576.8,2015년 4월,수요일,서울특별시 광진구 구의동,중상사고,0,1,0,0,차대차 - 기타,중앙선침범,건조,맑음,단일로 - 횡단보도상,자전거,남,21-30세,중상,기타불명,기타불명,기타불명,기타불명,2015,4
2015041500100639.2,2015년 4월,수요일,서울특별시 광진구 화양동,경상사고,0,0,1,0,차대차 - 추돌,안전운전불이행,건조,맑음,교차로 - 교차로부근,승용,남,21-30세,기타불명,승용,남,41-50세,상해없음,2015,4
2015041600100016.8,2015년 4월,목요일,서울특별시 광진구 구의동,중상사고,0,1,0,0,차대사람 - 차도통행중,안전운전불이행,건조,맑음,단일로 - 기타,화물,남,31-40세,상해없음,보행자,남,41-50세,중상,2015,4
2015041600100084.0,2015년 4월,목요일,서울특별시 광진구 구의동,경상사고,0,0,1,0,차량단독 - 기타,안전운전불이행,건조,맑음,단일로 - 기타,승합,남,31-40세,상해없음,,,,,2015,4
2015041600100315.2,2015년 4월,목요일,서울특별시 광진구 자양동,경상사고,0,0,1,0,차대차 - 추돌,안전운전불이행,건조,맑음,단일로 - 기타,승용,남,65세 이상,상해없음,자전거,남,51-60세,경상,2015,4
2015041600100352.8,2015년 4월,목요일,서울특별시 광진구 중곡동,부상신고사고,0,0,0,1,차대사람 - 기타,안전운전불이행,건조,맑음,단일로 - 기타,화물,남,41-50세,상해없음,보행자,남,13-20세,부상신고,2015,4
2015041600100354.0,2015년 4월,목요일,서울특별시 광진구 중곡동,중상사고,0,1,0,0,차대사람 - 횡단중,안전운전불이행,건조,맑음,단일로 - 기타,승용,남,61-64세,상해없음,보행자,여,65세 이상,중상,2015,4
2015041700100327.2,2015년 4월,금요일,서울특별시 광진구 구의동,중상사고,0,1,0,0,차대차 - 충돌,교차로운행방법위반,건조,맑음,교차로 - 교차로안,승용,남,31-40세,상해없음,원동기,남,41-50세,중상,2015,4
2015041700100667.2,2015년 4월,금요일,서울특별시 광진구 화양동,중상사고,0,1,0,0,차대사람 - 차도통행중,안전운전불이행,건조,맑음,단일로 - 기타,승용,기타불명,기타불명,기타불명,보행자,여,21-30세,중상,2015,4
2015041800100003.2,2015년 4월,토요일,서울특별시 광진구 중곡동,경상사고,0,0,1,0,차량단독 - 기타,안전운전불이행,건조,맑음,단일로 - 기타,승용,남,51-60세,상해없음,,,,,2015,4
2015040000000000.0,2015년 4월,토요일,서울특별시 광진구 중곡동,경상사고,0,0,2,0,차대차 - 추돌,안전운전불이행,건조,맑음,단일로 - 기타,승용,남,31-40세,상해없음,승용,남,51-60세,경상,2015,4
2015041800100156.8,2015년 4월,토요일,서울특별시 광진구 중곡동,경상사고,0,0,1,0,차대차 - 충돌,중앙선침범,건조,맑음,단일로 - 기타,원동기,남,21-30세,상해없음,자전거,여,41-50세,경상,2015,4
2015041800100212.0,2015년 4월,토요일,서울특별시 광진구 광장동,경상사고,0,0,1,0,차대차 - 기타,안전운전불이행,건조,맑음,교차로 - 교차로부근,자전거,남,65세 이상,경상,승용,남,51-60세,상해없음,2015,4
2015041800100344.8,2015년 4월,토요일,서울특별시 광진구 중곡동,중상사고,0,1,0,0,차대사람 - 횡단중,안전운전불이행,건조,맑음,단일로 - 기타,승용,여,31-40세,상해없음,보행자,여,65세 이상,중상,2015,4
2015041800100411.2,2015년 4월,토요일,서울특별시 광진구 자양동,경상사고,0,0,2,0,차대차 - 기타,안전운전불이행,건조,맑음,단일로 - 기타,승용,남,51-60세,상해없음,화물,남,61-64세,경상,2015,4
2015041800100443.2,2015년 4월,토요일,서울특별시 광진구 화양동,중상사고,0,1,0,1,차대사람 - 기타,안전운전불이행,건조,맑음,단일로 - 기타,자전거,남,20세 이하,부상신고,보행자,여,31-40세,중상,2015,4
2015041800100484.0,2015년 4월,토요일,서울특별시 광진구 군자동,부상신고사고,0,0,0,1,차대차 - 충돌,신호위반,건조,맑음,교차로 - 교차로안,승용,남,21-30세,상해없음,이륜,남,13-20세,부상신고,2015,4
2015041800100563.2,2015년 4월,토요일,서울특별시 광진구 구의동,경상사고,0,0,1,0,차대사람 - 차도통행중,안전운전불이행,건조,흐림,단일로 - 기타,승용,남,51-60세,상해없음,보행자,남,21-30세,경상,2015,4
2015041800100626.0,2015년 4월,토요일,서울특별시 광진구 광장동,중상사고,0,1,0,0,차대차 - 충돌,안전운전불이행,건조,맑음,교차로 - 교차로부근,이륜,남,41-50세,중상,승합,남,41-50세,상해없음,2015,4
2015041900100068.0,2015년 4월,일요일,서울특별시 광진구 중곡동,중상사고,0,1,0,0,차대사람 - 기타,안전운전불이행,건조,맑음,단일로 - 기타,승용,남,51-60세,상해없음,보행자,남,13-20세,중상,2015,4
2015041900100104.0,2015년 4월,일요일,서울특별시 광진구 중곡동,경상사고,0,0,1,0,차대차 - 충돌,중앙선침범,건조,맑음,교차로 - 교차로부근,승용,여,21-30세,상해없음,승용,남,51-60세,경상,2015,4
2015041900100120.8,2015년 4월,일요일,서울특별시 광진구 자양동,경상사고,0,0,1,0,차량단독 - 충돌,안전운전불이행,건조,맑음,단일로 - 교량,승용,남,31-40세,경상,,,,,2015,4