사고번호,발생년월,요일,시군구,사고내용,사망자수,중상자수,경상자수,부상신고자수,사고유형,법규위반,노면상태,기상상태,도로형태,가해운전자 차종,가해운전자 성별,가해운전자 연령대,가해운전자 상해정도,피해운전자 차종,피해운전자 성별,피해운전자 연령대,피해운전자 상해정도,발생년도,발생월
2015060000000000.0,2015년 6월,금요일,서울특별시 광진구 구의동,부상신고사고,0,0,0,1,차대차 - 충돌,신호위반,건조,맑음,교차로 - 교차로안,이륜,남,20세 이하,상해없음,자전거,남,12세 이하,부상신고,2015,6
2015062700100098.0,2015년 6월,토요일,서울특별시 광진구 광장동,경상사고,0,0,2,0,차대차 - 기타,안전거리미확보,건조,맑음,단일로 - 교량,승용,남,51-60세,상해없음,승용,남,51-60세,경상,2015,6
2015062700100556.0,2015년 6월,토요일,서울특별시 광진구 자양동,중상사고,0,1,0,1,차대차 - 충돌,안전운전불이행,건조,맑음,단일로 - 기타,자전거,여,41-50세,부상신고,자전거,남,31-40세,중상,2015,6
2015062700100660.8,2015년 6월,토요일,서울특별시 광진구 자양동,경상사고,0,0,1,0,차대차 - 추돌,안전운전불이행,건조,맑음,단일로 - 기타,승용,남,51-60세,상해없음,원동기,남,21-30세,경상,2015,6
2015062700100695.2,2015년 6월,토요일,서울특별시 광진구 구의동,중상사고,0,1,0,0,차대사람 - 횡단중,안전운전불이행,건조,맑음,단일로 - 횡단보도상,승용,여,21-30세,상해없음,보행자,남,51-60세,중상,2015,6
2015062800100216.0,2015년 6월,일요일,서울특별시 광진구 중곡동,경상사고,0,0,1,0,차대차 - 추돌,안전운전불이행,건조,맑음,단일로 - 기타,승용,여,21-30세,상해없음,승용,남,51-60세,경상,2015,6
2015062800100316.8,2015년 6월,일요일,서울특별시 광진구 자양동,부상신고사고,0,0,0,1,차대차 - 기타,안전운전불이행,건조,맑음,단일로 - 기타,자전거,여,21-30세,부상신고,자전거,남,41-50세,상해없음,2015,6
2015062900100468.8,2015년 6월,월요일,서울특별시 광진구 자양동,경상사고,0,0,1,0,차대사람 - 기타,안전운전불이행,건조,맑음,교차로 - 교차로부근,자전거,여,31-40세,상해없음,보행자,여,61-64세,경상,2015,6
2015063000100003.2,2015년 6월,화요일,서울특별시 광진구 중곡동,경상사고,0,0,1,0,차대차 - 기타,기타,건조,맑음,단일로 - 기타,승용,남,61-64세,상해없음,자전거,남,31-40세,경상,2015,6
2015060000000000.0,2015년 6월,화요일,서울특별시 광진구 중곡동,중상사고,0,1,1,0,차대차 - 기타,안전거리미확보,건조,맑음,단일로 - 기타,화물,남,51-60세,상해없음,승합,남,41-50세,경상,2015,6
2015070100100075.2,2015년 7월,수요일,서울특별시 광진구 중곡동,경상사고,0,0,1,0,차대차 - 추돌,안전운전불이행,건조,맑음,교차로 - 교차로부근,승용,남,41-50세,상해없음,승용,남,51-60세,경상,2015,7
2015070100100227.2,2015년 7월,수요일,서울특별시 광진구 구의동,경상사고,0,0,1,0,차대차 - 추돌,신호위반,건조,맑음,교차로 - 교차로안,승용,남,31-40세,상해없음,원동기,남,21-30세,경상,2015,7
2015070000000000.0,2015년 7월,수요일,서울특별시 광진구 광장동,중상사고,0,1,0,0,차대차 - 추돌,안전운전불이행,건조,맑음,단일로 - 기타,승용,남,61-64세,상해없음,화물,남,41-50세,중상,2015,7
2015070100100375.2,2015년 7월,수요일,서울특별시 광진구 군자동,중상사고,0,1,0,0,차대차 - 기타,차로위반,건조,맑음,단일로 - 기타,승용,남,51-60세,상해없음,원동기,남,51-60세,중상,2015,7
2015070100100427.2,2015년 7월,수요일,서울특별시 광진구 중곡동,경상사고,0,0,1,0,차대사람 - 기타,안전운전불이행,건조,맑음,교차로 - 교차로부근,승용,남,21-30세,상해없음,보행자,남,12세 이하,경상,2015,7
2015070200100072.0,2015년 7월,목요일,서울특별시 광진구 군자동,중상사고,0,1,1,0,차대차 - 추돌,안전운전불이행,건조,맑음,단일로 - 기타,승합,남,21-30세,상해없음,승용,남,41-50세,중상,2015,7
2015070200100367.2,2015년 7월,목요일,서울특별시 광진구 중곡동,경상사고,0,0,2,0,차대차 - 충돌,안전운전불이행,건조,맑음,교차로 - 교차로부근,화물,남,51-60세,상해없음,승용,여,31-40세,경상,2015,7
2015070000000000.0,2015년 7월,목요일,서울특별시 광진구 구의동,중상사고,0,1,0,0,차대사람 - 기타,안전운전불이행,건조,맑음,교차로 - 교차로부근,승용,남,31-40세,상해없음,보행자,남,21-30세,중상,2015,7
2015070200100543.2,2015년 7월,목요일,서울특별시 광진구 자양동,경상사고,0,0,2,0,차대차 - 충돌,안전운전불이행,건조,맑음,교차로 - 교차로부근,승용,남,51-60세,상해없음,이륜,남,21-30세,경상,2015,7
2015070300100222.0,2015년 7월,금요일,서울특별시 광진구 중곡동,중상사고,0,1,2,0,차대차 - 추돌,안전운전불이행,건조,맑음,단일로 - 기타,승용,남,65세 이상,상해없음,승용,남,51-60세,중상,2015,7
2015070300100354.0,2015년 7월,금요일,서울특별시 광진구 중곡동,경상사고,0,0,1,0,차대차 - 추돌,안전운전불이행,건조,맑음,단일로 - 기타,화물,남,31-40세,상해없음,승용,남,21-30세,경상,2015,7
2015070300100571.2,2015년 7월,금요일,서울특별시 광진구 자양동,경상사고,0,0,1,0,차대차 - 충돌,신호위반,건조,맑음,교차로 - 교차로안,이륜,남,20세 이하,상해없음,자전거,남,21-30세,경상,2015,7
2015070300100604.0,2015년 7월,금요일,서울특별시 광진구 구의동,중상사고,0,1,0,0,차대차 - 기타,안전운전불이행,건조,맑음,단일로 - 기타,승용,남,51-60세,상해없음,자전거,남,31-40세,중상,2015,7
2015070300100604.8,2015년 7월,금요일,서울특별시 광진구 중곡동,중상사고,0,1,1,0,차대차 - 충돌,중앙선침범,건조,맑음,단일로 - 횡단보도부근,자전거,남,21-30세,중상,원동기,남,65세 이상,경상,2015,7
2015070400100087.2,2015년 7월,토요일,서울특별시 광진구 광장동,중상사고,0,1,0,0,차대사람 - 횡단중,안전운전불이행,건조,맑음,단일로 - 기타,승용,남,41-50세,상해없음,보행자,남,21-30세,중상,2015,7
2015070400100256.8,2015년 7월,토요일,서울특별시 광진구 군자동,중상사고,0,1,2,0,차대차 - 추돌,안전운전불이행,건조,맑음,교차로 - 교차로안,승용,여,65세 이상,상해없음,원동기,남,51-60세,중상,2015,7
2015070400100295.2,2015년 7월,토요일,서울특별시 광진구 중곡동,경상사고,0,0,1,0,차대차 - 충돌,안전운전불이행,건조,맑음,단일로 - 기타,승용,남,31-40세,상해없음,승용,여,51-60세,경상,2015,7
2015070400100375.2,2015년 7월,토요일,서울특별시 광진구 능동,경상사고,0,0,1,0,차대차 - 충돌,안전거리미확보,건조,맑음,단일로 - 기타,승용,남,65세 이상,상해없음,원동기,남,31-40세,경상,2015,7
2015070500100059.2,2015년 7월,일요일,서울특별시 광진구 자양동,경상사고,0,0,1,0,차대사람 - 횡단중,신호위반,건조,맑음,단일로 - 횡단보도상,승용,남,31-40세,상해없음,보행자,여,31-40세,경상,2015,7
2015070500100202.0,2015년 7월,일요일,서울특별시 광진구 중곡동,중상사고,0,1,0,0,차대차 - 기타,안전거리미확보,건조,맑음,단일로 - 기타,원동기,남,21-30세,중상,승용,남,41-50세,상해없음,2015,7
2015070500100464.0,2015년 7월,일요일,서울특별시 광진구 중곡동,경상사고,0,0,1,0,차대차 - 기타,신호위반,건조,맑음,교차로 - 교차로부근,승용,남,51-60세,상해없음,원동기,남,13-20세,경상,2015,7
2015070600100114.0,2015년 7월,월요일,서울특별시 광진구 구의동,경상사고,0,0,1,0,차대차 - 충돌,중앙선침범,건조,맑음,교차로 - 교차로안,자전거,남,20세 이하,경상,이륜,남,41-50세,상해없음,2015,7
2015070600100171.2,2015년 7월,월요일,서울특별시 광진구 구의동,경상사고,0,0,1,0,차대사람 - 기타,안전운전불이행,건조,맑음,단일로 - 기타,승용,남,51-60세,상해없음,보행자,남,31-40세,경상,2015,7
2015070600100208.8,2015년 7월,월요일,서울특별시 광진구 중곡동,부상신고사고,0,0,0,1,차대차 - 충돌,안전운전불이행,건조,맑음,단일로 - 기타,원동기,남,20세 이하,부상신고,승용,여,51-60세,상해없음,2015,7
2015070600100500.8,2015년 7월,월요일,서울특별시 광진구 화양동,중상사고,0,1,1,0,차대차 - 추돌,안전운전불이행,건조,맑음,단일로 - 기타,승용,남,61-64세,상해없음,승용,남,61-64세,경상,2015,7
2015070700100378.0,2015년 7월,화요일,서울특별시 광진구 광장동,경상사고,0,0,1,0,차대차 - 기타,안전거리미확보,건조,맑음,단일로 - 교량,승용,남,21-30세,상해없음,승용,여,31-40세,경상,2015,7
2015070700100412.8,2015년 7월,화요일,서울특별시 광진구 구의동,경상사고,0,0,1,0,차대차 - 기타,차로위반,건조,맑음,단일로 - 기타,승용,남,51-60세,상해없음,승용,남,65세 이상,경상,2015,7
2015070800100131.2,2015년 7월,수요일,서울특별시 광진구 화양동,경상사고,0,0,2,0,차대차 - 기타,안전거리미확보,건조,맑음,교차로 - 교차로부근,화물,남,51-60세,경상,승용,여,21-30세,경상,2015,7
2015070800100167.2,2015년 7월,수요일,서울특별시 광진구 중곡동,중상사고,0,1,1,1,차대차 - 기타,안전운전불이행,건조,맑음,교차로 - 교차로안,승용,남,61-64세,상해없음,화물,남,41-50세,상해없음,2015,7
2015070800100303.2,2015년 7월,수요일,서울특별시 광진구 구의동,경상사고,0,0,1,0,차대차 - 기타,안전운전불이행,건조,맑음,교차로 - 교차로부근,승용,여,41-50세,상해없음,승용,남,31-40세,경상,2015,7
2015070800100372.0,2015년 7월,수요일,서울특별시 광진구 군자동,중상사고,0,1,0,0,차대사람 - 기타,신호위반,건조,맑음,단일로 - 횡단보도상,자전거,남,65세 이상,상해없음,보행자,여,31-40세,중상,2015,7
2015070800100372.8,2015년 7월,수요일,서울특별시 광진구 화양동,경상사고,0,0,1,0,차대사람 - 기타,안전운전불이행,건조,맑음,단일로 - 기타,승용,남,65세 이상,상해없음,보행자,여,13-20세,경상,2015,7
2015070800100604.8,2015년 7월,수요일,서울특별시 광진구 광장동,경상사고,0,0,1,0,차대차 - 기타,안전운전불이행,건조,흐림,교차로 - 교차로부근,승용,남,31-40세,상해없음,자전거,여,51-60세,경상,2015,7
2015070900100356.0,2015년 7월,목요일,서울특별시 광진구 구의동,경상사고,0,0,1,0,차대사람 - 길가장자리구역통행중,안전운전불이행,건조,맑음,기타 - 기타,자전거,여,51-60세,상해없음,보행자,여,21-30세,경상,2015,7
2015071000100002.0,2015년 7월,금요일,서울특별시 광진구 화양동,중상사고,0,2,2,0,차대차 - 기타,안전거리미확보,건조,맑음,단일로 - 기타,승용,남,51-60세,상해없음,승용,남,51-60세,상해없음,2015,7
2015071000100682.0,2015년 7월,금요일,서울특별시 광진구 화양동,부상신고사고,0,0,0,1,차대차 - 충돌,안전운전불이행,건조,맑음,단일로 - 기타,승용,남,51-60세,상해없음,원동기,남,21-30세,부상신고,2015,7
2015071100100056.0,2015년 7월,토요일,서울특별시 광진구 화양동,중상사고,0,1,1,0,차대차 - 충돌,안전운전불이행,건조,맑음,단일로 - 기타,원동기,남,21-30세,경상,승용,남,21-30세,상해없음,2015,7
2015071100100134.0,2015년 7월,토요일,서울특별시 광진구 자양동,경상사고,0,0,1,0,차대차 - 기타,안전운전불이행,건조,맑음,단일로 - 기타,자전거,남,51-60세,기타불명,자전거,여,31-40세,경상,2015,7
2015070000000000.0,2015년 7월,토요일,서울특별시 광진구 구의동,중상사고,0,1,0,0,차량단독 - 전도전복,안전운전불이행,건조,흐림,단일로 - 기타,이륜,남,21-30세,중상,,,,,2015,7
2015071100100604.0,2015년 7월,토요일,서울특별시 광진구 화양동,경상사고,0,0,1,0,차대차 - 충돌,안전운전불이행,건조,맑음,교차로 - 교차로안,승합,남,51-60세,상해없음,승용,남,65세 이상,경상,2015,7
2015071200100023.2,2015년 7월,일요일,서울특별시 광진구 화양동,경상사고,0,0,2,0,차대차 - 기타,안전운전불이행,습기,비,단일로 - 기타,승용,남,31-40세,상해없음,승용,남,51-60세,경상,2015,7
2015071200100056.0,2015년 7월,일요일,서울특별시 광진구 화양동,경상사고,0,0,1,0,차대차 - 기타,차로위반,습기,비,단일로 - 기타,승용,남,61-64세,상해없음,승용,남,41-50세,경상,2015,7
2015071200100120.8,2015년 7월,일요일,서울특별시 광진구 군자동,경상사고,0,0,2,0,차대차 - 추돌,안전운전불이행,습기,비,교차로 - 교차로부근,승합,남,31-40세,상해없음,화물,남,21-30세,경상,2015,7
2015071200100176.8,2015년 7월,일요일,서울특별시 광진구 화양동,경상사고,0,0,1,0,차대차 - 충돌,안전거리미확보,습기,비,단일로 - 기타,승용,남,61-64세,상해없음,승용,남,51-60세,경상,2015,7
2015071200100192.8,2015년 7월,일요일,서울특별시 광진구 자양동,경상사고,0,0,3,0,차대차 - 추돌,안전거리미확보,건조,맑음,단일로 - 기타,승용,여,31-40세,상해없음,화물,남,65세 이상,상해없음,2015,7
2015071200100554.0,2015년 7월,일요일,서울특별시 광진구 군자동,중상사고,0,1,0,1,차대사람 - 횡단중,안전운전불이행,습기,비,단일로 - 기타,원동기,남,21-30세,부상신고,보행자,남,21-30세,중상,2015,7
2015071200100555.2,2015년 7월,일요일,서울특별시 광진구 구의동,경상사고,0,0,2,0,차대사람 - 횡단중,신호위반,건조,맑음,단일로 - 횡단보도상,승용,남,51-60세,상해없음,보행자,남,21-30세,경상,2015,7
2015071300100003.2,2015년 7월,월요일,서울특별시 광진구 군자동,경상사고,0,0,1,0,차대사람 - 기타,안전운전불이행,습기,비,단일로 - 횡단보도상,자전거,남,51-60세,상해없음,보행자,남,31-40세,경상,2015,7
2015071300100034.0,2015년 7월,월요일,서울특별시 광진구 구의동,중상사고,0,2,1,0,차대차 - 충돌,신호위반,습기,비,교차로 - 교차로안,승용,남,31-40세,중상,승용,남,41-50세,중상,2015,7
2015071300100035.2,2015년 7월,월요일,서울특별시 광진구 화양동,중상사고,0,1,0,2,차대차 - 충돌,신호위반,습기,맑음,교차로 - 교차로안,화물,남,21-30세,부상신고,승용,남,51-60세,부상신고,2015,7
2015070000000000.0,2015년 7월,월요일,서울특별시 광진구 구의동,경상사고,0,0,2,0,차대차 - 추돌,안전운전불이행,건조,맑음,교차로 - 교차로부근,승용,남,51-60세,상해없음,승용,여,31-40세,경상,2015,7
2015071300100072.0,2015년 7월,월요일,서울특별시 광진구 군자동,경상사고,0,0,1,0,차대차 - 추돌,안전운전불이행,습기,비,단일로 - 기타,승용,여,41-50세,상해없음,승용,남,41-50세,경상,2015,7
2015071300100299.2,2015년 7월,월요일,서울특별시 광진구 자양동,경상사고,0,0,1,0,차대차 - 기타,안전운전불이행,건조,맑음,단일로 - 기타,자전거,여,51-60세,경상,승용,남,21-30세,상해없음,2015,7
2015070000000000.0,2015년 7월,월요일,서울특별시 광진구 중곡동,중상사고,0,1,0,0,차대사람 - 기타,안전운전불이행,건조,맑음,단일로 - 기타,승용,남,41-50세,상해없음,보행자,여,51-60세,중상,2015,7
2015071300100648.8,2015년 7월,월요일,서울특별시 광진구 광장동,사망사고,1,0,2,0,차대차 - 추돌,안전운전불이행,건조,맑음,단일로 - 기타,승합,남,51-60세,상해없음,승용,남,21-30세,사망,2015,7
2015071300100686.0,2015년 7월,월요일,서울특별시 광진구 화양동,경상사고,0,0,1,0,차대사람 - 차도통행중,안전운전불이행,건조,맑음,단일로 - 기타,승용,여,31-40세,상해없음,보행자,남,21-30세,경상,2015,7
2015071400100035.2,2015년 7월,화요일,서울특별시 광진구 화양동,경상사고,0,0,1,0,차대차 - 기타,안전운전불이행,건조,맑음,단일로 - 기타,승용,남,21-30세,상해없음,원동기,남,41-50세,경상,2015,7
2015071400100442.0,2015년 7월,화요일,서울특별시 광진구 광장동,중상사고,0,1,0,0,차대차 - 기타,안전운전불이행,건조,맑음,교차로 - 교차로부근,승용,여,41-50세,기타불명,자전거,남,41-50세,중상,2015,7
2015071500100000.8,2015년 7월,수요일,서울특별시 광진구 군자동,중상사고,0,1,3,0,차대차 - 기타,안전운전불이행,건조,맑음,단일로 - 기타,승용,남,31-40세,상해없음,승용,남,31-40세,경상,2015,7
2015071500100216.0,2015년 7월,수요일,서울특별시 광진구 중곡동,경상사고,0,0,1,0,차대차 - 추돌,안전운전불이행,건조,맑음,단일로 - 기타,승용,여,61-64세,상해없음,화물,여,61-64세,경상,2015,7
2015071500100436.0,2015년 7월,수요일,서울특별시 광진구 구의동,부상신고사고,0,0,0,1,차대차 - 충돌,안전운전불이행,건조,맑음,교차로 - 교차로안,원동기,남,31-40세,상해없음,자전거,남,13-20세,부상신고,2015,7
2015071500100612.0,2015년 7월,수요일,서울특별시 광진구 중곡동,경상사고,0,0,1,0,차대사람 - 기타,안전운전불이행,건조,맑음,교차로 - 교차로부근,승용,여,51-60세,상해없음,보행자,남,61-64세,경상,2015,7
2015071600100284.8,2015년 7월,목요일,서울특별시 광진구 자양동,경상사고,0,0,1,0,차대차 - 충돌,교차로운행방법위반,건조,맑음,교차로 - 교차로안,승용,남,51-60세,상해없음,승용,남,61-64세,경상,2015,7
2015071700100268.8,2015년 7월,금요일,서울특별시 광진구 화양동,경상사고,0,0,1,0,차대차 - 추돌,안전운전불이행,건조,맑음,단일로 - 기타,이륜,남,41-50세,경상,승용,남,65세 이상,상해없음,2015,7
2015071700100584.0,2015년 7월,금요일,서울특별시 광진구 화양동,중상사고,0,1,0,0,차대차 - 충돌,안전운전불이행,건조,맑음,단일로 - 기타,원동기,남,21-30세,상해없음,자전거,여,31-40세,중상,2015,7
2015071800100003.2,2015년 7월,토요일,서울특별시 광진구 자양동,경상사고,0,0,1,0,차대차 - 충돌,차로위반,건조,맑음,단일로 - 교량,승합,남,41-50세,상해없음,승합,남,41-50세,경상,2015,7
2015071800100027.2,2015년 7월,토요일,서울특별시 광진구 구의동,중상사고,0,1,0,0,차대차 - 추돌,안전운전불이행,건조,맑음,단일로 - 기타,승용,남,21-30세,상해없음,자전거,남,41-50세,중상,2015,7
2015071800100252.8,2015년 7월,토요일,서울특별시 광진구 구의동,경상사고,0,0,2,2,차대차 - 충돌,신호위반,건조,맑음,교차로 - 교차로부근,이륜,남,31-40세,부상신고,승용,남,41-50세,경상,2015,7
2015071800100422.0,2015년 7월,토요일,서울특별시 광진구 중곡동,중상사고,0,1,1,0,차대차 - 기타,안전운전불이행,건조,맑음,단일로 - 기타,승용,남,41-50세,상해없음,원동기,남,13-20세,중상,2015,7
2015071800100516.8,2015년 7월,토요일,서울특별시 광진구 화양동,부상신고사고,0,0,0,1,차대차 - 충돌,안전운전불이행,건조,맑음,단일로 - 기타,승용,남,41-50세,상해없음,원동기,남,21-30세,부상신고,2015,7
2015071800100592.0,2015년 7월,토요일,서울특별시 광진구 자양동,중상사고,0,1,0,1,차대차 - 기타,안전운전불이행,건조,맑음,단일로 - 기타,원동기,남,31-40세,부상신고,자전거,남,31-40세,중상,2015,7
2015071900100084.8,2015년 7월,일요일,서울특별시 광진구 군자동,경상사고,0,0,1,0,차대차 - 추돌,안전운전불이행,건조,맑음,단일로 - 기타,승용,남,51-60세,상해없음,승용,남,51-60세,경상,2015,7
2015072000100398.0,2015년 7월,월요일,서울특별시 광진구 중곡동,중상사고,0,1,0,0,차대사람 - 횡단중,보행자보호의무위반,건조,맑음,단일로 - 기타,화물,남,21-30세,상해없음,보행자,여,51-60세,중상,2015,7
2015070000000000.0,2015년 7월,화요일,서울특별시 광진구 화양동,경상사고,0,0,1,0,차대차 - 추돌,안전거리미확보,건조,맑음,단일로 - 기타,승용,남,20세 이하,상해없음,승용,남,31-40세,경상,2015,7
2015072100100326.0,2015년 7월,화요일,서울특별시 광진구 구의동,중상사고,0,1,0,0,차량단독 - 기타,안전운전불이행,건조,맑음,단일로 - 기타,승합,남,51-60세,상해없음,,,,,2015,7
2015072100100503.2,2015년 7월,화요일,서울특별시 광진구 군자동,경상사고,0,0,2,0,차대차 - 추돌,안전운전불이행,건조,맑음,단일로 - 기타,승용,남,21-30세,상해없음,승용,남,51-60세,경상,2015,7
2015072100100528.8,2015년 7월,화요일,서울특별시 광진구 능동,경상사고,0,0,1,0,차대사람 - 기타,안전운전불이행,건조,맑음,교차로 - 교차로안,승용,여,31-40세,상해없음,보행자,남,31-40세,경상,2015,7
2015072200100419.2,2015년 7월,수요일,서울특별시 광진구 중곡동,사망사고,1,0,0,0,차대차 - 충돌,안전운전불이행,건조,맑음,교차로 - 교차로안,승용,남,31-40세,상해없음,자전거,여,65세 이상,사망,2015,7
2015072200100456.8,2015년 7월,수요일,서울특별시 광진구 자양동,경상사고,0,0,1,0,차대사람 - 기타,안전운전불이행,습기,비,교차로 - 교차로안,기타불명,기타불명,기타불명,기타불명,보행자,여,65세 이상,경상,2015,7
2015072200100678.0,2015년 7월,수요일,서울특별시 광진구 자양동,경상사고,0,0,2,0,차대차 - 추돌,안전운전불이행,건조,맑음,단일로 - 기타,승용,남,41-50세,상해없음,승용,남,31-40세,경상,2015,7
2015072300100100.8,2015년 7월,목요일,서울특별시 광진구 구의동,중상사고,0,1,0,0,차대사람 - 기타,안전운전불이행,건조,맑음,단일로 - 기타,승용,남,41-50세,상해없음,보행자,남,21-30세,중상,2015,7
2015070000000000.0,2015년 7월,목요일,서울특별시 광진구 중곡동,중상사고,0,1,1,0,차대사람 - 보도통행중,기타,건조,맑음,단일로 - 기타,승용,남,51-60세,상해없음,보행자,여,51-60세,중상,2015,7
2015072300100528.0,2015년 7월,목요일,서울특별시 광진구 군자동,경상사고,0,0,1,0,차대차 - 기타,안전운전불이행,습기,비,교차로 - 교차로안,승용,남,65세 이상,상해없음,원동기,남,41-50세,경상,2015,7
2015072300100563.2,2015년 7월,목요일,서울특별시 광진구 중곡동,경상사고,0,0,1,0,차대차 - 추돌,안전운전불이행,습기,비,단일로 - 기타,승용,남,51-60세,상해없음,승용,남,41-50세,경상,2015,7
2015072400100004.0,2015년 7월,금요일,서울특별시 광진구 중곡동,중상사고,0,1,0,0,차대차 - 기타,신호위반,습기,비,교차로 - 교차로안,승용,남,51-60세,상해없음,원동기,남,13-20세,중상,2015,7
2015072400100004.8,2015년 7월,금요일,서울특별시 광진구 군자동,경상사고,0,0,1,0,차대사람 - 횡단중,안전운전불이행,건조,맑음,단일로 - 기타,승용,남,31-40세,상해없음,보행자,남,65세 이상,경상,2015,7
2015072400100040.8,2015년 7월,금요일,서울특별시 광진구 자양동,경상사고,0,0,3,0,차대차 - 기타,안전거리미확보,습기,비,단일로 - 기타,승용,남,31-40세,상해없음,승용,여,41-50세,경상,2015,7
2015072400100098.0,2015년 7월,금요일,서울특별시 광진구 중곡동,경상사고,0,0,1,0,차대사람 - 기타,안전운전불이행,습기,비,단일로 - 기타,자전거,남,20세 이하,상해없음,보행자,여,51-60세,경상,2015,7
2015070000000000.0,2015년 7월,금요일,서울특별시 광진구 군자동,경상사고,0,0,1,0,차대차 - 추돌,안전운전불이행,건조,맑음,교차로 - 교차로안,승용,남,61-64세,상해없음,승용,여,41-50세,경상,2015,7
2015072400100138.0,2015년 7월,금요일,서울특별시 광진구 구의동,경상사고,0,0,1,0,차대차 - 추돌,안전운전불이행,습기,비,단일로 - 기타,승용,남,41-50세,상해없음,승용,남,51-60세,경상,2015,7
2015072400100160.8,2015년 7월,금요일,서울특별시 광진구 화양동,경상사고,0,0,1,0,차대차 - 추돌,안전운전불이행,건조,맑음,단일로 - 기타,승용,남,51-60세,상해없음,승용,남,31-40세,경상,2015,7
2015072400100203.2,2015년 7월,금요일,서울특별시 광진구 군자동,경상사고,0,0,2,0,차대차 - 충돌,직진우회전진행방해,건조,맑음,교차로 - 교차로안,승용,여,51-60세,상해없음,승용,남,51-60세,경상,2015,7
2015072400100464.0,2015년 7월,금요일,서울특별시 광진구 자양동,경상사고,0,0,2,0,차대차 - 추돌,안전운전불이행,건조,맑음,단일로 - 기타,승용,남,21-30세,상해없음,승용,남,21-30세,경상,2015,7
2015072400100612.0,2015년 7월,금요일,서울특별시 광진구 중곡동,경상사고,0,0,1,2,차대차 - 추돌,안전운전불이행,건조,맑음,단일로 - 기타,원동기,남,31-40세,기타불명,승용,여,31-40세,경상,2015,7
2015072500100032.0,2015년 7월,토요일,서울특별시 광진구 자양동,중상사고,0,1,1,0,차대차 - 추돌,안전거리미확보,습기,비,단일로 - 교량,화물,남,51-60세,상해없음,승용,남,21-30세,경상,2015,7
2015072500100032.8,2015년 7월,토요일,서울특별시 광진구 구의동,경상사고,0,0,1,0,차대차 - 기타,교차로운행방법위반,건조,맑음,단일로 - 기타,승용,남,61-64세,상해없음,승용,여,51-60세,경상,2015,7
2015072500100128.0,2015년 7월,토요일,서울특별시 광진구 중곡동,사망사고,1,0,0,0,차대사람 - 횡단중,안전운전불이행,습기,비,단일로 - 횡단보도부근,승용,남,65세 이상,상해없음,보행자,남,65세 이상,사망,2015,7
2015072500100128.8,2015년 7월,토요일,서울특별시 광진구 구의동,경상사고,0,0,1,0,차대차 - 충돌,안전운전불이행,습기,비,단일로 - 기타,승용,남,31-40세,상해없음,승용,남,31-40세,경상,2015,7
2015072500100442.0,2015년 7월,토요일,서울특별시 광진구 자양동,경상사고,0,0,2,0,차대차 - 추돌,안전운전불이행,습기,비,단일로 - 기타,승용,남,51-60세,상해없음,승용,남,21-30세,경상,2015,7
2015072600100076.0,2015년 7월,일요일,서울특별시 광진구 중곡동,중상사고,0,1,0,0,차대사람 - 차도통행중,안전운전불이행,습기,비,교차로 - 교차로부근,원동기,남,41-50세,상해없음,보행자,여,65세 이상,중상,2015,7
2015072600100343.2,2015년 7월,일요일,서울특별시 광진구 중곡동,경상사고,0,0,1,0,차대사람 - 차도통행중,안전운전불이행,건조,맑음,단일로 - 기타,승용,여,51-60세,기타불명,보행자,여,21-30세,경상,2015,7
2015072600100498.0,2015년 7월,일요일,서울특별시 광진구 화양동,중상사고,0,1,0,0,차대차 - 충돌,안전거리미확보,습기,비,단일로 - 기타,승용,남,51-60세,상해없음,원동기,남,13-20세,중상,2015,7
2015072700100582.0,2015년 7월,월요일,서울특별시 광진구 군자동,부상신고사고,0,0,0,1,차대사람 - 길가장자리구역통행중,안전운전불이행,건조,맑음,단일로 - 기타,특수,남,51-60세,상해없음,보행자,남,41-50세,부상신고,2015,7
2015072800100386.0,2015년 7월,화요일,서울특별시 광진구 구의동,경상사고,0,0,1,0,차대차 - 기타,안전운전불이행,건조,맑음,단일로 - 기타,기타불명,기타불명,기타불명,기타불명,자전거,여,51-60세,경상,2015,7
2015072900100003.2,2015년 7월,수요일,서울특별시 광진구 중곡동,중상사고,0,1,0,0,차대차 - 충돌,안전운전불이행,건조,맑음,교차로 - 교차로부근,승용,남,61-64세,상해없음,이륜,남,21-30세,중상,2015,7
2015072900100034.0,2015년 7월,수요일,서울특별시 광진구 광장동,중상사고,0,1,0,0,차량단독 - 충돌,안전운전불이행,건조,맑음,단일로 - 기타,원동기,남,21-30세,중상,,,,,2015,7
2015072900100132.8,2015년 7월,수요일,서울특별시 광진구 구의동,경상사고,0,0,1,0,차대차 - 기타,안전운전불이행,습기,비,단일로 - 기타,승용,남,51-60세,상해없음,자전거,남,65세 이상,경상,2015,7
2015072900100134.0,2015년 7월,수요일,서울특별시 광진구 군자동,경상사고,0,0,3,0,차대차 - 추돌,안전거리미확보,습기,비,단일로 - 기타,승용,남,51-60세,상해없음,승용,남,41-50세,경상,2015,7