사고번호,발생년월,요일,시군구,사고내용,사망자수,중상자수,경상자수,부상신고자수,사고유형,법규위반,노면상태,기상상태,도로형태,가해운전자 차종,가해운전자 성별,가해운전자 연령대,가해운전자 상해정도,피해운전자 차종,피해운전자 성별,피해운전자 연령대,피해운전자 상해정도,발생년도,발생월
2015090100100091.2,2015년 9월,화요일,서울특별시 광진구 중곡동,경상사고,0,0,1,0,차대차 - 충돌,안전운전불이행,건조,맑음,단일로 - 기타,화물,남,41-50세,상해없음,자전거,여,61-64세,경상,2015,9
2015090100100284.0,2015년 9월,화요일,서울특별시 광진구 군자동,경상사고,0,0,1,0,차대사람 - 기타,안전운전불이행,건조,맑음,단일로 - 기타,승용,남,51-60세,상해없음,보행자,남,31-40세,경상,2015,9
2015090100100312.0,2015년 9월,화요일,서울특별시 광진구 중곡동,경상사고,0,0,1,0,차대사람 - 기타,안전운전불이행,건조,맑음,단일로 - 기타,기타불명,기타불명,기타불명,기타불명,보행자,여,31-40세,경상,2015,9
2015090300100074.0,2015년 9월,목요일,서울특별시 광진구 군자동,중상사고,0,1,0,0,차대차 - 충돌,중앙선침범,건조,맑음,단일로 - 기타,승용,남,41-50세,상해없음,승용,남,31-40세,중상,2015,9
2015090300100336.8,2015년 9월,목요일,서울특별시 광진구 중곡동,중상사고,0,1,0,0,차대사람 - 기타,안전운전불이행,건조,맑음,단일로 - 기타,승용,남,21-30세,상해없음,보행자,여,65세 이상,중상,2015,9
2015090400100016.0,2015년 9월,금요일,서울특별시 광진구 군자동,경상사고,0,0,1,0,차대차 - 충돌,안전운전불이행,건조,맑음,단일로 - 기타,승용,남,41-50세,상해없음,승용,남,31-40세,경상,2015,9
2015090400100083.2,2015년 9월,금요일,서울특별시 광진구 중곡동,경상사고,0,0,1,0,차대사람 - 기타,안전운전불이행,건조,맑음,단일로 - 기타,승용,남,51-60세,상해없음,보행자,남,13-20세,경상,2015,9
2015090400100162.0,2015년 9월,금요일,서울특별시 광진구 구의동,경상사고,0,0,1,0,차대차 - 충돌,안전운전불이행,건조,맑음,교차로 - 교차로안,승용,남,61-64세,상해없음,승용,여,31-40세,경상,2015,9
2015090400100280.8,2015년 9월,금요일,서울특별시 광진구 구의동,중상사고,0,1,0,0,차대차 - 추돌,안전거리미확보,건조,맑음,미분류 - 미분류,승용,남,41-50세,상해없음,승합,남,41-50세,중상,2015,9
2015090400100383.2,2015년 9월,금요일,서울특별시 광진구 자양동,부상신고사고,0,0,0,1,차대차 - 기타,중앙선침범,건조,맑음,단일로 - 기타,자전거,남,65세 이상,부상신고,승용,남,65세 이상,상해없음,2015,9
2015090400100567.2,2015년 9월,금요일,서울특별시 광진구 중곡동,경상사고,0,0,1,0,차대차 - 충돌,안전운전불이행,건조,맑음,기타 - 기타,승용,남,51-60세,상해없음,자전거,남,51-60세,경상,2015,9
2015090500100308.0,2015년 9월,토요일,서울특별시 광진구 광장동,경상사고,0,0,1,0,차대차 - 추돌,안전운전불이행,습기,흐림,미분류 - 미분류,승용,남,31-40세,상해없음,승용,남,41-50세,경상,2015,9
2015090500100386.0,2015년 9월,토요일,서울특별시 광진구 자양동,경상사고,0,0,1,0,차대차 - 기타,안전거리미확보,건조,맑음,단일로 - 기타,승용,남,65세 이상,기타불명,승용,남,21-30세,경상,2015,9
2015090600100156.0,2015년 9월,일요일,서울특별시 광진구 중곡동,사망사고,1,0,0,0,차대차 - 기타,신호위반,건조,맑음,교차로 - 교차로안,승용,남,31-40세,상해없음,원동기,남,65세 이상,사망,2015,9
2015090600100203.2,2015년 9월,일요일,서울특별시 광진구 군자동,경상사고,0,0,1,0,차대사람 - 횡단중,안전운전불이행,건조,맑음,단일로 - 횡단보도상,자전거,남,20세 이하,상해없음,보행자,여,41-50세,경상,2015,9
2015090700100572.8,2015년 9월,월요일,서울특별시 광진구 자양동,중상사고,0,1,0,0,차대차 - 기타,기타,건조,맑음,단일로 - 기타,화물,남,41-50세,상해없음,자전거,남,51-60세,중상,2015,9
2015090700100574.0,2015년 9월,월요일,서울특별시 광진구 광장동,중상사고,0,1,0,0,차량단독 - 기타,안전운전불이행,건조,맑음,교차로 - 교차로부근,승합,남,41-50세,기타불명,,,,,2015,9
2015090700100662.0,2015년 9월,월요일,서울특별시 광진구 구의동,경상사고,0,0,2,0,차대차 - 추돌,안전거리미확보,건조,맑음,단일로 - 기타,승용,여,21-30세,상해없음,승용,여,41-50세,경상,2015,9
2015090800100044.8,2015년 9월,화요일,서울특별시 광진구 화양동,경상사고,0,0,1,0,차대사람 - 기타,안전운전불이행,건조,맑음,단일로 - 기타,승용,남,61-64세,상해없음,보행자,남,13-20세,경상,2015,9
2015090800100183.2,2015년 9월,화요일,서울특별시 광진구 구의동,중상사고,0,1,0,0,차량단독 - 기타,안전운전불이행,건조,맑음,단일로 - 기타,승합,남,31-40세,상해없음,,,,,2015,9
2015090800100352.0,2015년 9월,화요일,서울특별시 광진구 자양동,부상신고사고,0,0,0,1,차대차 - 추돌,안전운전불이행,건조,맑음,단일로 - 기타,승용,남,21-30세,상해없음,자전거,남,41-50세,부상신고,2015,9
2015090800100495.2,2015년 9월,화요일,서울특별시 광진구 화양동,부상신고사고,0,0,0,1,차대사람 - 기타,안전운전불이행,건조,맑음,단일로 - 기타,원동기,남,21-30세,상해없음,보행자,남,31-40세,부상신고,2015,9
2015090800100683.2,2015년 9월,화요일,서울특별시 광진구 화양동,중상사고,0,1,0,0,차대차 - 충돌,안전거리미확보,건조,맑음,단일로 - 기타,이륜,남,20세 이하,중상,승용,남,41-50세,상해없음,2015,9
2015090800100715.2,2015년 9월,화요일,서울특별시 광진구 화양동,중상사고,0,1,0,0,차대차 - 충돌,신호위반,건조,맑음,교차로 - 교차로안,승용,남,65세 이상,상해없음,원동기,남,13-20세,중상,2015,9
2015090900100128.0,2015년 9월,수요일,서울특별시 광진구 군자동,부상신고사고,0,0,0,1,차대차 - 충돌,신호위반,건조,맑음,교차로 - 교차로안,자전거,남,20세 이하,부상신고,승합,남,51-60세,상해없음,2015,9
2015090900100186.0,2015년 9월,수요일,서울특별시 광진구 구의동,경상사고,0,0,1,0,차대차 - 기타,안전거리미확보,건조,맑음,단일로 - 기타,화물,남,31-40세,기타불명,승합,남,51-60세,상해없음,2015,9
2015090900100251.2,2015년 9월,수요일,서울특별시 광진구 광장동,경상사고,0,0,1,0,차대차 - 추돌,안전거리미확보,건조,맑음,단일로 - 기타,승용,남,61-64세,상해없음,승용,남,31-40세,상해없음,2015,9
2015090900100484.0,2015년 9월,수요일,서울특별시 광진구 구의동,경상사고,0,0,1,0,차대차 - 기타,안전운전불이행,건조,맑음,단일로 - 기타,승합,남,51-60세,상해없음,승용,남,51-60세,경상,2015,9
2015090900100739.2,2015년 9월,수요일,서울특별시 광진구 군자동,경상사고,0,0,1,0,차대차 - 충돌,신호위반,건조,맑음,단일로 - 횡단보도상,승용,남,65세 이상,상해없음,자전거,여,21-30세,경상,2015,9
2015091000100148.8,2015년 9월,목요일,서울특별시 광진구 중곡동,경상사고,0,0,1,0,차대차 - 충돌,직진우회전진행방해,건조,맑음,교차로 - 교차로안,자전거,남,20세 이하,경상,승용,여,21-30세,상해없음,2015,9
2015091000100340.8,2015년 9월,목요일,서울특별시 광진구 자양동,중상사고,0,1,0,0,차대차 - 충돌,신호위반,건조,맑음,교차로 - 교차로안,화물,남,65세 이상,상해없음,원동기,남,21-30세,중상,2015,9
2015091000100372.8,2015년 9월,목요일,서울특별시 광진구 구의동,경상사고,0,0,1,0,차대차 - 추돌,안전운전불이행,건조,맑음,단일로 - 기타,승용,여,31-40세,상해없음,자전거,여,65세 이상,경상,2015,9
2015091000100408.0,2015년 9월,목요일,서울특별시 광진구 중곡동,경상사고,0,0,1,0,차대사람 - 길가장자리구역통행중,안전운전불이행,건조,맑음,단일로 - 기타,승용,여,31-40세,상해없음,보행자,여,65세 이상,경상,2015,9
2015091000100492.8,2015년 9월,목요일,서울특별시 광진구 중곡동,경상사고,0,0,1,0,차대차 - 충돌,신호위반,건조,맑음,교차로 - 교차로안,원동기,남,41-50세,상해없음,승용,여,31-40세,경상,2015,9
2015091100100031.2,2015년 9월,금요일,서울특별시 광진구 중곡동,경상사고,0,0,2,0,차대차 - 기타,신호위반,건조,맑음,단일로 - 기타,승용,남,51-60세,상해없음,승용,남,21-30세,경상,2015,9
2015091100100128.8,2015년 9월,금요일,서울특별시 광진구 광장동,경상사고,0,0,3,0,차대차 - 충돌,중앙선침범,건조,맑음,단일로 - 기타,승용,남,41-50세,상해없음,승용,여,31-40세,경상,2015,9
2015091100100212.8,2015년 9월,금요일,서울특별시 광진구 화양동,경상사고,0,0,1,2,차대차 - 기타,안전거리미확보,건조,맑음,단일로 - 기타,승용,남,51-60세,경상,원동기,남,31-40세,부상신고,2015,9
2015091100100304.8,2015년 9월,금요일,서울특별시 광진구 자양동,중상사고,0,1,0,0,차대차 - 기타,안전운전불이행,습기,비,교차로 - 교차로안,원동기,남,51-60세,중상,승용,남,65세 이상,상해없음,2015,9
2015091100100626.0,2015년 9월,금요일,서울특별시 광진구 능동,경상사고,0,0,1,0,차량단독 - 기타,안전운전불이행,건조,맑음,단일로 - 기타,승합,남,51-60세,기타불명,,,,,2015,9
2015091200100064.8,2015년 9월,토요일,서울특별시 광진구 광장동,경상사고,0,0,2,0,차대차 - 추돌,안전운전불이행,건조,맑음,단일로 - 기타,승용,남,51-60세,상해없음,승용,남,51-60세,경상,2015,9
2015091200100066.0,2015년 9월,토요일,서울특별시 광진구 화양동,중상사고,0,1,0,0,차대차 - 기타,안전운전불이행,건조,맑음,단일로 - 기타,승용,남,21-30세,상해없음,승용,남,31-40세,상해없음,2015,9
2015091200100143.2,2015년 9월,토요일,서울특별시 광진구 구의동,중상사고,0,1,2,0,차대차 - 기타,신호위반,건조,맑음,교차로 - 교차로안,원동기,남,20세 이하,경상,승용,남,65세 이상,상해없음,2015,9
2015091200100172.8,2015년 9월,토요일,서울특별시 광진구 자양동,경상사고,0,0,1,0,차대차 - 추돌,안전운전불이행,건조,맑음,단일로 - 기타,승용,남,65세 이상,상해없음,자전거,남,31-40세,경상,2015,9
2015091200100352.8,2015년 9월,토요일,서울특별시 광진구 구의동,경상사고,0,0,1,0,차대차 - 추돌,신호위반,건조,맑음,교차로 - 교차로안,승용,남,65세 이상,상해없음,원동기,남,65세 이상,경상,2015,9
2015091200100384.0,2015년 9월,토요일,서울특별시 광진구 광장동,부상신고사고,0,0,0,1,차대차 - 추돌,안전운전불이행,건조,맑음,단일로 - 기타,승합,남,41-50세,상해없음,승용,남,31-40세,부상신고,2015,9
2015091200100562.0,2015년 9월,토요일,서울특별시 광진구 자양동,중상사고,0,1,0,0,차대사람 - 기타,안전운전불이행,건조,맑음,교차로 - 교차로안,원동기,남,51-60세,상해없음,보행자,여,65세 이상,중상,2015,9
2015091200100611.2,2015년 9월,토요일,서울특별시 광진구 자양동,경상사고,0,0,1,0,차대차 - 기타,기타,건조,맑음,단일로 - 기타,승용,남,51-60세,상해없음,자전거,여,31-40세,경상,2015,9
2015091300100144.0,2015년 9월,일요일,서울특별시 광진구 화양동,경상사고,0,0,1,0,차대차 - 충돌,신호위반,건조,맑음,교차로 - 교차로안,원동기,남,21-30세,경상,승용,남,61-64세,상해없음,2015,9
2015091300100328.8,2015년 9월,일요일,서울특별시 광진구 자양동,경상사고,0,0,2,0,차대차 - 기타,교차로운행방법위반,건조,맑음,교차로 - 교차로안,승용,남,51-60세,상해없음,승용,남,41-50세,경상,2015,9
2015091300100468.0,2015년 9월,일요일,서울특별시 광진구 자양동,중상사고,0,1,0,0,차대사람 - 기타,안전운전불이행,건조,맑음,교차로 - 교차로부근,원동기,남,20세 이하,상해없음,보행자,여,41-50세,중상,2015,9
2015091400100012.8,2015년 9월,월요일,서울특별시 광진구 화양동,경상사고,0,0,1,0,차대차 - 충돌,안전거리미확보,건조,맑음,교차로 - 교차로안,승용,남,21-30세,상해없음,자전거,남,21-30세,경상,2015,9
2015091400100104.0,2015년 9월,월요일,서울특별시 광진구 구의동,경상사고,0,0,1,0,차대사람 - 보도통행중,안전운전불이행,건조,맑음,단일로 - 기타,승용,남,65세 이상,상해없음,보행자,여,41-50세,경상,2015,9
2015091400100296.8,2015년 9월,월요일,서울특별시 광진구 중곡동,경상사고,0,0,2,0,차대차 - 충돌,안전거리미확보,건조,맑음,단일로 - 기타,승합,남,41-50세,상해없음,승용,남,31-40세,경상,2015,9
2015091400100326.0,2015년 9월,월요일,서울특별시 광진구 중곡동,중상사고,0,1,0,0,차대사람 - 길가장자리구역통행중,안전운전불이행,건조,맑음,교차로 - 교차로안,화물,남,31-40세,상해없음,보행자,여,65세 이상,중상,2015,9
2015091500100027.2,2015년 9월,화요일,서울특별시 광진구 화양동,중상사고,0,1,0,0,차대차 - 기타,안전거리미확보,건조,맑음,단일로 - 기타,승용,남,41-50세,상해없음,원동기,남,51-60세,중상,2015,9
2015091500100042.0,2015년 9월,화요일,서울특별시 광진구 구의동,중상사고,0,1,0,0,차대차 - 기타,안전운전불이행,건조,맑음,단일로 - 기타,원동기,남,31-40세,중상,승용,남,65세 이상,상해없음,2015,9
2015091500100048.8,2015년 9월,화요일,서울특별시 광진구 자양동,경상사고,0,0,1,0,차대차 - 기타,안전운전불이행,건조,맑음,교차로 - 교차로안,자전거,여,51-60세,경상,승용,남,61-64세,상해없음,2015,9
2015091500100063.2,2015년 9월,화요일,서울특별시 광진구 광장동,중상사고,0,1,2,0,차대차 - 추돌,안전운전불이행,건조,맑음,단일로 - 기타,승용,남,41-50세,중상,승용,남,51-60세,경상,2015,9
2015091500100518.0,2015년 9월,화요일,서울특별시 광진구 중곡동,경상사고,0,0,1,0,차대차 - 충돌,안전운전불이행,건조,맑음,단일로 - 기타,승용,남,51-60세,상해없음,승용,남,41-50세,경상,2015,9
2015091500100684.8,2015년 9월,화요일,서울특별시 광진구 자양동,중상사고,0,1,0,0,차대차 - 추돌,안전운전불이행,건조,맑음,단일로 - 기타,승용,남,41-50세,상해없음,이륜,여,31-40세,중상,2015,9
2015091500100716.0,2015년 9월,화요일,서울특별시 광진구 군자동,경상사고,0,0,3,1,차대차 - 충돌,신호위반,건조,맑음,교차로 - 교차로안,승용,남,41-50세,경상,승용,남,51-60세,부상신고,2015,9
2015091600100002.0,2015년 9월,수요일,서울특별시 광진구 화양동,중상사고,0,1,1,0,차대차 - 충돌,신호위반,건조,맑음,단일로 - 기타,원동기,남,41-50세,중상,원동기,남,21-30세,경상,2015,9
2015091600100003.2,2015년 9월,수요일,서울특별시 광진구 화양동,중상사고,0,1,0,0,차대차 - 추돌,안전거리미확보,건조,맑음,단일로 - 기타,승용,남,51-60세,중상,승용,남,31-40세,상해없음,2015,9
2015091600100162.0,2015년 9월,수요일,서울특별시 광진구 광장동,중상사고,0,1,0,0,차대사람 - 기타,안전운전불이행,건조,맑음,단일로 - 기타,승용,여,41-50세,상해없음,보행자,남,65세 이상,중상,2015,9
2015091600100163.2,2015년 9월,수요일,서울특별시 광진구 구의동,경상사고,0,0,5,0,차대차 - 추돌,중앙선침범,건조,맑음,단일로 - 기타,화물,남,31-40세,상해없음,승용,여,21-30세,경상,2015,9
2015091600100308.8,2015년 9월,수요일,서울특별시 광진구 자양동,부상신고사고,0,0,0,1,차대차 - 추돌,신호위반,건조,맑음,교차로 - 교차로안,화물,남,41-50세,상해없음,승용,남,31-40세,부상신고,2015,9
2015091600100406.0,2015년 9월,수요일,서울특별시 광진구 구의동,경상사고,0,0,2,0,차대차 - 기타,안전거리미확보,건조,맑음,교차로 - 교차로부근,승용,여,21-30세,기타불명,화물,남,31-40세,경상,2015,9
2015091600100591.2,2015년 9월,수요일,서울특별시 광진구 중곡동,경상사고,0,0,1,0,차대차 - 충돌,기타,건조,맑음,단일로 - 기타,승용,남,51-60세,상해없음,자전거,여,51-60세,경상,2015,9
2015091600100624.8,2015년 9월,수요일,서울특별시 광진구 자양동,경상사고,0,0,1,0,차대차 - 충돌,교차로운행방법위반,건조,맑음,교차로 - 교차로안,승용,남,61-64세,상해없음,승용,남,31-40세,경상,2015,9
2015091600100712.0,2015년 9월,수요일,서울특별시 광진구 자양동,경상사고,0,0,1,0,차량단독 - 충돌,안전운전불이행,건조,맑음,단일로 - 기타,원동기,남,51-60세,경상,,,,,2015,9
2015091700100052.0,2015년 9월,목요일,서울특별시 광진구 구의동,부상신고사고,0,0,0,1,차대차 - 추돌,안전운전불이행,건조,맑음,단일로 - 기타,원동기,남,20세 이하,상해없음,원동기,남,13-20세,부상신고,2015,9
2015091700100212.0,2015년 9월,목요일,서울특별시 광진구 자양동,중상사고,0,1,0,0,차대차 - 기타,신호위반,건조,맑음,단일로 - 기타,승용,남,21-30세,상해없음,자전거,남,65세 이상,중상,2015,9
2015091700100212.8,2015년 9월,목요일,서울특별시 광진구 구의동,부상신고사고,0,0,0,1,차대차 - 추돌,안전운전불이행,건조,맑음,단일로 - 기타,승용,남,51-60세,상해없음,승용,여,41-50세,부상신고,2015,9
2015091700100278.0,2015년 9월,목요일,서울특별시 광진구 광장동,중상사고,0,1,0,0,차대차 - 충돌,안전운전불이행,건조,맑음,교차로 - 교차로안,승용,남,41-50세,상해없음,승용,여,41-50세,중상,2015,9
2015091700100384.0,2015년 9월,목요일,서울특별시 광진구 중곡동,중상사고,0,1,0,0,차대사람 - 기타,안전운전불이행,건조,맑음,단일로 - 기타,원동기,남,20세 이하,상해없음,보행자,여,65세 이상,중상,2015,9
2015091800100056.8,2015년 9월,금요일,서울특별시 광진구 구의동,중상사고,0,1,0,0,차대차 - 충돌,신호위반,건조,맑음,단일로 - 기타,원동기,남,51-60세,상해없음,자전거,여,21-30세,중상,2015,9
2015091800100182.0,2015년 9월,금요일,서울특별시 광진구 구의동,중상사고,0,1,0,0,차대사람 - 기타,기타,건조,맑음,단일로 - 기타,승용,남,41-50세,상해없음,보행자,남,51-60세,중상,2015,9
2015091800100183.2,2015년 9월,금요일,서울특별시 광진구 능동,경상사고,0,0,1,0,차대사람 - 기타,기타,건조,맑음,기타 - 기타,자전거,남,21-30세,상해없음,보행자,여,13-20세,경상,2015,9
2015091800100228.0,2015년 9월,금요일,서울특별시 광진구 능동,경상사고,0,0,1,0,차대차 - 추돌,교차로운행방법위반,건조,맑음,교차로 - 교차로부근,화물,남,51-60세,상해없음,원동기,남,31-40세,경상,2015,9
2015091800100331.2,2015년 9월,금요일,서울특별시 광진구 화양동,중상사고,0,1,0,0,차대차 - 기타,기타,건조,맑음,단일로 - 기타,승용,남,51-60세,상해없음,원동기,남,41-50세,중상,2015,9
2015091800100547.2,2015년 9월,금요일,서울특별시 광진구 중곡동,경상사고,0,0,1,0,차대차 - 충돌,안전거리미확보,건조,맑음,단일로 - 기타,승용,남,51-60세,상해없음,원동기,남,31-40세,경상,2015,9
2015091800100667.2,2015년 9월,금요일,서울특별시 광진구 화양동,부상신고사고,0,0,0,1,차대차 - 충돌,안전운전불이행,건조,맑음,교차로 - 교차로부근,이륜,남,21-30세,부상신고,승용,남,65세 이상,상해없음,2015,9
2015091800100720.8,2015년 9월,금요일,서울특별시 광진구 군자동,경상사고,0,0,1,0,차대차 - 기타,신호위반,건조,맑음,단일로 - 기타,승용,남,65세 이상,상해없음,원동기,남,51-60세,경상,2015,9
2015091800100722.0,2015년 9월,금요일,서울특별시 광진구 중곡동,부상신고사고,0,0,0,1,차대차 - 기타,안전운전불이행,건조,맑음,단일로 - 기타,기타불명,기타불명,기타불명,기타불명,원동기,남,21-30세,부상신고,2015,9
2015091800100756.0,2015년 9월,금요일,서울특별시 광진구 자양동,중상사고,0,2,1,0,차대차 - 기타,차로위반,건조,맑음,단일로 - 기타,승용,남,41-50세,상해없음,승용,남,41-50세,경상,2015,9
2015090000000000.0,2015년 9월,금요일,서울특별시 광진구 자양동,중상사고,0,1,0,0,차대차 - 추돌,안전운전불이행,건조,맑음,단일로 - 기타,원동기,남,20세 이하,상해없음,자전거,여,41-50세,중상,2015,9
2015091900100003.2,2015년 9월,토요일,서울특별시 광진구 화양동,경상사고,0,0,7,0,차대사람 - 차도통행중,안전운전불이행,건조,맑음,단일로 - 기타,승용,남,20세 이하,상해없음,보행자,남,41-50세,경상,2015,9
2015091900100126.0,2015년 9월,토요일,서울특별시 광진구 능동,경상사고,0,0,2,0,차대차 - 추돌,안전거리미확보,건조,맑음,단일로 - 기타,승용,남,51-60세,상해없음,이륜,남,21-30세,경상,2015,9
2015091900100218.0,2015년 9월,토요일,서울특별시 광진구 구의동,중상사고,0,3,0,0,차대차 - 충돌,직진우회전진행방해,건조,맑음,교차로 - 교차로안,승용,여,31-40세,상해없음,승용,남,41-50세,중상,2015,9
2015091900100299.2,2015년 9월,토요일,서울특별시 광진구 자양동,중상사고,0,1,0,1,차대차 - 충돌,교차로운행방법위반,건조,맑음,교차로 - 교차로안,승용,남,41-50세,상해없음,승용,남,65세 이상,상해없음,2015,9
2015090000000000.0,2015년 9월,토요일,서울특별시 광진구 자양동,경상사고,0,0,2,0,차대차 - 충돌,중앙선침범,건조,맑음,교차로 - 교차로안,자전거,남,20세 이하,경상,이륜,남,31-40세,경상,2015,9
2015091900100344.0,2015년 9월,토요일,서울특별시 광진구 화양동,경상사고,0,0,1,0,차대사람 - 기타,안전운전불이행,건조,맑음,단일로 - 기타,승용,남,31-40세,상해없음,보행자,남,31-40세,경상,2015,9
2015091900100511.2,2015년 9월,토요일,서울특별시 광진구 자양동,부상신고사고,0,0,0,1,차대사람 - 기타,안전운전불이행,건조,맑음,단일로 - 기타,승용,남,21-30세,상해없음,보행자,남,51-60세,부상신고,2015,9
2015091900100575.2,2015년 9월,토요일,서울특별시 광진구 자양동,경상사고,0,0,1,1,차대차 - 충돌,안전운전불이행,건조,맑음,단일로 - 기타,자전거,남,41-50세,부상신고,자전거,여,41-50세,경상,2015,9
2015092000100051.2,2015년 9월,일요일,서울특별시 광진구 중곡동,경상사고,0,0,1,0,차대사람 - 보도통행중,신호위반,건조,맑음,단일로 - 횡단보도상,승용,남,41-50세,상해없음,보행자,남,31-40세,경상,2015,9
2015092000100091.2,2015년 9월,일요일,서울특별시 광진구 자양동,중상사고,0,1,0,0,차대차 - 추돌,안전운전불이행,건조,맑음,단일로 - 교량,승합,기타불명,기타불명,기타불명,자전거,남,41-50세,중상,2015,9
2015090000000000.0,2015년 9월,월요일,서울특별시 광진구 군자동,경상사고,0,0,2,0,차대차 - 충돌,중앙선침범,건조,맑음,단일로 - 기타,승용,여,21-30세,상해없음,승용,남,51-60세,경상,2015,9
2015092100100146.0,2015년 9월,월요일,서울특별시 광진구 중곡동,경상사고,0,0,1,0,차대사람 - 기타,안전운전불이행,건조,맑음,단일로 - 기타,승용,남,51-60세,상해없음,보행자,여,21-30세,경상,2015,9
2015092100100258.0,2015년 9월,월요일,서울특별시 광진구 자양동,중상사고,0,1,0,0,차대차 - 기타,안전거리미확보,건조,맑음,단일로 - 기타,자전거,남,65세 이상,중상,승용,여,65세 이상,상해없음,2015,9
2015092100100419.2,2015년 9월,월요일,서울특별시 광진구 화양동,중상사고,0,1,2,0,차대차 - 기타,안전운전불이행,건조,맑음,단일로 - 기타,승용,남,51-60세,상해없음,승용,남,41-50세,경상,2015,9
2015092200100054.0,2015년 9월,화요일,서울특별시 광진구 화양동,사망사고,1,0,0,0,차대사람 - 횡단중,안전운전불이행,건조,맑음,단일로 - 기타,승용,남,41-50세,상해없음,보행자,남,65세 이상,사망,2015,9
2015092200100108.8,2015년 9월,화요일,서울특별시 광진구 중곡동,부상신고사고,0,0,0,1,차대사람 - 차도통행중,안전운전불이행,건조,맑음,단일로 - 기타,승용,기타불명,기타불명,기타불명,보행자,여,51-60세,부상신고,2015,9
2015090000000000.0,2015년 9월,화요일,서울특별시 광진구 화양동,경상사고,0,0,1,0,차대사람 - 보도통행중,안전운전불이행,건조,맑음,단일로 - 기타,기타불명,기타불명,기타불명,기타불명,보행자,여,31-40세,경상,2015,9
2015092200100444.8,2015년 9월,화요일,서울특별시 광진구 구의동,경상사고,0,0,1,0,차대차 - 충돌,안전운전불이행,건조,맑음,교차로 - 교차로부근,자전거,여,51-60세,경상,승용,남,31-40세,상해없음,2015,9
2015092300100003.2,2015년 9월,수요일,서울특별시 광진구 자양동,경상사고,0,0,2,0,차대차 - 충돌,안전거리미확보,건조,맑음,단일로 - 기타,승용,남,21-30세,상해없음,원동기,남,13-20세,경상,2015,9
2015092300100048.0,2015년 9월,수요일,서울특별시 광진구 화양동,경상사고,0,0,1,0,차대사람 - 기타,안전운전불이행,건조,맑음,단일로 - 기타,승용,남,51-60세,상해없음,보행자,남,13-20세,경상,2015,9
2015092300100056.0,2015년 9월,수요일,서울특별시 광진구 자양동,부상신고사고,0,0,0,1,차대차 - 충돌,안전운전불이행,건조,맑음,단일로 - 기타,화물,남,51-60세,상해없음,승합,남,41-50세,상해없음,2015,9
2015092300100056.8,2015년 9월,수요일,서울특별시 광진구 자양동,부상신고사고,0,0,0,1,차대사람 - 기타,기타,건조,맑음,단일로 - 기타,승용,남,65세 이상,상해없음,보행자,남,31-40세,부상신고,2015,9
2015092300100116.0,2015년 9월,수요일,서울특별시 광진구 구의동,경상사고,0,0,1,0,차대사람 - 기타,안전운전불이행,건조,맑음,교차로 - 교차로안,승용,남,65세 이상,상해없음,보행자,여,65세 이상,경상,2015,9
2015090000000000.0,2015년 9월,목요일,서울특별시 광진구 구의동,중상사고,0,1,0,0,차대사람 - 기타,안전운전불이행,건조,맑음,단일로 - 기타,승용,남,61-64세,상해없음,보행자,남,31-40세,중상,2015,9
2015092400100075.2,2015년 9월,목요일,서울특별시 광진구 자양동,경상사고,0,0,1,0,차대차 - 추돌,신호위반,건조,맑음,교차로 - 교차로안,원동기,남,21-30세,상해없음,승용,여,31-40세,경상,2015,9
2015092400100384.8,2015년 9월,목요일,서울특별시 광진구 화양동,경상사고,0,0,1,0,차대차 - 기타,안전거리미확보,건조,맑음,단일로 - 기타,승용,남,65세 이상,상해없음,원동기,남,51-60세,경상,2015,9
2015092400100476.0,2015년 9월,목요일,서울특별시 광진구 화양동,경상사고,0,0,1,0,차대차 - 추돌,안전거리미확보,건조,맑음,교차로 - 교차로부근,승용,남,31-40세,상해없음,승용,여,41-50세,경상,2015,9
2015092400100516.0,2015년 9월,목요일,서울특별시 광진구 구의동,경상사고,0,0,1,0,차대차 - 충돌,교차로운행방법위반,건조,맑음,교차로 - 교차로안,승용,남,61-64세,상해없음,승용,남,41-50세,경상,2015,9
2015092400100567.2,2015년 9월,목요일,서울특별시 광진구 군자동,부상신고사고,0,0,0,1,차대사람 - 기타,안전운전불이행,건조,맑음,단일로 - 기타,승용,남,61-64세,상해없음,보행자,남,31-40세,부상신고,2015,9
2015092400100628.8,2015년 9월,목요일,서울특별시 광진구 구의동,경상사고,0,0,1,0,차대사람 - 기타,안전운전불이행,건조,맑음,단일로 - 기타,승용,남,21-30세,상해없음,보행자,여,51-60세,경상,2015,9
2015092400100708.8,2015년 9월,목요일,서울특별시 광진구 화양동,부상신고사고,0,0,0,1,차대사람 - 차도통행중,안전운전불이행,건조,맑음,단일로 - 기타,승용,남,51-60세,상해없음,보행자,남,21-30세,부상신고,2015,9
2015090000000000.0,2015년 9월,목요일,서울특별시 광진구 자양동,경상사고,0,0,2,0,차대차 - 기타,교차로운행방법위반,건조,맑음,교차로 - 교차로부근,승용,남,65세 이상,상해없음,승용,남,21-30세,경상,2015,9
2015092500100004.8,2015년 9월,금요일,서울특별시 광진구 군자동,중상사고,0,1,0,0,차량단독 - 전도전복,안전운전불이행,건조,맑음,단일로 - 기타,원동기,남,41-50세,중상,,,,,2015,9