사고번호,발생년월,요일,시군구,사고내용,사망자수,중상자수,경상자수,부상신고자수,사고유형,법규위반,노면상태,기상상태,도로형태,가해운전자 차종,가해운전자 성별,가해운전자 연령대,가해운전자 상해정도,피해운전자 차종,피해운전자 성별,피해운전자 연령대,피해운전자 상해정도,발생년도,발생월
2015092500100112.0,2015년 9월,금요일,서울특별시 광진구 광장동,중상사고,0,1,0,0,차대차 - 충돌,신호위반,건조,맑음,단일로 - 기타,화물,남,51-60세,상해없음,자전거,남,61-64세,중상,2015,9
2015092500100303.2,2015년 9월,금요일,서울특별시 광진구 화양동,중상사고,0,1,0,1,차대차 - 추돌,안전운전불이행,건조,맑음,단일로 - 기타,이륜,남,51-60세,부상신고,이륜,남,31-40세,중상,2015,9
2015092500100494.0,2015년 9월,금요일,서울특별시 광진구 자양동,중상사고,0,1,0,0,차대사람 - 기타,안전운전불이행,건조,맑음,단일로 - 기타,승용,여,41-50세,상해없음,보행자,남,13-20세,중상,2015,9
2015092500100543.2,2015년 9월,금요일,서울특별시 광진구 자양동,경상사고,0,0,1,0,차대차 - 충돌,안전거리미확보,건조,맑음,단일로 - 기타,승용,남,31-40세,상해없음,승용,남,51-60세,경상,2015,9
2015090000000000.0,2015년 9월,토요일,서울특별시 광진구 화양동,경상사고,0,0,1,0,차대사람 - 기타,안전운전불이행,건조,맑음,단일로 - 기타,승용,남,20세 이하,상해없음,보행자,남,13-20세,경상,2015,9
2015092600100092.8,2015년 9월,토요일,서울특별시 광진구 자양동,부상신고사고,0,0,0,1,차대차 - 추돌,안전운전불이행,건조,맑음,단일로 - 기타,승용,남,21-30세,부상신고,승용,남,31-40세,기타불명,2015,9
2015092700100074.0,2015년 9월,일요일,서울특별시 광진구 화양동,경상사고,0,0,1,0,차대차 - 충돌,불법유턴,건조,맑음,교차로 - 교차로부근,승용,남,31-40세,상해없음,승용,남,51-60세,경상,2015,9
2015092700100075.2,2015년 9월,일요일,서울특별시 광진구 자양동,경상사고,0,0,1,0,차대사람 - 기타,안전운전불이행,건조,맑음,단일로 - 기타,자전거,남,41-50세,상해없음,보행자,남,51-60세,경상,2015,9
2015092700100208.0,2015년 9월,일요일,서울특별시 광진구 화양동,경상사고,0,0,1,0,차대차 - 충돌,신호위반,건조,맑음,교차로 - 교차로안,승용,남,65세 이상,상해없음,자전거,남,41-50세,경상,2015,9
2015092800100147.2,2015년 9월,월요일,서울특별시 광진구 구의동,경상사고,0,0,4,1,차대차 - 충돌,안전거리미확보,건조,맑음,단일로 - 기타,승용,남,61-64세,경상,승합,남,61-64세,경상,2015,9
2015092800100252.8,2015년 9월,월요일,서울특별시 광진구 자양동,경상사고,0,0,1,0,차대사람 - 기타,안전운전불이행,건조,맑음,단일로 - 횡단보도상,자전거,여,21-30세,상해없음,보행자,여,61-64세,경상,2015,9
2015092800100319.2,2015년 9월,월요일,서울특별시 광진구 화양동,중상사고,0,2,0,0,차대사람 - 횡단중,신호위반,습기,비,단일로 - 횡단보도상,원동기,남,20세 이하,중상,보행자,여,13-20세,중상,2015,9
2015092900100138.0,2015년 9월,화요일,서울특별시 광진구 군자동,경상사고,0,0,1,0,차대사람 - 기타,안전운전불이행,건조,맑음,교차로 - 교차로부근,자전거,남,65세 이상,상해없음,보행자,여,41-50세,경상,2015,9
2015093000100112.0,2015년 9월,수요일,서울특별시 광진구 중곡동,경상사고,0,0,1,0,차대사람 - 기타,안전운전불이행,건조,맑음,단일로 - 기타,승용,여,31-40세,상해없음,보행자,여,41-50세,경상,2015,9
2015093000100324.0,2015년 9월,수요일,서울특별시 광진구 구의동,경상사고,0,0,3,0,차대차 - 추돌,안전운전불이행,건조,맑음,교차로 - 교차로안,승용,남,41-50세,상해없음,승용,남,31-40세,경상,2015,9
2015093000100439.2,2015년 9월,수요일,서울특별시 광진구 자양동,중상사고,0,1,0,0,차대차 - 충돌,안전운전불이행,건조,맑음,단일로 - 기타,자전거,남,65세 이상,중상,승용,남,31-40세,상해없음,2015,9
2015090000000000.0,2015년 9월,수요일,서울특별시 광진구 화양동,중상사고,0,1,0,0,차대차 - 기타,기타,건조,맑음,단일로 - 기타,승용,남,61-64세,상해없음,원동기,여,13-20세,중상,2015,9
2015093000100564.8,2015년 9월,수요일,서울특별시 광진구 자양동,경상사고,0,0,1,0,차대차 - 기타,기타,건조,맑음,단일로 - 기타,승용,남,51-60세,상해없음,이륜,남,31-40세,경상,2015,9
2015093000100598.0,2015년 9월,수요일,서울특별시 광진구 중곡동,중상사고,0,1,0,0,차대차 - 추돌,안전운전불이행,건조,맑음,교차로 - 교차로부근,승용,기타불명,기타불명,기타불명,승용,여,31-40세,중상,2015,9
2015093000100623.2,2015년 9월,수요일,서울특별시 광진구 중곡동,경상사고,0,0,3,0,차대차 - 추돌,안전운전불이행,건조,맑음,교차로 - 교차로부근,승용,남,31-40세,상해없음,승용,남,41-50세,경상,2015,9
2015100100100000.8,2015년 10월,목요일,서울특별시 광진구 화양동,경상사고,0,0,1,0,차대사람 - 기타,안전운전불이행,건조,맑음,단일로 - 기타,승용,남,51-60세,상해없음,보행자,남,13-20세,경상,2015,10
2015100100100002.0,2015년 10월,목요일,서울특별시 광진구 중곡동,중상사고,0,1,0,0,차대차 - 충돌,교차로운행방법위반,건조,맑음,교차로 - 교차로안,승용,남,51-60세,상해없음,승용,여,41-50세,중상,2015,10
2015100100100118.0,2015년 10월,목요일,서울특별시 광진구 화양동,경상사고,0,0,1,0,차대차 - 기타,기타,건조,맑음,단일로 - 기타,승용,남,21-30세,상해없음,자전거,남,51-60세,경상,2015,10
2015100100100220.8,2015년 10월,목요일,서울특별시 광진구 구의동,경상사고,0,0,1,0,차대사람 - 기타,안전운전불이행,습기,비,교차로 - 교차로부근,기타불명,기타불명,기타불명,기타불명,보행자,여,65세 이상,경상,2015,10
2015100200100027.2,2015년 10월,금요일,서울특별시 광진구 광장동,경상사고,0,0,1,0,차대차 - 충돌,안전운전불이행,건조,맑음,단일로 - 횡단보도상,자전거,여,21-30세,경상,승용,남,65세 이상,상해없음,2015,10
2015100200100742.0,2015년 10월,금요일,서울특별시 광진구 중곡동,중상사고,0,1,9,0,차대차 - 추돌,안전운전불이행,건조,맑음,단일로 - 기타,승용,남,41-50세,경상,화물,남,31-40세,경상,2015,10
2015100300100002.0,2015년 10월,토요일,서울특별시 광진구 중곡동,경상사고,0,0,1,0,차대차 - 충돌,안전운전불이행,건조,맑음,단일로 - 기타,자전거,남,21-30세,경상,승용,여,21-30세,상해없음,2015,10
2015100300100236.8,2015년 10월,토요일,서울특별시 광진구 능동,중상사고,0,1,0,0,차대차 - 추돌,기타,건조,맑음,단일로 - 기타,승용,남,61-64세,상해없음,이륜,남,31-40세,중상,2015,10
2015100300100238.0,2015년 10월,토요일,서울특별시 광진구 능동,경상사고,0,0,1,0,차대차 - 기타,직진우회전진행방해,건조,맑음,교차로 - 교차로안,승용,남,51-60세,상해없음,승용,남,65세 이상,상해없음,2015,10
2015100300100344.8,2015년 10월,토요일,서울특별시 광진구 자양동,중상사고,0,4,0,0,차대차 - 추돌,안전운전불이행,건조,맑음,단일로 - 기타,승용,여,65세 이상,중상,승용,남,51-60세,중상,2015,10
2015100400100179.2,2015년 10월,일요일,서울특별시 광진구 자양동,중상사고,0,1,0,0,차대사람 - 기타,안전운전불이행,건조,맑음,단일로 - 기타,승용,남,51-60세,상해없음,보행자,남,12세 이하,중상,2015,10
2015100400100288.8,2015년 10월,일요일,서울특별시 광진구 구의동,경상사고,0,0,1,0,차대사람 - 기타,안전운전불이행,건조,맑음,교차로 - 교차로부근,승용,여,31-40세,상해없음,보행자,남,31-40세,경상,2015,10
2015100400100444.0,2015년 10월,일요일,서울특별시 광진구 화양동,경상사고,0,0,1,0,차대차 - 추돌,안전거리미확보,건조,맑음,단일로 - 기타,승용,남,51-60세,경상,승용,남,31-40세,상해없음,2015,10
2015100500100058.0,2015년 10월,월요일,서울특별시 광진구 구의동,경상사고,0,0,1,0,차대차 - 기타,교차로운행방법위반,건조,맑음,교차로 - 교차로안,승용,남,65세 이상,상해없음,승용,남,51-60세,상해없음,2015,10
2015100500100059.2,2015년 10월,월요일,서울특별시 광진구 자양동,경상사고,0,0,1,0,차대사람 - 기타,안전운전불이행,건조,맑음,단일로 - 기타,승용,남,51-60세,상해없음,보행자,여,21-30세,경상,2015,10
2015100000000000.0,2015년 10월,월요일,서울특별시 광진구 자양동,중상사고,0,2,0,0,차대차 - 충돌,안전운전불이행,건조,맑음,단일로 - 교량,승용,남,65세 이상,중상,자전거,여,31-40세,중상,2015,10
2015100500100291.2,2015년 10월,월요일,서울특별시 광진구 능동,경상사고,0,0,1,0,차대차 - 추돌,안전운전불이행,건조,맑음,단일로 - 기타,승합,남,41-50세,상해없음,승용,남,51-60세,상해없음,2015,10
2015100500100636.0,2015년 10월,월요일,서울특별시 광진구 군자동,중상사고,0,1,0,0,차대차 - 추돌,교차로운행방법위반,건조,맑음,교차로 - 교차로부근,승용,남,65세 이상,상해없음,승용,여,31-40세,중상,2015,10
2015100500100675.2,2015년 10월,월요일,서울특별시 광진구 화양동,중상사고,0,1,1,0,차대차 - 기타,안전운전불이행,건조,맑음,교차로 - 교차로부근,승용,남,41-50세,경상,승용,여,51-60세,중상,2015,10
2015100600100231.2,2015년 10월,화요일,서울특별시 광진구 자양동,경상사고,0,0,1,0,차량단독 - 전도전복,안전운전불이행,건조,맑음,교차로 - 교차로부근,자전거,남,41-50세,경상,,,,,2015,10
2015100000000000.0,2015년 10월,수요일,서울특별시 광진구 군자동,경상사고,0,0,4,0,차대차 - 추돌,중앙선침범,건조,맑음,단일로 - 교량,승용,남,41-50세,상해없음,승합,남,65세 이상,상해없음,2015,10
2015100700100359.2,2015년 10월,수요일,서울특별시 광진구 자양동,중상사고,0,1,0,0,차대차 - 충돌,안전운전불이행,건조,맑음,교차로 - 교차로안,자전거,남,20세 이하,중상,승합,남,31-40세,상해없음,2015,10
2015100700100516.0,2015년 10월,수요일,서울특별시 광진구 구의동,경상사고,0,0,1,0,차대사람 - 횡단중,안전운전불이행,건조,맑음,단일로 - 기타,승용,남,51-60세,상해없음,보행자,남,65세 이상,경상,2015,10
2015100700100608.0,2015년 10월,수요일,서울특별시 광진구 구의동,경상사고,0,0,1,0,차대사람 - 횡단중,안전운전불이행,건조,맑음,단일로 - 기타,승용,남,51-60세,상해없음,보행자,여,41-50세,경상,2015,10
2015100800100028.8,2015년 10월,목요일,서울특별시 광진구 구의동,경상사고,0,0,1,0,차대사람 - 차도통행중,신호위반,건조,맑음,교차로 - 교차로안,승용,남,41-50세,상해없음,보행자,남,13-20세,경상,2015,10
2015100000000000.0,2015년 10월,목요일,서울특별시 광진구 자양동,부상신고사고,0,0,0,1,차대차 - 추돌,안전운전불이행,건조,맑음,단일로 - 기타,승용,남,31-40세,부상신고,건설기계,남,31-40세,상해없음,2015,10
2015100800100292.8,2015년 10월,목요일,서울특별시 광진구 광장동,경상사고,0,0,2,0,차대차 - 기타,안전운전불이행,건조,맑음,단일로 - 기타,승용,남,51-60세,상해없음,승합,남,41-50세,상해없음,2015,10
2015100800100363.2,2015년 10월,목요일,서울특별시 광진구 중곡동,중상사고,0,1,0,0,차대사람 - 기타,안전운전불이행,건조,맑음,단일로 - 기타,승용,남,51-60세,상해없음,보행자,남,12세 이하,중상,2015,10
2015100900100034.0,2015년 10월,금요일,서울특별시 광진구 광장동,중상사고,0,1,0,0,차량단독 - 기타,안전운전불이행,건조,맑음,단일로 - 기타,승용,남,51-60세,상해없음,,,,,2015,10
2015100900100058.0,2015년 10월,금요일,서울특별시 광진구 광장동,경상사고,0,0,1,0,차대차 - 추돌,안전운전불이행,건조,맑음,단일로 - 기타,승용,남,51-60세,경상,건설기계,남,61-64세,기타불명,2015,10
2015100900100123.2,2015년 10월,금요일,서울특별시 광진구 구의동,중상사고,0,1,0,0,차대사람 - 보도통행중,기타,건조,맑음,단일로 - 기타,특수,남,31-40세,상해없음,보행자,남,65세 이상,중상,2015,10
2015100900100607.2,2015년 10월,금요일,서울특별시 광진구 자양동,부상신고사고,0,0,0,1,차대사람 - 횡단중,신호위반,건조,맑음,교차로 - 교차로부근,원동기,남,20세 이하,상해없음,보행자,여,51-60세,부상신고,2015,10
2015100900100703.2,2015년 10월,금요일,서울특별시 광진구 자양동,경상사고,0,0,3,0,차대차 - 기타,안전운전불이행,건조,맑음,교차로 - 교차로안,승용,남,51-60세,상해없음,승용,남,31-40세,경상,2015,10
2015101000100407.2,2015년 10월,토요일,서울특별시 광진구 구의동,중상사고,0,1,0,0,차대사람 - 횡단중,안전운전불이행,건조,맑음,단일로 - 횡단보도상,승용,남,65세 이상,상해없음,보행자,여,65세 이상,중상,2015,10
2015100000000000.0,2015년 10월,토요일,서울특별시 광진구 군자동,경상사고,0,0,1,0,차대차 - 추돌,안전거리미확보,건조,맑음,단일로 - 기타,승용,남,61-64세,상해없음,승용,남,21-30세,경상,2015,10
2015101100100028.0,2015년 10월,일요일,서울특별시 광진구 구의동,경상사고,0,0,2,0,차대차 - 추돌,안전거리미확보,건조,맑음,단일로 - 기타,승용,남,65세 이상,상해없음,승용,남,51-60세,경상,2015,10
2015101100100072.8,2015년 10월,일요일,서울특별시 광진구 광장동,중상사고,0,2,0,0,차대차 - 충돌,신호위반,건조,맑음,교차로 - 교차로안,승용,남,31-40세,상해없음,승용,여,31-40세,중상,2015,10
2015101100100448.8,2015년 10월,일요일,서울특별시 광진구 중곡동,경상사고,0,0,1,0,차대차 - 기타,안전운전불이행,건조,맑음,단일로 - 기타,원동기,남,21-30세,상해없음,승용,남,31-40세,경상,2015,10
2015101100100503.2,2015년 10월,일요일,서울특별시 광진구 자양동,중상사고,0,1,1,0,차대차 - 기타,안전거리미확보,습기,비,교차로 - 교차로안,승용,남,51-60세,상해없음,승용,기타불명,기타불명,기타불명,2015,10
2015101200100016.0,2015년 10월,월요일,서울특별시 광진구 구의동,경상사고,0,0,2,0,차대차 - 기타,안전운전불이행,건조,맑음,단일로 - 기타,승용,여,21-30세,상해없음,승용,남,51-60세,경상,2015,10
2015101200100118.0,2015년 10월,월요일,서울특별시 광진구 능동,경상사고,0,0,1,0,차대차 - 추돌,안전운전불이행,건조,맑음,단일로 - 기타,승용,남,21-30세,상해없음,승용,남,41-50세,경상,2015,10
2015101200100248.0,2015년 10월,월요일,서울특별시 광진구 중곡동,경상사고,0,0,1,0,차대차 - 충돌,교차로운행방법위반,건조,맑음,교차로 - 교차로안,승용,남,41-50세,상해없음,이륜,남,51-60세,경상,2015,10
2015101200100424.8,2015년 10월,월요일,서울특별시 광진구 구의동,중상사고,0,1,0,0,차대사람 - 기타,안전운전불이행,건조,맑음,단일로 - 기타,승용,여,41-50세,상해없음,보행자,여,51-60세,중상,2015,10
2015101200100426.0,2015년 10월,월요일,서울특별시 광진구 구의동,중상사고,0,1,0,0,차대차 - 충돌,안전운전불이행,건조,맑음,교차로 - 교차로안,자전거,남,65세 이상,중상,승합,남,41-50세,상해없음,2015,10
2015101200100524.8,2015년 10월,월요일,서울특별시 광진구 구의동,경상사고,0,0,1,0,차대차 - 기타,안전운전불이행,건조,맑음,교차로 - 교차로안,승용,남,21-30세,상해없음,승용,남,41-50세,경상,2015,10
2015101300100240.8,2015년 10월,화요일,서울특별시 광진구 군자동,부상신고사고,0,0,0,1,차대차 - 충돌,신호위반,건조,맑음,교차로 - 교차로안,승용,남,51-60세,상해없음,이륜,남,51-60세,부상신고,2015,10
2015101300100406.0,2015년 10월,화요일,서울특별시 광진구 중곡동,중상사고,0,1,0,0,차대차 - 추돌,안전운전불이행,건조,맑음,교차로 - 교차로부근,기타불명,기타불명,기타불명,기타불명,자전거,남,13-20세,중상,2015,10
2015101300100594.0,2015년 10월,화요일,서울특별시 광진구 자양동,중상사고,0,2,0,0,차대차 - 충돌,신호위반,건조,맑음,교차로 - 교차로안,승용,남,61-64세,상해없음,승용,남,21-30세,중상,2015,10
2015101400100124.0,2015년 10월,수요일,서울특별시 광진구 자양동,중상사고,0,1,2,0,차대차 - 기타,안전운전불이행,건조,맑음,단일로 - 기타,승용,남,61-64세,상해없음,승용,남,51-60세,경상,2015,10
2015101400100360.8,2015년 10월,수요일,서울특별시 광진구 구의동,경상사고,0,0,2,0,차대차 - 기타,안전거리미확보,건조,맑음,단일로 - 기타,승용,남,51-60세,상해없음,승합,남,65세 이상,상해없음,2015,10
2015101400100402.0,2015년 10월,수요일,서울특별시 광진구 중곡동,경상사고,0,0,1,0,차대차 - 충돌,안전운전불이행,건조,맑음,단일로 - 기타,승용,남,65세 이상,상해없음,화물,남,31-40세,경상,2015,10
2015101500100014.0,2015년 10월,목요일,서울특별시 광진구 자양동,경상사고,0,0,3,0,차대차 - 추돌,안전거리미확보,건조,맑음,단일로 - 기타,승용,남,41-50세,상해없음,승용,남,41-50세,상해없음,2015,10
2015101500100408.0,2015년 10월,목요일,서울특별시 광진구 군자동,중상사고,0,1,0,0,차대차 - 기타,신호위반,건조,맑음,교차로 - 교차로안,원동기,남,51-60세,상해없음,원동기,남,51-60세,중상,2015,10
2015101500100555.2,2015년 10월,목요일,서울특별시 광진구 구의동,경상사고,0,0,1,0,차대사람 - 차도통행중,안전운전불이행,건조,맑음,단일로 - 기타,승용,남,51-60세,상해없음,보행자,남,65세 이상,경상,2015,10
2015101600100239.2,2015년 10월,금요일,서울특별시 광진구 화양동,중상사고,0,1,1,0,차대차 - 충돌,신호위반,건조,맑음,교차로 - 교차로안,이륜,남,61-64세,중상,승용,남,61-64세,경상,2015,10
2015101600100292.0,2015년 10월,금요일,서울특별시 광진구 구의동,경상사고,0,0,1,0,차대차 - 추돌,안전운전불이행,건조,맑음,교차로 - 교차로안,승용,남,51-60세,상해없음,승용,남,31-40세,경상,2015,10
2015101600100327.2,2015년 10월,금요일,서울특별시 광진구 자양동,중상사고,0,2,0,0,차대사람 - 기타,안전운전불이행,건조,맑음,단일로 - 기타,자전거,남,20세 이하,중상,보행자,여,51-60세,중상,2015,10
2015101600100446.0,2015년 10월,금요일,서울특별시 광진구 구의동,중상사고,0,1,0,0,차대사람 - 차도통행중,안전운전불이행,건조,맑음,단일로 - 기타,승용,남,21-30세,상해없음,보행자,여,31-40세,중상,2015,10
2015101600100716.0,2015년 10월,금요일,서울특별시 광진구 화양동,경상사고,0,0,1,0,차대사람 - 길가장자리구역통행중,안전운전불이행,건조,맑음,단일로 - 기타,승용,여,51-60세,상해없음,보행자,남,21-30세,경상,2015,10
2015101700100048.0,2015년 10월,토요일,서울특별시 광진구 화양동,경상사고,0,0,1,0,차대사람 - 기타,신호위반,건조,맑음,교차로 - 교차로부근,승용,남,41-50세,상해없음,보행자,남,13-20세,경상,2015,10
2015101700100667.2,2015년 10월,토요일,서울특별시 광진구 광장동,경상사고,0,0,3,0,차대차 - 기타,안전운전불이행,건조,맑음,단일로 - 기타,승용,남,41-50세,상해없음,승용,남,31-40세,경상,2015,10
2015101700100704.8,2015년 10월,토요일,서울특별시 광진구 광장동,경상사고,0,0,1,0,차대차 - 기타,안전운전불이행,건조,맑음,단일로 - 기타,승용,남,31-40세,상해없음,승용,남,21-30세,경상,2015,10
2015101800100134.0,2015년 10월,일요일,서울특별시 광진구 자양동,중상사고,0,1,0,0,차대사람 - 기타,신호위반,건조,맑음,단일로 - 기타,화물,남,51-60세,상해없음,보행자,여,61-64세,중상,2015,10
2015101800100135.2,2015년 10월,일요일,서울특별시 광진구 구의동,경상사고,0,0,4,0,차대차 - 충돌,신호위반,건조,맑음,교차로 - 교차로안,승용,남,65세 이상,경상,승용,여,51-60세,경상,2015,10
2015101800100379.2,2015년 10월,일요일,서울특별시 광진구 중곡동,경상사고,0,0,1,1,차대차 - 충돌,안전운전불이행,건조,맑음,기타 - 기타,승용,남,65세 이상,경상,승용,여,31-40세,부상신고,2015,10
2015101900100028.0,2015년 10월,월요일,서울특별시 광진구 광장동,중상사고,0,2,1,0,차대차 - 추돌,안전운전불이행,기타,맑음,단일로 - 기타,승용,남,21-30세,상해없음,원동기,남,21-30세,중상,2015,10
2015101900100038.0,2015년 10월,월요일,서울특별시 광진구 화양동,경상사고,0,0,1,0,차대차 - 추돌,안전운전불이행,건조,맑음,교차로 - 교차로안,승용,남,51-60세,상해없음,승용,여,51-60세,경상,2015,10
2015101900100116.8,2015년 10월,월요일,서울특별시 광진구 자양동,경상사고,0,0,1,0,차대차 - 충돌,안전운전불이행,건조,맑음,교차로 - 교차로부근,승용,남,61-64세,상해없음,승용,여,31-40세,경상,2015,10
2015101900100231.2,2015년 10월,월요일,서울특별시 광진구 군자동,경상사고,0,0,1,0,차대차 - 추돌,안전운전불이행,건조,맑음,교차로 - 교차로부근,승합,남,21-30세,상해없음,승용,남,51-60세,경상,2015,10
2015101900100354.0,2015년 10월,월요일,서울특별시 광진구 구의동,중상사고,0,1,0,0,차대차 - 추돌,기타,건조,맑음,단일로 - 기타,승용,남,51-60세,상해없음,자전거,남,65세 이상,중상,2015,10
2015101900100444.8,2015년 10월,월요일,서울특별시 광진구 능동,경상사고,0,0,1,0,차대차 - 충돌,신호위반,건조,맑음,교차로 - 교차로안,화물,남,41-50세,상해없음,승용,남,31-40세,경상,2015,10
2015102000100642.0,2015년 10월,화요일,서울특별시 광진구 중곡동,부상신고사고,0,0,0,1,차대사람 - 기타,안전운전불이행,건조,맑음,단일로 - 기타,승용,남,65세 이상,상해없음,보행자,여,65세 이상,부상신고,2015,10
2015102100100088.0,2015년 10월,수요일,서울특별시 광진구 자양동,중상사고,0,1,0,0,차대차 - 기타,신호위반,건조,맑음,교차로 - 교차로안,건설기계,남,31-40세,상해없음,원동기,여,21-30세,중상,2015,10
2015102100100119.2,2015년 10월,수요일,서울특별시 광진구 구의동,부상신고사고,0,0,0,1,차대사람 - 기타,안전운전불이행,건조,맑음,단일로 - 기타,자전거,남,20세 이하,상해없음,보행자,남,12세 이하,부상신고,2015,10
2015100000000000.0,2015년 10월,수요일,서울특별시 광진구 자양동,부상신고사고,0,0,0,1,차대사람 - 기타,안전운전불이행,건조,맑음,기타 - 기타,자전거,여,20세 이하,상해없음,보행자,여,65세 이상,부상신고,2015,10
2015102100100464.8,2015년 10월,수요일,서울특별시 광진구 자양동,경상사고,0,0,1,1,차대차 - 충돌,안전거리미확보,건조,맑음,교차로 - 교차로부근,이륜,남,65세 이상,부상신고,승용,남,61-64세,경상,2015,10
2015102200100003.2,2015년 10월,목요일,서울특별시 광진구 자양동,중상사고,0,4,1,0,차대차 - 추돌,안전운전불이행,건조,맑음,단일로 - 기타,승용,남,31-40세,기타불명,화물,남,61-64세,중상,2015,10
2015102200100024.8,2015년 10월,목요일,서울특별시 광진구 중곡동,경상사고,0,0,1,0,차대차 - 추돌,안전운전불이행,건조,맑음,단일로 - 기타,승용,남,21-30세,상해없음,승용,남,51-60세,경상,2015,10
2015102200100026.0,2015년 10월,목요일,서울특별시 광진구 중곡동,경상사고,0,0,1,0,차대차 - 추돌,안전운전불이행,건조,맑음,교차로 - 교차로안,원동기,남,41-50세,경상,건설기계,남,51-60세,기타불명,2015,10
2015102200100204.8,2015년 10월,목요일,서울특별시 광진구 중곡동,경상사고,0,0,1,0,차대차 - 충돌,중앙선침범,건조,맑음,교차로 - 교차로부근,승용,여,31-40세,상해없음,승용,남,31-40세,경상,2015,10
2015102200100331.2,2015년 10월,목요일,서울특별시 광진구 능동,중상사고,0,1,0,0,차대사람 - 횡단중,안전운전불이행,건조,맑음,단일로 - 기타,승용,여,41-50세,상해없음,보행자,남,51-60세,중상,2015,10
2015102200100332.0,2015년 10월,목요일,서울특별시 광진구 중곡동,부상신고사고,0,0,0,1,차대사람 - 보도통행중,안전운전불이행,건조,맑음,단일로 - 기타,승용,여,41-50세,상해없음,보행자,남,41-50세,부상신고,2015,10
2015102200100360.8,2015년 10월,목요일,서울특별시 광진구 자양동,중상사고,0,1,0,0,차대차 - 충돌,안전운전불이행,건조,맑음,교차로 - 교차로부근,화물,남,41-50세,상해없음,자전거,여,51-60세,중상,2015,10
2015102200100634.0,2015년 10월,목요일,서울특별시 광진구 중곡동,경상사고,0,0,1,0,차대사람 - 횡단중,안전운전불이행,건조,맑음,교차로 - 교차로안,이륜,남,21-30세,상해없음,보행자,남,51-60세,경상,2015,10
2015102200100635.2,2015년 10월,목요일,서울특별시 광진구 화양동,경상사고,0,0,1,0,차대차 - 기타,교차로운행방법위반,건조,맑음,교차로 - 교차로안,기타불명,기타불명,기타불명,기타불명,이륜,남,21-30세,경상,2015,10
2015102300100044.8,2015년 10월,금요일,서울특별시 광진구 구의동,경상사고,0,0,1,0,차량단독 - 기타,안전운전불이행,건조,맑음,교차로 - 교차로안,승용,남,51-60세,상해없음,,,,,2015,10
2015102300100292.0,2015년 10월,금요일,서울특별시 광진구 자양동,중상사고,0,1,0,0,차대차 - 기타,안전운전불이행,건조,맑음,단일로 - 기타,승용,남,65세 이상,상해없음,자전거,여,51-60세,중상,2015,10
2015102300100326.0,2015년 10월,금요일,서울특별시 광진구 중곡동,중상사고,0,1,0,0,차대사람 - 횡단중,보행자보호의무위반,건조,맑음,단일로 - 횡단보도상,승용,남,21-30세,상해없음,보행자,여,65세 이상,중상,2015,10
2015102300100503.2,2015년 10월,금요일,서울특별시 광진구 구의동,경상사고,0,0,1,0,차대사람 - 기타,안전운전불이행,건조,맑음,단일로 - 기타,원동기,기타불명,기타불명,기타불명,보행자,여,51-60세,경상,2015,10
2015102300100752.8,2015년 10월,금요일,서울특별시 광진구 중곡동,경상사고,0,0,1,0,차대사람 - 기타,보행자보호의무위반,건조,맑음,단일로 - 기타,승용,기타불명,기타불명,기타불명,보행자,남,41-50세,경상,2015,10
2015102400100107.2,2015년 10월,토요일,서울특별시 광진구 군자동,중상사고,0,1,0,0,차대사람 - 기타,보행자보호의무위반,습기,비,교차로 - 교차로안,화물,남,51-60세,상해없음,보행자,남,65세 이상,중상,2015,10
2015102400100211.2,2015년 10월,토요일,서울특별시 광진구 광장동,중상사고,0,1,0,0,차대사람 - 기타,기타,건조,맑음,단일로 - 기타,승합,남,51-60세,상해없음,보행자,여,51-60세,중상,2015,10
2015102400100442.0,2015년 10월,토요일,서울특별시 광진구 자양동,중상사고,0,1,0,0,차대사람 - 횡단중,보행자보호의무위반,건조,맑음,교차로 - 교차로안,승용,남,65세 이상,상해없음,보행자,여,61-64세,중상,2015,10
2015102400100556.0,2015년 10월,토요일,서울특별시 광진구 화양동,중상사고,0,1,0,0,차대차 - 기타,안전운전불이행,건조,맑음,미분류 - 미분류,승용,여,31-40세,기타불명,승용,여,21-30세,중상,2015,10
2015102500100000.8,2015년 10월,일요일,서울특별시 광진구 자양동,경상사고,0,0,1,0,차대차 - 충돌,안전거리미확보,건조,맑음,단일로 - 기타,승용,남,51-60세,상해없음,원동기,남,21-30세,경상,2015,10
2015102500100128.8,2015년 10월,일요일,서울특별시 광진구 광장동,경상사고,0,0,1,0,차대차 - 추돌,안전운전불이행,건조,맑음,단일로 - 기타,승용,남,31-40세,상해없음,승용,남,31-40세,경상,2015,10
2015102500100200.8,2015년 10월,일요일,서울특별시 광진구 자양동,경상사고,0,0,1,0,차대차 - 충돌,안전운전불이행,건조,맑음,단일로 - 기타,자전거,남,51-60세,상해없음,자전거,남,61-64세,경상,2015,10