사고번호,발생년월,요일,시군구,사고내용,사망자수,중상자수,경상자수,부상신고자수,사고유형,법규위반,노면상태,기상상태,도로형태,가해운전자 차종,가해운전자 성별,가해운전자 연령대,가해운전자 상해정도,피해운전자 차종,피해운전자 성별,피해운전자 연령대,피해운전자 상해정도,발생년도,발생월
2015102600100064.8,2015년 10월,월요일,서울특별시 광진구 구의동,경상사고,0,0,1,0,차대차 - 충돌,신호위반,건조,맑음,교차로 - 교차로안,기타불명,기타불명,기타불명,기타불명,자전거,여,13-20세,경상,2015,10
2015102600100156.8,2015년 10월,월요일,서울특별시 광진구 군자동,중상사고,0,1,0,0,차대사람 - 기타,안전운전불이행,건조,맑음,단일로 - 기타,원동기,남,41-50세,상해없음,보행자,여,41-50세,중상,2015,10
2015102700100003.2,2015년 10월,화요일,서울특별시 광진구 군자동,중상사고,0,1,0,0,차대사람 - 기타,신호위반,습기,비,교차로 - 교차로안,승용,여,31-40세,상해없음,보행자,남,31-40세,중상,2015,10
2015102700100055.2,2015년 10월,화요일,서울특별시 광진구 광장동,경상사고,0,0,2,0,차대차 - 기타,안전운전불이행,습기,비,단일로 - 기타,승용,남,31-40세,상해없음,승용,남,21-30세,경상,2015,10
2015102700100242.0,2015년 10월,화요일,서울특별시 광진구 광장동,경상사고,0,0,1,1,차대차 - 기타,안전운전불이행,건조,맑음,교차로 - 교차로안,승용,여,21-30세,경상,승용,남,21-30세,상해없음,2015,10
2015102700100668.0,2015년 10월,화요일,서울특별시 광진구 자양동,중상사고,0,1,0,0,차대차 - 충돌,안전운전불이행,건조,맑음,단일로 - 기타,원동기,남,20세 이하,중상,승용,남,31-40세,상해없음,2015,10
2015102800100119.2,2015년 10월,수요일,서울특별시 광진구 능동,중상사고,0,1,0,0,차대차 - 충돌,안전거리미확보,건조,맑음,단일로 - 기타,승용,남,65세 이상,상해없음,이륜,여,21-30세,중상,2015,10
2015100000000000.0,2015년 10월,수요일,서울특별시 광진구 자양동,부상신고사고,0,0,0,1,차대사람 - 기타,안전운전불이행,건조,맑음,교차로 - 교차로안,승용,남,41-50세,상해없음,보행자,남,65세 이상,부상신고,2015,10
2015102800100294.0,2015년 10월,수요일,서울특별시 광진구 구의동,경상사고,0,0,1,0,차대차 - 기타,안전거리미확보,건조,맑음,단일로 - 기타,승용,남,21-30세,상해없음,승용,남,41-50세,경상,2015,10
2015102800100422.0,2015년 10월,수요일,서울특별시 광진구 구의동,중상사고,0,1,0,0,차대차 - 충돌,안전운전불이행,건조,맑음,교차로 - 교차로부근,승용,남,20세 이하,상해없음,자전거,남,21-30세,중상,2015,10
2015102800100500.8,2015년 10월,수요일,서울특별시 광진구 구의동,중상사고,0,1,0,0,차대차 - 충돌,안전운전불이행,건조,맑음,단일로 - 기타,승합,남,51-60세,상해없음,자전거,남,21-30세,중상,2015,10
2015100000000000.0,2015년 10월,목요일,서울특별시 광진구 자양동,경상사고,0,0,1,0,차대차 - 추돌,안전운전불이행,건조,맑음,교차로 - 교차로안,승용,남,31-40세,상해없음,승용,남,51-60세,경상,2015,10
2015102900100047.2,2015년 10월,목요일,서울특별시 광진구 자양동,중상사고,0,1,2,0,차대차 - 충돌,신호위반,건조,맑음,교차로 - 교차로안,승용,남,31-40세,상해없음,승용,남,21-30세,중상,2015,10
2015102900100048.0,2015년 10월,목요일,서울특별시 광진구 중곡동,중상사고,0,1,0,0,차대차 - 충돌,신호위반,건조,맑음,교차로 - 교차로안,승용,남,61-64세,상해없음,원동기,남,21-30세,중상,2015,10
2015102900100059.2,2015년 10월,목요일,서울특별시 광진구 구의동,경상사고,0,0,1,0,차대차 - 추돌,안전운전불이행,건조,맑음,단일로 - 기타,화물,남,51-60세,상해없음,승용,여,31-40세,경상,2015,10
2015102900100234.0,2015년 10월,목요일,서울특별시 광진구 중곡동,중상사고,0,1,0,0,차대차 - 기타,안전운전불이행,건조,맑음,단일로 - 기타,승합,남,65세 이상,상해없음,원동기,남,41-50세,중상,2015,10
2015103000100104.0,2015년 10월,금요일,서울특별시 광진구 자양동,중상사고,0,1,4,0,차대차 - 충돌,안전운전불이행,건조,맑음,단일로 - 기타,승용,여,21-30세,중상,승용,남,41-50세,상해없음,2015,10
2015103000100104.8,2015년 10월,금요일,서울특별시 광진구 화양동,경상사고,0,0,1,0,차대차 - 충돌,안전운전불이행,건조,맑음,단일로 - 기타,화물,남,51-60세,상해없음,원동기,남,21-30세,경상,2015,10
2015103000100106.0,2015년 10월,금요일,서울특별시 광진구 군자동,경상사고,0,0,1,1,차대차 - 기타,차로위반,건조,맑음,단일로 - 기타,승용,남,61-64세,상해없음,승용,남,21-30세,경상,2015,10
2015103000100220.8,2015년 10월,금요일,서울특별시 광진구 자양동,중상사고,0,1,0,0,차대차 - 기타,직진우회전진행방해,건조,맑음,교차로 - 교차로안,자전거,여,51-60세,중상,승용,남,41-50세,상해없음,2015,10
2015103000100222.0,2015년 10월,금요일,서울특별시 광진구 군자동,중상사고,0,1,0,0,차대사람 - 기타,안전운전불이행,건조,맑음,단일로 - 기타,자전거,남,21-30세,상해없음,보행자,여,65세 이상,중상,2015,10
2015103000100339.2,2015년 10월,금요일,서울특별시 광진구 군자동,경상사고,0,0,1,0,차대차 - 기타,직진우회전진행방해,건조,맑음,교차로 - 교차로안,원동기,남,65세 이상,경상,승용,여,61-64세,상해없음,2015,10
2015103000100386.0,2015년 10월,금요일,서울특별시 광진구 중곡동,경상사고,0,0,1,0,차대사람 - 횡단중,안전운전불이행,건조,맑음,교차로 - 교차로부근,승용,기타불명,기타불명,기타불명,보행자,여,41-50세,경상,2015,10
2015103000100648.0,2015년 10월,금요일,서울특별시 광진구 자양동,중상사고,0,1,0,0,차대차 - 기타,안전운전불이행,건조,맑음,교차로 - 교차로안,자전거,여,41-50세,중상,승합,남,41-50세,상해없음,2015,10
2015103000100775.2,2015년 10월,금요일,서울특별시 광진구 중곡동,부상신고사고,0,0,0,1,차대차 - 충돌,안전운전불이행,건조,맑음,단일로 - 기타,승용,남,41-50세,상해없음,이륜,남,51-60세,부상신고,2015,10
2015103000100806.0,2015년 10월,금요일,서울특별시 광진구 중곡동,중상사고,0,1,0,0,차대차 - 기타,안전운전불이행,건조,맑음,단일로 - 기타,승용,남,51-60세,상해없음,화물,남,51-60세,상해없음,2015,10
2015103100100003.2,2015년 10월,토요일,서울특별시 광진구 구의동,중상사고,0,1,0,0,차대차 - 충돌,안전운전불이행,건조,맑음,단일로 - 기타,승용,여,31-40세,상해없음,화물,남,31-40세,중상,2015,10
2015103100100296.0,2015년 10월,토요일,서울특별시 광진구 구의동,경상사고,0,0,3,0,차대차 - 충돌,안전거리미확보,건조,맑음,교차로 - 교차로부근,승용,남,65세 이상,경상,승용,남,51-60세,경상,2015,10
2015100000000000.0,2015년 10월,토요일,서울특별시 광진구 화양동,경상사고,0,0,2,0,차대차 - 추돌,안전운전불이행,건조,맑음,단일로 - 기타,승용,여,41-50세,상해없음,화물,남,31-40세,경상,2015,10
2015103100100628.8,2015년 10월,토요일,서울특별시 광진구 중곡동,부상신고사고,0,0,0,1,차대차 - 충돌,안전거리미확보,건조,맑음,단일로 - 기타,화물,남,31-40세,상해없음,원동기,남,13-20세,부상신고,2015,10
2015100000000000.0,2015년 10월,토요일,서울특별시 광진구 구의동,경상사고,0,0,1,0,차량단독 - 기타,안전운전불이행,건조,맑음,단일로 - 기타,승합,남,51-60세,기타불명,,,,,2015,10
2015100000000000.0,2015년 10월,토요일,서울특별시 광진구 자양동,중상사고,0,1,0,0,차대차 - 충돌,안전운전불이행,건조,맑음,단일로 - 기타,승용,남,31-40세,상해없음,원동기,남,21-30세,중상,2015,10
2015110100100003.2,2015년 11월,일요일,서울특별시 광진구 구의동,경상사고,0,0,2,0,차대차 - 기타,차로위반,건조,맑음,단일로 - 기타,승용,남,51-60세,상해없음,승용,남,41-50세,경상,2015,11
2015110100100158.0,2015년 11월,일요일,서울특별시 광진구 중곡동,경상사고,0,0,2,0,차대차 - 충돌,차로위반,건조,맑음,단일로 - 기타,승용,남,21-30세,경상,승용,남,65세 이상,경상,2015,11
2015110000000000.0,2015년 11월,일요일,서울특별시 광진구 구의동,부상신고사고,0,0,0,1,차대사람 - 기타,안전운전불이행,건조,맑음,단일로 - 기타,승합,남,41-50세,상해없음,보행자,남,51-60세,부상신고,2015,11
2015110200100022.0,2015년 11월,월요일,서울특별시 광진구 자양동,경상사고,0,0,1,0,차대차 - 기타,안전운전불이행,건조,맑음,단일로 - 기타,승용,남,21-30세,상해없음,화물,남,41-50세,경상,2015,11
2015110200100056.8,2015년 11월,월요일,서울특별시 광진구 구의동,경상사고,0,0,1,0,차대차 - 기타,중앙선침범,건조,맑음,단일로 - 기타,승용,남,41-50세,상해없음,자전거,남,51-60세,경상,2015,11
2015110300100048.8,2015년 11월,화요일,서울특별시 광진구 구의동,경상사고,0,0,1,0,차대차 - 추돌,안전운전불이행,건조,맑음,단일로 - 기타,승용,남,61-64세,상해없음,승용,남,31-40세,상해없음,2015,11
2015110000000000.0,2015년 11월,화요일,서울특별시 광진구 중곡동,부상신고사고,0,0,0,1,차량단독 - 기타,안전운전불이행,건조,맑음,교차로 - 교차로부근,승용,남,61-64세,상해없음,,,,,2015,11
2015110300100064.0,2015년 11월,화요일,서울특별시 광진구 군자동,경상사고,0,0,1,0,차대차 - 추돌,안전운전불이행,건조,맑음,교차로 - 교차로부근,승용,여,51-60세,상해없음,승용,남,31-40세,경상,2015,11
2015110300100203.2,2015년 11월,화요일,서울특별시 광진구 구의동,경상사고,0,0,1,0,차대사람 - 횡단중,보행자보호의무위반,건조,맑음,교차로 - 교차로안,승용,남,51-60세,상해없음,보행자,여,31-40세,경상,2015,11
2015110300100675.2,2015년 11월,화요일,서울특별시 광진구 광장동,경상사고,0,0,1,0,차대차 - 충돌,신호위반,건조,맑음,단일로 - 기타,승용,남,31-40세,상해없음,원동기,남,31-40세,경상,2015,11
2015110400100131.2,2015년 11월,수요일,서울특별시 광진구 능동,경상사고,0,0,1,0,차대차 - 기타,안전거리미확보,건조,맑음,단일로 - 기타,승용,남,21-30세,기타불명,승용,여,31-40세,경상,2015,11
2015110400100520.8,2015년 11월,수요일,서울특별시 광진구 화양동,부상신고사고,0,0,0,1,차대사람 - 기타,안전운전불이행,건조,맑음,단일로 - 기타,승용,여,31-40세,기타불명,보행자,남,13-20세,부상신고,2015,11
2015110400100692.0,2015년 11월,수요일,서울특별시 광진구 군자동,중상사고,0,2,2,0,차대차 - 기타,안전운전불이행,건조,맑음,단일로 - 기타,승용,남,21-30세,상해없음,승용,남,65세 이상,중상,2015,11
2015110500100104.8,2015년 11월,목요일,서울특별시 광진구 구의동,경상사고,0,0,2,0,차대차 - 충돌,안전운전불이행,건조,맑음,교차로 - 교차로안,승용,남,65세 이상,상해없음,승용,남,51-60세,경상,2015,11
2015110500100208.8,2015년 11월,목요일,서울특별시 광진구 중곡동,중상사고,0,1,0,0,차대사람 - 보도통행중,기타,건조,맑음,기타 - 기타,승용,남,51-60세,상해없음,보행자,남,41-50세,중상,2015,11
2015110500100291.2,2015년 11월,목요일,서울특별시 광진구 구의동,경상사고,0,0,1,0,차대차 - 충돌,기타,건조,맑음,단일로 - 기타,승용,남,51-60세,상해없음,이륜,남,41-50세,경상,2015,11
2015110500100292.0,2015년 11월,목요일,서울특별시 광진구 구의동,경상사고,0,0,1,0,차대차 - 추돌,안전운전불이행,건조,맑음,단일로 - 기타,화물,남,61-64세,상해없음,승용,남,21-30세,상해없음,2015,11
2015110500100584.8,2015년 11월,목요일,서울특별시 광진구 중곡동,경상사고,0,0,1,0,차대차 - 충돌,안전운전불이행,건조,맑음,단일로 - 기타,승용,남,65세 이상,기타불명,승용,남,31-40세,경상,2015,11
2015110500100654.0,2015년 11월,목요일,서울특별시 광진구 자양동,경상사고,0,0,3,0,차대차 - 추돌,교차로운행방법위반,건조,맑음,교차로 - 교차로안,승용,남,21-30세,경상,승용,남,41-50세,경상,2015,11
2015110600100066.0,2015년 11월,금요일,서울특별시 광진구 중곡동,중상사고,0,1,0,0,차대사람 - 기타,안전운전불이행,건조,맑음,교차로 - 교차로부근,화물,남,21-30세,상해없음,보행자,남,51-60세,중상,2015,11
2015110600100356.0,2015년 11월,금요일,서울특별시 광진구 중곡동,중상사고,0,1,0,0,차대사람 - 횡단중,보행자보호의무위반,건조,맑음,단일로 - 횡단보도상,승용,남,51-60세,상해없음,보행자,남,65세 이상,중상,2015,11
2015110000000000.0,2015년 11월,금요일,서울특별시 광진구 중곡동,중상사고,0,2,0,0,차대차 - 충돌,안전거리미확보,건조,맑음,단일로 - 기타,자전거,남,51-60세,중상,원동기,남,61-64세,중상,2015,11
2015110600100676.0,2015년 11월,금요일,서울특별시 광진구 화양동,경상사고,0,0,1,0,차대차 - 충돌,안전거리미확보,습기,비,교차로 - 교차로부근,승용,남,51-60세,상해없음,승용,여,31-40세,경상,2015,11
2015110600100676.8,2015년 11월,금요일,서울특별시 광진구 중곡동,경상사고,0,0,1,0,차대사람 - 횡단중,신호위반,습기,비,단일로 - 횡단보도상,승용,기타불명,기타불명,기타불명,보행자,여,13-20세,경상,2015,11
2015110600100760.8,2015년 11월,금요일,서울특별시 광진구 자양동,중상사고,0,1,0,1,차대차 - 추돌,안전운전불이행,습기,비,미분류 - 미분류,승용,남,31-40세,상해없음,승용,남,41-50세,중상,2015,11
2015110600100832.0,2015년 11월,금요일,서울특별시 광진구 구의동,중상사고,0,1,0,0,차대사람 - 횡단중,안전운전불이행,습기,비,단일로 - 기타,승용,남,51-60세,상해없음,보행자,남,31-40세,중상,2015,11
2015110600100832.8,2015년 11월,금요일,서울특별시 광진구 자양동,부상신고사고,0,0,0,1,차대차 - 충돌,안전운전불이행,건조,맑음,단일로 - 기타,승용,남,41-50세,기타불명,승용,남,41-50세,부상신고,2015,11
2015110000000000.0,2015년 11월,토요일,서울특별시 광진구 자양동,중상사고,0,1,0,0,차대사람 - 횡단중,안전운전불이행,습기,비,단일로 - 횡단보도부근,승용,남,51-60세,상해없음,보행자,남,41-50세,중상,2015,11
2015110700100164.8,2015년 11월,토요일,서울특별시 광진구 구의동,사망사고,1,0,0,0,차대사람 - 기타,안전운전불이행,습기,비,단일로 - 기타,승용,남,61-64세,상해없음,보행자,남,21-30세,사망,2015,11
2015110700100214.0,2015년 11월,토요일,서울특별시 광진구 군자동,경상사고,0,0,3,0,차대차 - 기타,안전거리미확보,습기,비,단일로 - 기타,승용,남,31-40세,상해없음,승용,남,61-64세,경상,2015,11
2015110700100488.8,2015년 11월,토요일,서울특별시 광진구 화양동,중상사고,0,1,0,0,차대차 - 기타,교차로운행방법위반,건조,맑음,단일로 - 기타,승용,남,65세 이상,상해없음,원동기,남,21-30세,중상,2015,11
2015110700100528.8,2015년 11월,토요일,서울특별시 광진구 군자동,중상사고,0,1,0,0,차대차 - 기타,안전운전불이행,습기,비,단일로 - 교량,승용,남,21-30세,상해없음,승용,남,51-60세,중상,2015,11
2015110700100628.0,2015년 11월,토요일,서울특별시 광진구 구의동,경상사고,0,0,1,0,차대차 - 충돌,안전운전불이행,건조,맑음,단일로 - 기타,승용,여,51-60세,기타불명,승용,남,51-60세,경상,2015,11
2015110700100702.0,2015년 11월,토요일,서울특별시 광진구 자양동,경상사고,0,0,2,0,차대차 - 기타,교차로운행방법위반,습기,비,교차로 - 교차로안,승용,남,51-60세,상해없음,승용,여,31-40세,경상,2015,11
2015110700100952.0,2015년 11월,토요일,서울특별시 광진구 구의동,경상사고,0,0,1,0,차대차 - 충돌,안전운전불이행,습기,비,단일로 - 기타,승용,남,51-60세,기타불명,승용,남,21-30세,경상,2015,11
2015110800100004.8,2015년 11월,일요일,서울특별시 광진구 중곡동,경상사고,0,0,1,0,차대차 - 충돌,교차로운행방법위반,습기,비,교차로 - 교차로안,승용,남,51-60세,상해없음,승용,남,65세 이상,상해없음,2015,11
2015110800100006.0,2015년 11월,일요일,서울특별시 광진구 구의동,부상신고사고,0,0,0,1,차대사람 - 기타,중앙선침범,습기,비,단일로 - 기타,승용,여,61-64세,상해없음,보행자,여,41-50세,부상신고,2015,11
2015110800100544.8,2015년 11월,일요일,서울특별시 광진구 자양동,경상사고,0,0,1,0,차대사람 - 기타,안전운전불이행,습기,비,단일로 - 기타,승용,여,31-40세,기타불명,보행자,여,21-30세,경상,2015,11
2015110800100546.0,2015년 11월,일요일,서울특별시 광진구 중곡동,부상신고사고,0,0,0,1,차대차 - 추돌,안전거리미확보,건조,맑음,교차로 - 교차로안,이륜,남,51-60세,부상신고,승용,여,51-60세,상해없음,2015,11
2015110900100395.2,2015년 11월,월요일,서울특별시 광진구 자양동,경상사고,0,0,1,0,차대사람 - 횡단중,안전운전불이행,건조,맑음,단일로 - 기타,승용,남,65세 이상,상해없음,보행자,남,31-40세,경상,2015,11
2015110900100464.0,2015년 11월,월요일,서울특별시 광진구 구의동,경상사고,0,0,1,0,차대차 - 충돌,신호위반,건조,맑음,교차로 - 교차로안,자전거,남,65세 이상,경상,승용,여,31-40세,상해없음,2015,11
2015110900100658.0,2015년 11월,월요일,서울특별시 광진구 군자동,경상사고,0,0,1,0,차대사람 - 횡단중,보행자보호의무위반,건조,맑음,교차로 - 교차로부근,승용,남,51-60세,상해없음,보행자,여,21-30세,경상,2015,11
2015110900100684.8,2015년 11월,월요일,서울특별시 광진구 능동,경상사고,0,0,2,0,차대차 - 충돌,안전거리미확보,건조,맑음,교차로 - 교차로부근,승용,여,61-64세,경상,승용,남,51-60세,경상,2015,11
2015111000100035.2,2015년 11월,화요일,서울특별시 광진구 구의동,경상사고,0,0,1,0,차대사람 - 차도통행중,안전운전불이행,건조,맑음,교차로 - 교차로안,승용,남,21-30세,상해없음,보행자,남,41-50세,경상,2015,11
2015111000100512.8,2015년 11월,화요일,서울특별시 광진구 중곡동,중상사고,0,1,0,0,차대사람 - 기타,안전운전불이행,건조,맑음,교차로 - 교차로안,승용,남,51-60세,상해없음,보행자,여,13-20세,중상,2015,11
2015111100100048.0,2015년 11월,수요일,서울특별시 광진구 자양동,경상사고,0,0,2,0,차대차 - 충돌,신호위반,건조,맑음,교차로 - 교차로안,승용,남,51-60세,상해없음,승용,남,51-60세,경상,2015,11
2015111100100266.0,2015년 11월,수요일,서울특별시 광진구 화양동,경상사고,0,0,1,0,차대사람 - 기타,안전운전불이행,건조,맑음,단일로 - 기타,자전거,남,21-30세,상해없음,보행자,남,13-20세,경상,2015,11
2015111200100122.0,2015년 11월,목요일,서울특별시 광진구 자양동,경상사고,0,0,3,0,차대차 - 추돌,안전운전불이행,건조,맑음,단일로 - 기타,승용,남,41-50세,상해없음,승용,남,65세 이상,경상,2015,11
2015111200100123.2,2015년 11월,목요일,서울특별시 광진구 구의동,경상사고,0,0,1,0,차대사람 - 기타,보행자보호의무위반,건조,맑음,교차로 - 교차로안,승용,여,65세 이상,상해없음,보행자,여,21-30세,경상,2015,11
2015111200100283.2,2015년 11월,목요일,서울특별시 광진구 구의동,경상사고,0,0,1,0,차대사람 - 기타,기타,기타,기타,단일로 - 기타,승용,남,51-60세,상해없음,보행자,남,41-50세,경상,2015,11
2015110000000000.0,2015년 11월,목요일,서울특별시 광진구 자양동,부상신고사고,0,0,0,1,차대사람 - 횡단중,안전운전불이행,건조,맑음,단일로 - 기타,원동기,남,61-64세,상해없음,보행자,여,65세 이상,부상신고,2015,11
2015111200100548.8,2015년 11월,목요일,서울특별시 광진구 구의동,경상사고,0,0,1,0,차대차 - 충돌,안전운전불이행,건조,맑음,교차로 - 교차로안,승용,여,41-50세,기타불명,승용,여,41-50세,경상,2015,11
2015111300100138.0,2015년 11월,금요일,서울특별시 광진구 능동,경상사고,0,0,1,0,차대사람 - 기타,안전운전불이행,건조,맑음,단일로 - 기타,원동기,남,21-30세,상해없음,보행자,여,21-30세,경상,2015,11
2015111300100844.8,2015년 11월,금요일,서울특별시 광진구 자양동,경상사고,0,0,3,0,차대차 - 추돌,안전운전불이행,습기,비,단일로 - 기타,승용,남,51-60세,경상,승용,남,31-40세,경상,2015,11
2015111400100112.8,2015년 11월,토요일,서울특별시 광진구 군자동,사망사고,1,0,0,0,차대차 - 추돌,안전거리미확보,습기,비,단일로 - 기타,기타불명,기타불명,기타불명,기타불명,승용,남,21-30세,사망,2015,11
2015110000000000.0,2015년 11월,토요일,서울특별시 광진구 군자동,경상사고,0,0,2,0,차대차 - 충돌,안전거리미확보,습기,비,단일로 - 기타,이륜,남,65세 이상,경상,승용,남,31-40세,상해없음,2015,11
2015111400100226.0,2015년 11월,토요일,서울특별시 광진구 군자동,경상사고,0,0,2,0,차대차 - 기타,교차로운행방법위반,건조,맑음,교차로 - 교차로안,승용,남,61-64세,상해없음,승용,남,21-30세,경상,2015,11
2015111400100418.0,2015년 11월,토요일,서울특별시 광진구 자양동,중상사고,0,1,0,0,차대차 - 추돌,안전운전불이행,습기,비,단일로 - 기타,승용,여,31-40세,상해없음,승용,여,21-30세,중상,2015,11
2015111400100722.0,2015년 11월,토요일,서울특별시 광진구 능동,경상사고,0,0,2,0,차대차 - 충돌,안전거리미확보,건조,맑음,단일로 - 기타,승용,남,61-64세,상해없음,승용,남,31-40세,경상,2015,11
2015111400100723.2,2015년 11월,토요일,서울특별시 광진구 군자동,경상사고,0,0,1,0,차대차 - 충돌,교차로운행방법위반,건조,맑음,교차로 - 교차로안,승용,남,21-30세,상해없음,승용,남,41-50세,경상,2015,11
2015111500100023.2,2015년 11월,일요일,서울특별시 광진구 화양동,중상사고,0,1,0,0,차대사람 - 기타,안전운전불이행,건조,흐림,단일로 - 기타,승용,남,65세 이상,상해없음,보행자,남,41-50세,중상,2015,11
2015111500100143.2,2015년 11월,일요일,서울특별시 광진구 자양동,중상사고,0,1,0,0,차대사람 - 차도통행중,안전운전불이행,건조,맑음,단일로 - 기타,승용,남,51-60세,상해없음,보행자,여,51-60세,중상,2015,11
2015111500100259.2,2015년 11월,일요일,서울특별시 광진구 자양동,중상사고,0,1,0,0,차대사람 - 차도통행중,안전운전불이행,건조,맑음,단일로 - 기타,승용,여,51-60세,상해없음,보행자,여,61-64세,중상,2015,11
2015111600100307.2,2015년 11월,월요일,서울특별시 광진구 자양동,경상사고,0,0,1,0,차대차 - 기타,중앙선침범,건조,맑음,단일로 - 기타,승용,여,51-60세,상해없음,자전거,남,51-60세,경상,2015,11
2015111600100378.0,2015년 11월,월요일,서울특별시 광진구 화양동,경상사고,0,0,1,0,차대사람 - 기타,안전운전불이행,습기,비,단일로 - 기타,승용,여,61-64세,기타불명,보행자,남,41-50세,경상,2015,11
2015111600100772.0,2015년 11월,월요일,서울특별시 광진구 구의동,경상사고,0,0,1,0,차대사람 - 기타,안전운전불이행,습기,비,단일로 - 기타,승용,남,51-60세,상해없음,보행자,여,41-50세,경상,2015,11
2015111700100300.8,2015년 11월,화요일,서울특별시 광진구 광장동,경상사고,0,0,2,0,차대차 - 추돌,안전운전불이행,건조,맑음,단일로 - 기타,건설기계,남,51-60세,경상,승용,여,41-50세,경상,2015,11
2015111700100552.8,2015년 11월,화요일,서울특별시 광진구 구의동,경상사고,0,0,1,0,차대차 - 충돌,신호위반,건조,맑음,단일로 - 기타,원동기,남,20세 이하,경상,승용,남,51-60세,상해없음,2015,11
2015111700100588.0,2015년 11월,화요일,서울특별시 광진구 광장동,경상사고,0,0,2,0,차대차 - 기타,안전거리미확보,건조,맑음,단일로 - 기타,기타불명,기타불명,기타불명,기타불명,원동기,남,41-50세,경상,2015,11
2015111700100588.8,2015년 11월,화요일,서울특별시 광진구 중곡동,경상사고,0,0,1,0,차대차 - 충돌,기타,건조,맑음,단일로 - 기타,승용,남,31-40세,상해없음,자전거,여,13-20세,경상,2015,11
2015111800100126.0,2015년 11월,수요일,서울특별시 광진구 자양동,경상사고,0,0,2,0,차대차 - 충돌,안전거리미확보,건조,맑음,단일로 - 기타,승용,남,21-30세,상해없음,승용,남,31-40세,경상,2015,11
2015110000000000.0,2015년 11월,수요일,서울특별시 광진구 중곡동,경상사고,0,0,1,0,차대차 - 충돌,안전거리미확보,습기,흐림,교차로 - 교차로부근,원동기,남,21-30세,경상,승용,남,41-50세,상해없음,2015,11
2015111800100160.8,2015년 11월,수요일,서울특별시 광진구 구의동,경상사고,0,0,1,0,차대차 - 기타,중앙선침범,건조,맑음,단일로 - 기타,승용,남,51-60세,상해없음,화물,남,41-50세,경상,2015,11
2015111800100367.2,2015년 11월,수요일,서울특별시 광진구 중곡동,경상사고,0,0,1,0,차대사람 - 횡단중,신호위반,습기,비,단일로 - 횡단보도부근,승용,남,65세 이상,상해없음,보행자,남,12세 이하,경상,2015,11
2015111800100608.0,2015년 11월,수요일,서울특별시 광진구 화양동,부상신고사고,0,0,0,1,차대차 - 충돌,기타,건조,맑음,단일로 - 기타,승용,남,51-60세,상해없음,자전거,남,51-60세,부상신고,2015,11
2015111800100651.2,2015년 11월,수요일,서울특별시 광진구 화양동,중상사고,0,1,0,0,차대차 - 충돌,신호위반,건조,맑음,교차로 - 교차로안,승용,남,31-40세,기타불명,원동기,남,21-30세,중상,2015,11
2015111800100738.0,2015년 11월,수요일,서울특별시 광진구 군자동,중상사고,0,2,0,0,차대차 - 충돌,중앙선침범,습기,흐림,교차로 - 교차로안,원동기,남,20세 이하,중상,원동기,남,13-20세,중상,2015,11
2015111900100003.2,2015년 11월,목요일,서울특별시 광진구 화양동,경상사고,0,0,1,0,차대차 - 기타,안전거리미확보,건조,흐림,단일로 - 기타,승용,남,51-60세,상해없음,승용,남,21-30세,경상,2015,11
2015111900100214.0,2015년 11월,목요일,서울특별시 광진구 자양동,중상사고,0,1,0,0,차대사람 - 차도통행중,안전운전불이행,건조,맑음,교차로 - 교차로안,승용,여,41-50세,상해없음,보행자,여,65세 이상,중상,2015,11
2015110000000000.0,2015년 11월,목요일,서울특별시 광진구 자양동,경상사고,0,0,1,0,차대사람 - 기타,안전운전불이행,건조,맑음,교차로 - 교차로안,승용,기타불명,기타불명,기타불명,보행자,여,31-40세,경상,2015,11
2015111900100462.0,2015년 11월,목요일,서울특별시 광진구 화양동,경상사고,0,0,1,0,차대차 - 기타,신호위반,건조,흐림,교차로 - 교차로안,화물,남,51-60세,상해없음,승용,남,21-30세,경상,2015,11
2015111900100684.8,2015년 11월,목요일,서울특별시 광진구 구의동,중상사고,0,2,0,0,차대차 - 충돌,안전운전불이행,건조,맑음,교차로 - 교차로안,자전거,남,41-50세,중상,원동기,남,41-50세,중상,2015,11
2015112000100319.2,2015년 11월,금요일,서울특별시 광진구 자양동,경상사고,0,0,1,0,차대사람 - 기타,안전운전불이행,건조,맑음,단일로 - 기타,자전거,남,65세 이상,상해없음,보행자,여,65세 이상,경상,2015,11
2015110000000000.0,2015년 11월,토요일,서울특별시 광진구 중곡동,경상사고,0,0,3,0,차대차 - 충돌,교차로운행방법위반,건조,맑음,교차로 - 교차로안,승용,남,21-30세,상해없음,승용,남,61-64세,경상,2015,11
2015112100100247.2,2015년 11월,토요일,서울특별시 광진구 자양동,중상사고,0,1,0,0,차대차 - 기타,안전운전불이행,건조,맑음,교차로 - 교차로부근,기타불명,기타불명,기타불명,기타불명,자전거,여,65세 이상,중상,2015,11