사고번호,발생년월,요일,시군구,사고내용,사망자수,중상자수,경상자수,부상신고자수,사고유형,법규위반,노면상태,기상상태,도로형태,가해운전자 차종,가해운전자 성별,가해운전자 연령대,가해운전자 상해정도,피해운전자 차종,피해운전자 성별,피해운전자 연령대,피해운전자 상해정도,발생년도,발생월
2016021300100172.8,2016년 2월,토요일,서울특별시 광진구 자양동,중상사고,0,1,0,0,차대차 - 추돌,안전거리미확보,건조,흐림,단일로 - 교량,승용,남,41-50세,상해없음,승용,여,51-60세,중상,2016,2
2016021300100268.8,2016년 2월,토요일,서울특별시 광진구 자양동,경상사고,0,0,1,0,차대사람 - 횡단중,안전운전불이행,습기,비,교차로 - 교차로부근,승용,남,51-60세,상해없음,보행자,여,21-30세,경상,2016,2
2016021400100252.0,2016년 2월,일요일,서울특별시 광진구 구의동,경상사고,0,0,4,0,차대차 - 기타,안전거리미확보,건조,맑음,미분류 - 미분류,승용,남,65세 이상,기타불명,승용,남,31-40세,경상,2016,2
2016021500100144.8,2016년 2월,월요일,서울특별시 광진구 중곡동,경상사고,0,0,1,0,차대차 - 충돌,안전거리미확보,건조,맑음,단일로 - 기타,승용,남,51-60세,상해없음,원동기,남,51-60세,경상,2016,2
2016021500100146.0,2016년 2월,월요일,서울특별시 광진구 화양동,경상사고,0,0,1,0,차대차 - 기타,안전운전불이행,건조,맑음,단일로 - 기타,화물,남,61-64세,상해없음,승용,남,41-50세,경상,2016,2
2016021500100147.2,2016년 2월,월요일,서울특별시 광진구 중곡동,경상사고,0,0,1,0,차대차 - 충돌,직진우회전진행방해,건조,맑음,교차로 - 교차로안,화물,남,41-50세,상해없음,승용,남,61-64세,경상,2016,2
2016021500100378.0,2016년 2월,월요일,서울특별시 광진구 자양동,경상사고,0,0,1,0,차대차 - 충돌,직진우회전진행방해,건조,맑음,교차로 - 교차로안,기타불명,기타불명,기타불명,기타불명,자전거,남,12세 이하,경상,2016,2
2016021700100000.8,2016년 2월,수요일,서울특별시 광진구 군자동,경상사고,0,0,2,0,차대차 - 추돌,안전운전불이행,건조,맑음,교차로 - 교차로부근,승용,남,41-50세,상해없음,승용,남,51-60세,경상,2016,2
2016021700100162.0,2016년 2월,수요일,서울특별시 광진구 중곡동,부상신고사고,0,0,0,1,차대차 - 기타,안전거리미확보,건조,맑음,단일로 - 기타,원동기,여,41-50세,부상신고,원동기,남,51-60세,상해없음,2016,2
2016021800100000.8,2016년 2월,목요일,서울특별시 광진구 구의동,경상사고,0,0,2,1,차대차 - 기타,안전거리미확보,건조,맑음,교차로 - 교차로부근,승용,남,31-40세,상해없음,승용,남,41-50세,경상,2016,2
2016021800100232.8,2016년 2월,목요일,서울특별시 광진구 화양동,경상사고,0,0,1,0,차대사람 - 기타,안전운전불이행,건조,맑음,단일로 - 기타,승용,남,21-30세,상해없음,보행자,여,51-60세,경상,2016,2
2016021800100428.8,2016년 2월,목요일,서울특별시 광진구 중곡동,경상사고,0,0,1,0,차대차 - 추돌,교차로운행방법위반,건조,맑음,교차로 - 교차로안,승용,여,51-60세,상해없음,원동기,남,51-60세,경상,2016,2
2016021900100075.2,2016년 2월,금요일,서울특별시 광진구 능동,경상사고,0,0,1,0,차대차 - 추돌,안전운전불이행,건조,맑음,단일로 - 횡단보도상,자전거,여,51-60세,경상,승용,남,41-50세,상해없음,2016,2
2016021900100326.0,2016년 2월,금요일,서울특별시 광진구 구의동,경상사고,0,0,1,0,차대차 - 기타,안전거리미확보,건조,맑음,단일로 - 횡단보도상,원동기,남,41-50세,경상,승용,남,51-60세,상해없음,2016,2
2016021900100327.2,2016년 2월,금요일,서울특별시 광진구 자양동,중상사고,0,1,0,0,차대사람 - 기타,안전운전불이행,건조,맑음,기타 - 기타,승용,여,41-50세,상해없음,보행자,남,65세 이상,중상,2016,2
2016022000100000.8,2016년 2월,토요일,서울특별시 광진구 화양동,중상사고,0,1,0,0,차대사람 - 횡단중,신호위반,건조,맑음,단일로 - 기타,승용,남,21-30세,상해없음,보행자,여,41-50세,중상,2016,2
2016022100100036.0,2016년 2월,일요일,서울특별시 광진구 중곡동,중상사고,0,1,2,0,차대차 - 기타,안전운전불이행,건조,맑음,교차로 - 교차로안,승용,남,61-64세,상해없음,승용,남,51-60세,상해없음,2016,2
2016022100100404.8,2016년 2월,일요일,서울특별시 광진구 중곡동,중상사고,0,1,0,0,차대사람 - 횡단중,보행자보호의무위반,건조,맑음,단일로 - 횡단보도상,자전거,남,20세 이하,상해없음,보행자,여,41-50세,중상,2016,2
2016020000000000.0,2016년 2월,월요일,서울특별시 광진구 자양동,경상사고,0,0,1,0,차대사람 - 기타,안전운전불이행,건조,맑음,단일로 - 기타,승용,여,21-30세,상해없음,보행자,여,51-60세,경상,2016,2
2016022200100127.2,2016년 2월,월요일,서울특별시 광진구 구의동,중상사고,0,1,0,0,차대차 - 충돌,신호위반,건조,맑음,단일로 - 기타,승용,남,31-40세,상해없음,원동기,남,31-40세,중상,2016,2
2016022300100279.2,2016년 2월,화요일,서울특별시 광진구 자양동,경상사고,0,0,1,0,차대차 - 추돌,안전운전불이행,건조,맑음,미분류 - 미분류,승용,남,21-30세,상해없음,승용,남,31-40세,경상,2016,2
2016022300100506.0,2016년 2월,화요일,서울특별시 광진구 자양동,경상사고,0,0,1,0,차대사람 - 기타,안전운전불이행,건조,맑음,단일로 - 기타,승용,남,21-30세,기타불명,보행자,여,13-20세,경상,2016,2
2016022400100018.0,2016년 2월,수요일,서울특별시 광진구 화양동,중상사고,0,1,0,0,차대차 - 기타,교차로운행방법위반,건조,맑음,교차로 - 교차로부근,승용,남,65세 이상,상해없음,승용,남,65세 이상,중상,2016,2
2016022400100560.8,2016년 2월,수요일,서울특별시 광진구 군자동,경상사고,0,0,5,0,차대차 - 충돌,중앙선침범,건조,맑음,단일로 - 기타,승용,남,51-60세,상해없음,승용,남,31-40세,경상,2016,2
2016022500100039.2,2016년 2월,목요일,서울특별시 광진구 화양동,경상사고,0,0,1,0,차대차 - 충돌,안전거리미확보,건조,맑음,교차로 - 교차로부근,승용,남,51-60세,상해없음,승용,남,61-64세,상해없음,2016,2
2016022500100063.2,2016년 2월,목요일,서울특별시 광진구 구의동,경상사고,0,0,1,0,차대차 - 추돌,안전운전불이행,건조,맑음,단일로 - 기타,승용,남,65세 이상,상해없음,건설기계,남,41-50세,경상,2016,2
2016022500100292.0,2016년 2월,목요일,서울특별시 광진구 자양동,중상사고,0,1,0,0,차대차 - 충돌,중앙선침범,건조,흐림,단일로 - 교량,자전거,남,61-64세,중상,승용,남,61-64세,상해없음,2016,2
2016022500100380.8,2016년 2월,목요일,서울특별시 광진구 중곡동,중상사고,0,1,0,0,차대차 - 추돌,안전운전불이행,건조,맑음,단일로 - 기타,승용,남,31-40세,상해없음,승용,여,51-60세,중상,2016,2
2016022500100542.0,2016년 2월,목요일,서울특별시 광진구 중곡동,경상사고,0,0,1,0,차대차 - 기타,안전운전불이행,건조,흐림,단일로 - 기타,승용,남,41-50세,상해없음,승용,남,31-40세,경상,2016,2
2016022500100572.8,2016년 2월,목요일,서울특별시 광진구 광장동,경상사고,0,0,2,0,차대차 - 충돌,중앙선침범,건조,맑음,단일로 - 기타,승용,남,21-30세,경상,승용,남,41-50세,경상,2016,2
2016022500100574.0,2016년 2월,목요일,서울특별시 광진구 중곡동,중상사고,0,1,0,0,차대차 - 기타,교차로운행방법위반,건조,맑음,교차로 - 교차로안,승용,남,51-60세,상해없음,원동기,남,13-20세,중상,2016,2
2016022500100575.2,2016년 2월,목요일,서울특별시 광진구 중곡동,중상사고,0,1,0,0,차대차 - 기타,안전운전불이행,건조,맑음,단일로 - 기타,화물,남,31-40세,상해없음,승용,남,21-30세,중상,2016,2
2016022600100019.2,2016년 2월,금요일,서울특별시 광진구 구의동,중상사고,0,1,0,0,차대사람 - 기타,안전운전불이행,건조,흐림,단일로 - 기타,승용,남,51-60세,상해없음,보행자,여,51-60세,중상,2016,2
2016022600100259.2,2016년 2월,금요일,서울특별시 광진구 자양동,중상사고,0,1,0,0,차대사람 - 기타,보행자보호의무위반,건조,맑음,교차로 - 교차로안,화물,남,51-60세,상해없음,보행자,남,65세 이상,중상,2016,2
2016022600100292.0,2016년 2월,금요일,서울특별시 광진구 군자동,경상사고,0,0,1,0,차대차 - 기타,안전거리미확보,건조,맑음,기타 - 기타,승용,남,21-30세,상해없음,원동기,남,41-50세,경상,2016,2
2016022600100351.2,2016년 2월,금요일,서울특별시 광진구 자양동,경상사고,0,0,1,0,차대차 - 기타,교차로운행방법위반,건조,맑음,교차로 - 교차로안,승용,남,65세 이상,상해없음,자전거,여,41-50세,경상,2016,2
2016022600100531.2,2016년 2월,금요일,서울특별시 광진구 구의동,경상사고,0,0,3,0,차대차 - 기타,안전운전불이행,건조,맑음,교차로 - 교차로부근,승용,남,65세 이상,상해없음,승용,남,21-30세,경상,2016,2
2016022600100532.0,2016년 2월,금요일,서울특별시 광진구 중곡동,중상사고,0,2,2,0,차대차 - 충돌,안전운전불이행,건조,맑음,교차로 - 교차로안,승용,여,21-30세,경상,승용,남,31-40세,중상,2016,2
2016020000000000.0,2016년 2월,토요일,서울특별시 광진구 중곡동,중상사고,0,1,0,0,차대차 - 추돌,안전운전불이행,건조,맑음,단일로 - 기타,승용,남,31-40세,상해없음,원동기,여,65세 이상,중상,2016,2
2016022800100186.0,2016년 2월,일요일,서울특별시 광진구 광장동,중상사고,0,1,0,0,차대차 - 충돌,신호위반,결빙,눈,교차로 - 교차로안,승용,남,21-30세,상해없음,승용,여,41-50세,중상,2016,2
2016022900100046.0,2016년 2월,월요일,서울특별시 광진구 구의동,중상사고,0,1,0,0,차대사람 - 횡단중,안전운전불이행,건조,맑음,교차로 - 교차로안,화물,남,31-40세,상해없음,보행자,남,51-60세,중상,2016,2
2016022900100059.2,2016년 2월,월요일,서울특별시 광진구 자양동,경상사고,0,0,2,0,차대차 - 추돌,안전운전불이행,건조,맑음,단일로 - 기타,승용,남,21-30세,상해없음,화물,남,41-50세,경상,2016,2
2016022900100416.8,2016년 2월,월요일,서울특별시 광진구 군자동,경상사고,0,0,1,0,차대차 - 추돌,안전운전불이행,건조,맑음,단일로 - 교량,승용,남,21-30세,상해없음,승용,남,31-40세,경상,2016,2
2016020000000000.0,2016년 2월,월요일,서울특별시 광진구 화양동,중상사고,0,1,0,0,차대차 - 기타,교차로운행방법위반,건조,맑음,교차로 - 교차로안,승용,남,21-30세,상해없음,원동기,남,13-20세,중상,2016,2
2016030000000000.0,2016년 3월,화요일,서울특별시 광진구 군자동,경상사고,0,0,3,0,차대차 - 기타,안전거리미확보,건조,맑음,기타 - 기타,승용,남,51-60세,상해없음,승용,남,31-40세,경상,2016,3
2016030100100308.8,2016년 3월,화요일,서울특별시 광진구 군자동,중상사고,0,1,5,0,차대차 - 추돌,안전운전불이행,건조,맑음,단일로 - 교량,승용,여,65세 이상,경상,승용,남,41-50세,중상,2016,3
2016030000000000.0,2016년 3월,화요일,서울특별시 광진구 구의동,중상사고,0,1,0,0,차대차 - 충돌,안전운전불이행,건조,맑음,단일로 - 기타,승용,남,65세 이상,상해없음,원동기,남,31-40세,중상,2016,3
2016030400100040.8,2016년 3월,금요일,서울특별시 광진구 화양동,경상사고,0,0,1,0,차대차 - 추돌,안전운전불이행,건조,맑음,단일로 - 기타,승용,남,41-50세,상해없음,승용,남,51-60세,경상,2016,3
2016030400100319.2,2016년 3월,금요일,서울특별시 광진구 자양동,경상사고,0,0,1,0,차대사람 - 보도통행중,기타,건조,맑음,단일로 - 기타,승용,남,41-50세,상해없음,보행자,남,12세 이하,경상,2016,3
2016030400100484.0,2016년 3월,금요일,서울특별시 광진구 구의동,경상사고,0,0,1,0,차대사람 - 차도통행중,안전운전불이행,건조,맑음,단일로 - 횡단보도부근,승용,남,65세 이상,상해없음,보행자,여,41-50세,경상,2016,3
2016030500100006.0,2016년 3월,토요일,서울특별시 광진구 자양동,경상사고,0,0,1,0,차량단독 - 충돌,안전운전불이행,습기,비,단일로 - 기타,승용,남,51-60세,상해없음,,,,,2016,3
2016030500100055.2,2016년 3월,토요일,서울특별시 광진구 군자동,경상사고,0,0,1,0,차대차 - 기타,중앙선침범,습기,비,단일로 - 기타,승용,여,51-60세,상해없음,원동기,남,41-50세,경상,2016,3
2016030500100132.8,2016년 3월,토요일,서울특별시 광진구 중곡동,경상사고,0,0,2,0,차대차 - 추돌,안전운전불이행,건조,맑음,단일로 - 기타,승용,남,21-30세,상해없음,승용,남,41-50세,경상,2016,3
2016030500100188.0,2016년 3월,토요일,서울특별시 광진구 구의동,중상사고,0,1,0,0,차대사람 - 횡단중,안전운전불이행,건조,맑음,교차로 - 교차로안,승용,여,41-50세,상해없음,보행자,여,21-30세,중상,2016,3
2016030500100342.0,2016년 3월,토요일,서울특별시 광진구 군자동,경상사고,0,0,2,0,차대차 - 추돌,안전운전불이행,습기,비,교차로 - 교차로부근,승용,남,51-60세,상해없음,승용,남,41-50세,경상,2016,3
2016030600100051.2,2016년 3월,일요일,서울특별시 광진구 화양동,경상사고,0,0,1,0,차대차 - 추돌,불법유턴,건조,맑음,교차로 - 교차로부근,승용,남,21-30세,상해없음,승용,남,51-60세,상해없음,2016,3
2016030600100064.0,2016년 3월,일요일,서울특별시 광진구 자양동,경상사고,0,0,1,0,차대차 - 충돌,직진우회전진행방해,건조,맑음,교차로 - 교차로안,승용,남,20세 이하,상해없음,승용,남,21-30세,경상,2016,3
2016030700100016.8,2016년 3월,월요일,서울특별시 광진구 화양동,경상사고,0,0,1,0,차대차 - 충돌,교차로운행방법위반,건조,맑음,교차로 - 교차로안,승용,남,51-60세,상해없음,승용,남,41-50세,상해없음,2016,3
2016030000000000.0,2016년 3월,월요일,서울특별시 광진구 화양동,경상사고,0,0,1,0,차대사람 - 기타,안전운전불이행,건조,맑음,단일로 - 기타,승합,남,61-64세,상해없음,보행자,남,21-30세,경상,2016,3
2016030700100228.0,2016년 3월,월요일,서울특별시 광진구 화양동,중상사고,0,2,0,0,차대차 - 추돌,안전운전불이행,건조,맑음,교차로 - 교차로안,승용,남,65세 이상,상해없음,승용,남,21-30세,상해없음,2016,3
2016030800100024.8,2016년 3월,화요일,서울특별시 광진구 군자동,경상사고,0,0,1,0,차대차 - 기타,안전운전불이행,건조,맑음,단일로 - 기타,원동기,남,41-50세,상해없음,원동기,남,31-40세,경상,2016,3
2016030800100091.2,2016년 3월,화요일,서울특별시 광진구 광장동,중상사고,0,1,0,0,차대사람 - 기타,안전운전불이행,건조,맑음,기타 - 기타,승용,남,65세 이상,상해없음,보행자,남,65세 이상,중상,2016,3
2016030800100264.0,2016년 3월,화요일,서울특별시 광진구 군자동,부상신고사고,0,0,0,1,차대차 - 충돌,중앙선침범,건조,흐림,단일로 - 기타,이륜,남,41-50세,부상신고,화물,남,31-40세,상해없음,2016,3
2016031000100318.0,2016년 3월,목요일,서울특별시 광진구 중곡동,경상사고,0,0,1,0,차대차 - 기타,안전운전불이행,건조,맑음,교차로 - 교차로부근,자전거,남,20세 이하,경상,승합,남,51-60세,상해없음,2016,3
2016031000100359.2,2016년 3월,목요일,서울특별시 광진구 군자동,경상사고,0,0,1,0,차대차 - 추돌,안전운전불이행,건조,맑음,교차로 - 교차로부근,승용,여,21-30세,상해없음,원동기,남,31-40세,경상,2016,3
2016031000100532.8,2016년 3월,목요일,서울특별시 광진구 화양동,경상사고,0,0,1,0,차대차 - 추돌,안전운전불이행,건조,맑음,교차로 - 교차로안,승용,남,65세 이상,상해없음,승용,남,31-40세,경상,2016,3
2016030000000000.0,2016년 3월,금요일,서울특별시 광진구 구의동,경상사고,0,0,1,0,차대차 - 추돌,안전운전불이행,건조,맑음,단일로 - 기타,승용,남,21-30세,상해없음,승용,남,61-64세,경상,2016,3
2016031100100636.8,2016년 3월,금요일,서울특별시 광진구 군자동,경상사고,0,0,2,0,차대차 - 추돌,안전거리미확보,건조,맑음,단일로 - 기타,승용,남,61-64세,상해없음,승용,남,21-30세,경상,2016,3
2016031200100291.2,2016년 3월,토요일,서울특별시 광진구 자양동,경상사고,0,0,1,0,차대사람 - 차도통행중,안전운전불이행,건조,맑음,단일로 - 기타,승용,남,31-40세,상해없음,보행자,여,21-30세,경상,2016,3
2016031200100492.8,2016년 3월,토요일,서울특별시 광진구 중곡동,경상사고,0,0,1,0,차대차 - 기타,안전운전불이행,건조,맑음,교차로 - 교차로안,승용,남,41-50세,상해없음,원동기,남,13-20세,경상,2016,3
2016031300100068.0,2016년 3월,일요일,서울특별시 광진구 능동,중상사고,0,1,0,0,차대차 - 기타,안전운전불이행,건조,맑음,교차로 - 교차로안,자전거,남,51-60세,중상,승합,남,41-50세,상해없음,2016,3
2016031300100104.0,2016년 3월,일요일,서울특별시 광진구 자양동,경상사고,0,0,1,0,차대차 - 충돌,중앙선침범,습기,비,교차로 - 교차로부근,화물,남,51-60세,상해없음,이륜,남,13-20세,경상,2016,3
2016031400100028.0,2016년 3월,월요일,서울특별시 광진구 구의동,경상사고,0,0,2,0,차대차 - 충돌,신호위반,건조,맑음,교차로 - 교차로안,승용,남,61-64세,상해없음,승용,남,65세 이상,경상,2016,3
2016030000000000.0,2016년 3월,월요일,서울특별시 광진구 구의동,경상사고,0,0,1,0,차대사람 - 차도통행중,안전운전불이행,건조,맑음,단일로 - 기타,승용,남,21-30세,상해없음,보행자,남,21-30세,경상,2016,3
2016031500100295.2,2016년 3월,화요일,서울특별시 광진구 중곡동,중상사고,0,1,0,0,차대사람 - 횡단중,보행자보호의무위반,건조,맑음,단일로 - 기타,승합,남,41-50세,상해없음,보행자,여,12세 이하,중상,2016,3
2016031500100444.0,2016년 3월,화요일,서울특별시 광진구 화양동,경상사고,0,0,1,0,차대차 - 기타,안전운전불이행,건조,맑음,단일로 - 기타,원동기,남,61-64세,상해없음,화물,남,51-60세,경상,2016,3
2016031600100031.2,2016년 3월,수요일,서울특별시 광진구 중곡동,경상사고,0,0,1,1,차대차 - 기타,신호위반,건조,맑음,단일로 - 횡단보도부근,승용,남,51-60세,상해없음,승용,남,51-60세,경상,2016,3
2016031600100231.2,2016년 3월,수요일,서울특별시 광진구 화양동,중상사고,0,1,0,0,차대사람 - 기타,안전운전불이행,건조,맑음,단일로 - 기타,승용,기타불명,기타불명,기타불명,보행자,남,21-30세,중상,2016,3
2016031600100259.2,2016년 3월,수요일,서울특별시 광진구 화양동,중상사고,0,1,1,0,차대차 - 기타,안전운전불이행,건조,맑음,기타 - 기타,승용,남,51-60세,상해없음,승용,남,31-40세,중상,2016,3
2016031600100375.2,2016년 3월,수요일,서울특별시 광진구 군자동,경상사고,0,0,1,0,차대차 - 추돌,안전운전불이행,건조,맑음,단일로 - 기타,승용,남,65세 이상,상해없음,원동기,여,31-40세,경상,2016,3
2016031700100119.2,2016년 3월,목요일,서울특별시 광진구 군자동,경상사고,0,0,1,0,차대차 - 추돌,안전운전불이행,건조,맑음,단일로 - 기타,승용,남,21-30세,상해없음,승용,남,41-50세,경상,2016,3
2016031800100204.0,2016년 3월,금요일,서울특별시 광진구 군자동,경상사고,0,0,1,0,차대차 - 추돌,안전거리미확보,건조,맑음,단일로 - 기타,승용,남,51-60세,상해없음,승용,남,31-40세,경상,2016,3
2016031800100471.2,2016년 3월,금요일,서울특별시 광진구 자양동,중상사고,0,1,0,0,차대사람 - 기타,신호위반,건조,맑음,단일로 - 횡단보도상,승용,남,21-30세,상해없음,보행자,여,21-30세,중상,2016,3
2016031800100608.8,2016년 3월,금요일,서울특별시 광진구 화양동,중상사고,0,1,0,0,차대사람 - 기타,안전운전불이행,건조,맑음,단일로 - 기타,승용,남,31-40세,상해없음,보행자,남,21-30세,중상,2016,3
2016031900100143.2,2016년 3월,토요일,서울특별시 광진구 능동,중상사고,0,1,0,0,차대차 - 추돌,안전거리미확보,건조,맑음,단일로 - 기타,승용,남,31-40세,상해없음,원동기,남,21-30세,중상,2016,3
2016030000000000.0,2016년 3월,토요일,서울특별시 광진구 화양동,중상사고,0,1,2,0,차대차 - 추돌,안전운전불이행,건조,맑음,단일로 - 횡단보도부근,승용,남,31-40세,상해없음,승용,남,31-40세,경상,2016,3
2016031900100304.0,2016년 3월,토요일,서울특별시 광진구 자양동,중상사고,0,1,0,0,차대차 - 추돌,안전운전불이행,건조,맑음,기타 - 기타,자전거,여,51-60세,상해없음,자전거,여,21-30세,중상,2016,3
2016031900100388.0,2016년 3월,토요일,서울특별시 광진구 구의동,경상사고,0,0,3,0,차대차 - 충돌,신호위반,건조,맑음,교차로 - 교차로안,승용,남,65세 이상,상해없음,승용,남,31-40세,경상,2016,3
2016031900100435.2,2016년 3월,토요일,서울특별시 광진구 중곡동,경상사고,0,0,4,0,차대차 - 추돌,안전운전불이행,건조,맑음,교차로 - 교차로안,승용,여,51-60세,상해없음,승용,남,31-40세,경상,2016,3
2016030000000000.0,2016년 3월,일요일,서울특별시 광진구 화양동,중상사고,0,1,0,0,차대사람 - 횡단중,보행자보호의무위반,건조,맑음,단일로 - 횡단보도상,승용,남,21-30세,상해없음,보행자,여,31-40세,중상,2016,3
2016032000100052.8,2016년 3월,일요일,서울특별시 광진구 화양동,경상사고,0,0,1,0,차대사람 - 기타,안전운전불이행,건조,맑음,교차로 - 교차로안,승용,남,41-50세,상해없음,보행자,남,21-30세,경상,2016,3
2016032000100064.0,2016년 3월,일요일,서울특별시 광진구 자양동,중상사고,0,1,2,0,차대차 - 충돌,신호위반,건조,맑음,교차로 - 교차로안,승용,남,61-64세,상해없음,승용,남,51-60세,경상,2016,3
2016032000100092.0,2016년 3월,일요일,서울특별시 광진구 구의동,경상사고,0,0,7,0,차대차 - 기타,안전거리미확보,건조,맑음,기타 - 기타,승용,남,61-64세,상해없음,승합,남,41-50세,상해없음,2016,3
2016032000100176.0,2016년 3월,일요일,서울특별시 광진구 자양동,경상사고,0,0,1,0,차대사람 - 기타,안전운전불이행,건조,맑음,단일로 - 기타,승용,남,31-40세,상해없음,보행자,남,65세 이상,경상,2016,3
2016032000100307.2,2016년 3월,일요일,서울특별시 광진구 중곡동,경상사고,0,0,1,0,차대차 - 기타,안전운전불이행,건조,맑음,교차로 - 교차로안,원동기,남,21-30세,상해없음,승용,남,41-50세,경상,2016,3
2016032100100174.0,2016년 3월,월요일,서울특별시 광진구 중곡동,중상사고,0,1,0,0,차대사람 - 기타,안전운전불이행,건조,맑음,교차로 - 교차로안,승용,남,31-40세,기타불명,보행자,여,41-50세,중상,2016,3
2016032100100523.2,2016년 3월,월요일,서울특별시 광진구 자양동,경상사고,0,0,1,0,차대사람 - 기타,보행자보호의무위반,건조,맑음,교차로 - 교차로부근,승용,남,41-50세,상해없음,보행자,남,41-50세,경상,2016,3
2016032200100019.2,2016년 3월,화요일,서울특별시 광진구 군자동,경상사고,0,0,1,0,차대차 - 추돌,안전운전불이행,건조,맑음,교차로 - 교차로부근,승용,남,31-40세,상해없음,승용,남,65세 이상,경상,2016,3
2016032200100022.0,2016년 3월,화요일,서울특별시 광진구 광장동,경상사고,0,0,2,0,차량단독 - 충돌,안전운전불이행,건조,맑음,단일로 - 기타,승용,남,31-40세,경상,,,,,2016,3
2016032200100163.2,2016년 3월,화요일,서울특별시 광진구 광장동,중상사고,0,1,0,0,차대차 - 추돌,안전거리미확보,건조,맑음,단일로 - 기타,승용,남,65세 이상,상해없음,이륜,남,21-30세,중상,2016,3
2016032200100254.0,2016년 3월,화요일,서울특별시 광진구 광장동,중상사고,0,1,1,0,차대차 - 기타,안전거리미확보,건조,맑음,교차로 - 교차로안,승용,남,21-30세,경상,승용,남,31-40세,중상,2016,3
2016032200100294.0,2016년 3월,화요일,서울특별시 광진구 광장동,중상사고,0,2,0,0,차대사람 - 보도통행중,기타,건조,맑음,기타 - 기타,원동기,남,31-40세,상해없음,보행자,여,51-60세,중상,2016,3
2016032300100063.2,2016년 3월,수요일,서울특별시 광진구 자양동,중상사고,0,1,0,0,차대사람 - 횡단중,안전운전불이행,건조,맑음,교차로 - 교차로부근,화물,남,51-60세,상해없음,보행자,여,31-40세,중상,2016,3
2016032300100178.0,2016년 3월,수요일,서울특별시 광진구 군자동,중상사고,0,1,0,0,차대차 - 기타,안전거리미확보,건조,맑음,단일로 - 기타,승용,남,61-64세,상해없음,원동기,남,41-50세,중상,2016,3
2016032300100252.0,2016년 3월,수요일,서울특별시 광진구 구의동,경상사고,0,0,1,0,차대사람 - 보도통행중,안전운전불이행,건조,맑음,단일로 - 기타,승용,남,41-50세,상해없음,보행자,남,31-40세,경상,2016,3
2016032300100532.8,2016년 3월,수요일,서울특별시 광진구 중곡동,경상사고,0,0,1,0,차대차 - 충돌,안전운전불이행,건조,맑음,단일로 - 횡단보도상,자전거,여,21-30세,경상,승용,남,21-30세,상해없음,2016,3
2016032400100020.8,2016년 3월,목요일,서울특별시 광진구 중곡동,중상사고,0,1,0,0,차대차 - 충돌,안전거리미확보,건조,맑음,단일로 - 기타,승용,남,51-60세,상해없음,원동기,남,41-50세,중상,2016,3
2016032400100411.2,2016년 3월,목요일,서울특별시 광진구 자양동,경상사고,0,0,1,0,차대사람 - 기타,안전운전불이행,건조,맑음,단일로 - 기타,화물,남,51-60세,상해없음,보행자,남,13-20세,경상,2016,3
2016032400100451.2,2016년 3월,목요일,서울특별시 광진구 광장동,경상사고,0,0,1,0,차대차 - 충돌,안전거리미확보,건조,맑음,단일로 - 기타,승용,남,21-30세,상해없음,이륜,남,31-40세,경상,2016,3
2016032500100195.2,2016년 3월,금요일,서울특별시 광진구 광장동,중상사고,0,1,0,0,차대차 - 기타,안전운전불이행,건조,맑음,교차로 - 교차로안,자전거,여,51-60세,중상,승용,여,31-40세,상해없음,2016,3
2016032500100196.0,2016년 3월,금요일,서울특별시 광진구 화양동,경상사고,0,0,1,0,차대차 - 기타,안전거리미확보,건조,맑음,단일로 - 기타,승용,여,41-50세,상해없음,승용,남,51-60세,경상,2016,3
2016032500100216.0,2016년 3월,금요일,서울특별시 광진구 구의동,경상사고,0,0,1,0,차대차 - 충돌,교차로운행방법위반,건조,맑음,교차로 - 교차로안,승용,남,41-50세,상해없음,원동기,남,51-60세,경상,2016,3
2016032500100244.0,2016년 3월,금요일,서울특별시 광진구 자양동,경상사고,0,0,1,0,차량단독 - 기타,안전운전불이행,건조,맑음,단일로 - 기타,승합,남,41-50세,상해없음,,,,,2016,3
2016032500100392.0,2016년 3월,금요일,서울특별시 광진구 화양동,부상신고사고,0,0,0,1,차대차 - 추돌,기타,건조,맑음,단일로 - 기타,승용,남,41-50세,상해없음,자전거,여,21-30세,부상신고,2016,3
2016032600100004.0,2016년 3월,토요일,서울특별시 광진구 구의동,경상사고,0,0,1,0,차대차 - 충돌,신호위반,건조,맑음,단일로 - 횡단보도상,승용,남,41-50세,상해없음,자전거,남,13-20세,경상,2016,3
2016032600100084.8,2016년 3월,토요일,서울특별시 광진구 중곡동,경상사고,0,0,1,0,차대차 - 추돌,안전운전불이행,건조,맑음,교차로 - 교차로부근,승용,남,31-40세,상해없음,승용,남,51-60세,경상,2016,3
2016032600100124.0,2016년 3월,토요일,서울특별시 광진구 자양동,경상사고,0,0,1,0,차대차 - 충돌,직진우회전진행방해,건조,맑음,교차로 - 교차로안,승용,남,65세 이상,상해없음,승용,남,21-30세,경상,2016,3
2016032600100184.0,2016년 3월,토요일,서울특별시 광진구 자양동,중상사고,0,1,0,0,차대사람 - 기타,안전운전불이행,건조,맑음,단일로 - 기타,승용,여,65세 이상,상해없음,보행자,여,51-60세,중상,2016,3