사고번호,발생년월,요일,시군구,사고내용,사망자수,중상자수,경상자수,부상신고자수,사고유형,법규위반,노면상태,기상상태,도로형태,가해운전자 차종,가해운전자 성별,가해운전자 연령대,가해운전자 상해정도,피해운전자 차종,피해운전자 성별,피해운전자 연령대,피해운전자 상해정도,발생년도,발생월
2016050400100478.0,2016년 5월,수요일,서울특별시 광진구 광장동,중상사고,0,1,0,0,차대차 - 기타,중앙선침범,건조,맑음,미분류 - 미분류,승용,남,51-60세,상해없음,원동기,남,41-50세,중상,2016,5
2016050400100652.8,2016년 5월,수요일,서울특별시 광진구 중곡동,중상사고,0,1,0,0,차대사람 - 기타,안전운전불이행,건조,맑음,단일로 - 기타,승용,남,21-30세,상해없음,보행자,남,51-60세,중상,2016,5
2016050500100146.0,2016년 5월,목요일,서울특별시 광진구 구의동,중상사고,0,1,1,0,차대차 - 기타,교차로운행방법위반,건조,맑음,교차로 - 교차로부근,승용,남,51-60세,상해없음,승용,남,51-60세,상해없음,2016,5
2016050500100400.8,2016년 5월,목요일,서울특별시 광진구 자양동,경상사고,0,0,1,0,차대차 - 기타,안전운전불이행,건조,맑음,단일로 - 기타,자전거,남,20세 이하,경상,화물,남,61-64세,상해없음,2016,5
2016050600100044.0,2016년 5월,금요일,서울특별시 광진구 화양동,중상사고,0,1,0,0,차대사람 - 기타,안전운전불이행,건조,맑음,교차로 - 교차로안,승용,여,21-30세,상해없음,보행자,남,13-20세,중상,2016,5
2016050600100215.2,2016년 5월,금요일,서울특별시 광진구 중곡동,경상사고,0,0,1,0,차대사람 - 횡단중,안전운전불이행,습기,비,교차로 - 교차로안,승용,남,41-50세,상해없음,보행자,여,21-30세,경상,2016,5
2016050600100356.8,2016년 5월,금요일,서울특별시 광진구 중곡동,중상사고,0,1,0,0,차대사람 - 기타,보행자보호의무위반,건조,맑음,기타 - 기타,화물,남,31-40세,상해없음,보행자,여,21-30세,중상,2016,5
2016050600100504.8,2016년 5월,금요일,서울특별시 광진구 군자동,경상사고,0,0,1,0,차대사람 - 길가장자리구역통행중,안전운전불이행,건조,맑음,단일로 - 기타,승용,여,61-64세,상해없음,보행자,남,51-60세,경상,2016,5
2016050700100136.8,2016년 5월,토요일,서울특별시 광진구 자양동,부상신고사고,0,0,0,1,차대차 - 충돌,안전운전불이행,건조,맑음,교차로 - 교차로부근,자전거,남,65세 이상,부상신고,승용,남,65세 이상,상해없음,2016,5
2016050700100436.8,2016년 5월,토요일,서울특별시 광진구 자양동,경상사고,0,0,1,0,차대차 - 기타,안전운전불이행,건조,맑음,미분류 - 미분류,승용,남,51-60세,상해없음,승용,남,21-30세,경상,2016,5
2016050700100546.0,2016년 5월,토요일,서울특별시 광진구 중곡동,경상사고,0,0,1,0,차대사람 - 기타,안전운전불이행,건조,맑음,단일로 - 기타,자전거,남,61-64세,경상,보행자,남,41-50세,상해없음,2016,5
2016050800100156.8,2016년 5월,일요일,서울특별시 광진구 구의동,중상사고,0,1,0,0,차대사람 - 기타,안전운전불이행,건조,맑음,교차로 - 교차로안,승용,남,31-40세,상해없음,보행자,남,65세 이상,중상,2016,5
2016050800100466.0,2016년 5월,일요일,서울특별시 광진구 화양동,경상사고,0,0,2,1,차대차 - 기타,안전거리미확보,건조,맑음,단일로 - 기타,원동기,남,31-40세,부상신고,승용,여,31-40세,경상,2016,5
2016050900100111.2,2016년 5월,월요일,서울특별시 광진구 자양동,경상사고,0,0,1,0,차대차 - 추돌,교차로운행방법위반,건조,맑음,교차로 - 교차로안,자전거,여,51-60세,경상,자전거,남,21-30세,상해없음,2016,5
2016050900100384.8,2016년 5월,월요일,서울특별시 광진구 자양동,경상사고,0,0,1,0,차대차 - 추돌,안전거리미확보,건조,맑음,교차로 - 교차로안,승용,남,61-64세,상해없음,승용,남,31-40세,경상,2016,5
2016050900100500.8,2016년 5월,월요일,서울특별시 광진구 구의동,경상사고,0,0,1,0,차대사람 - 횡단중,안전운전불이행,건조,맑음,단일로 - 기타,승용,여,31-40세,상해없음,보행자,남,41-50세,경상,2016,5
2016050900100560.8,2016년 5월,월요일,서울특별시 광진구 구의동,경상사고,0,0,1,0,차대사람 - 횡단중,보행자보호의무위반,건조,맑음,교차로 - 교차로안,원동기,남,20세 이하,상해없음,보행자,남,21-30세,경상,2016,5
2016050000000000.0,2016년 5월,화요일,서울특별시 광진구 중곡동,경상사고,0,0,1,0,차대차 - 추돌,안전운전불이행,건조,맑음,교차로 - 교차로부근,승용,남,31-40세,상해없음,원동기,남,41-50세,경상,2016,5
2016051000100011.2,2016년 5월,화요일,서울특별시 광진구 구의동,경상사고,0,0,1,0,차대차 - 추돌,안전운전불이행,건조,맑음,교차로 - 교차로부근,승용,남,41-50세,상해없음,승용,남,41-50세,경상,2016,5
2016051100100264.8,2016년 5월,수요일,서울특별시 광진구 자양동,경상사고,0,0,1,0,차대사람 - 기타,안전운전불이행,건조,맑음,단일로 - 기타,화물,남,31-40세,상해없음,보행자,남,51-60세,경상,2016,5
2016051100100534.0,2016년 5월,수요일,서울특별시 광진구 자양동,중상사고,0,1,0,0,차대차 - 기타,기타,건조,맑음,기타 - 기타,승용,남,41-50세,상해없음,원동기,남,13-20세,중상,2016,5
2016051200100446.0,2016년 5월,목요일,서울특별시 광진구 광장동,중상사고,0,1,0,0,차대차 - 충돌,신호위반,건조,맑음,교차로 - 교차로부근,승용,여,41-50세,상해없음,원동기,남,21-30세,중상,2016,5
2016051300100022.0,2016년 5월,금요일,서울특별시 광진구 군자동,중상사고,0,1,0,0,차대차 - 기타,안전운전불이행,습기,비,단일로 - 기타,승용,남,41-50세,상해없음,원동기,남,41-50세,중상,2016,5
2016051300100023.2,2016년 5월,금요일,서울특별시 광진구 자양동,경상사고,0,0,1,0,차대차 - 추돌,안전운전불이행,건조,맑음,단일로 - 기타,승용,남,31-40세,상해없음,승용,남,31-40세,경상,2016,5
2016050000000000.0,2016년 5월,금요일,서울특별시 광진구 군자동,중상사고,0,1,0,0,차대차 - 충돌,신호위반,건조,맑음,교차로 - 교차로안,승합,남,21-30세,상해없음,자전거,남,21-30세,중상,2016,5
2016051300100348.0,2016년 5월,금요일,서울특별시 광진구 화양동,중상사고,0,1,0,0,차대차 - 충돌,안전거리미확보,건조,맑음,단일로 - 기타,승용,남,65세 이상,상해없음,원동기,남,31-40세,중상,2016,5
2016051300100399.2,2016년 5월,금요일,서울특별시 광진구 자양동,중상사고,0,1,0,0,차대사람 - 횡단중,안전운전불이행,건조,맑음,교차로 - 교차로안,승용,남,65세 이상,상해없음,보행자,여,65세 이상,중상,2016,5
2016051300100436.0,2016년 5월,금요일,서울특별시 광진구 군자동,중상사고,0,1,0,0,차대차 - 기타,안전거리미확보,건조,맑음,교차로 - 교차로안,원동기,남,31-40세,중상,원동기,남,31-40세,상해없음,2016,5
2016051300100483.2,2016년 5월,금요일,서울특별시 광진구 중곡동,경상사고,0,0,1,0,차대차 - 추돌,안전거리미확보,건조,맑음,단일로 - 기타,원동기,남,31-40세,상해없음,승용,여,41-50세,경상,2016,5
2016051300100522.0,2016년 5월,금요일,서울특별시 광진구 군자동,중상사고,0,1,0,0,차대차 - 충돌,안전운전불이행,건조,맑음,단일로 - 기타,승용,남,41-50세,상해없음,이륜,남,65세 이상,중상,2016,5
2016051300100632.0,2016년 5월,금요일,서울특별시 광진구 자양동,중상사고,0,1,1,0,차대차 - 충돌,신호위반,건조,맑음,교차로 - 교차로안,원동기,남,21-30세,중상,승용,여,51-60세,경상,2016,5
2016051400100088.0,2016년 5월,토요일,서울특별시 광진구 구의동,경상사고,0,0,1,0,차대사람 - 횡단중,안전운전불이행,건조,맑음,교차로 - 교차로안,승용,남,51-60세,상해없음,보행자,남,31-40세,경상,2016,5
2016051400100564.0,2016년 5월,토요일,서울특별시 광진구 중곡동,부상신고사고,0,0,0,1,차대차 - 기타,안전운전불이행,건조,맑음,단일로 - 기타,원동기,남,21-30세,부상신고,승용,남,61-64세,상해없음,2016,5
2016051400100600.8,2016년 5월,토요일,서울특별시 광진구 광장동,경상사고,0,0,2,0,차대차 - 충돌,안전거리미확보,건조,맑음,단일로 - 기타,승용,기타불명,기타불명,기타불명,승용,남,41-50세,경상,2016,5
2016051500100003.2,2016년 5월,일요일,서울특별시 광진구 자양동,경상사고,0,0,1,0,차대사람 - 기타,안전운전불이행,건조,맑음,단일로 - 기타,승용,남,51-60세,상해없음,보행자,남,51-60세,경상,2016,5
2016051500100208.8,2016년 5월,일요일,서울특별시 광진구 구의동,중상사고,0,1,3,0,차대차 - 충돌,신호위반,습기,비,교차로 - 교차로안,승용,남,61-64세,상해없음,승용,여,21-30세,경상,2016,5
2016051500100464.8,2016년 5월,일요일,서울특별시 광진구 구의동,중상사고,0,1,0,0,차대사람 - 횡단중,안전운전불이행,습기,비,단일로 - 기타,승용,여,51-60세,상해없음,보행자,남,51-60세,중상,2016,5
2016051600100398.0,2016년 5월,월요일,서울특별시 광진구 화양동,경상사고,0,0,2,0,차대차 - 추돌,안전운전불이행,건조,맑음,단일로 - 기타,승용,남,61-64세,상해없음,승용,남,41-50세,경상,2016,5
2016051600100575.2,2016년 5월,월요일,서울특별시 광진구 군자동,경상사고,0,0,1,0,차대사람 - 보도통행중,안전운전불이행,건조,맑음,기타 - 기타,자전거,남,21-30세,상해없음,보행자,여,21-30세,경상,2016,5
2016051600100619.2,2016년 5월,월요일,서울특별시 광진구 자양동,경상사고,0,0,1,0,차대차 - 추돌,안전운전불이행,건조,맑음,단일로 - 기타,승용,남,31-40세,상해없음,승용,여,41-50세,경상,2016,5
2016051700100000.8,2016년 5월,화요일,서울특별시 광진구 자양동,중상사고,0,1,0,1,차량단독 - 충돌,안전운전불이행,건조,맑음,단일로 - 기타,원동기,남,31-40세,부상신고,,,,,2016,5
2016051700100023.2,2016년 5월,화요일,서울특별시 광진구 구의동,중상사고,0,1,3,0,차대차 - 충돌,안전거리미확보,건조,맑음,교차로 - 교차로안,승용,남,51-60세,상해없음,승용,남,41-50세,중상,2016,5
2016051700100208.8,2016년 5월,화요일,서울특별시 광진구 중곡동,중상사고,0,1,0,0,차대사람 - 기타,기타,건조,맑음,단일로 - 기타,승합,남,31-40세,상해없음,보행자,여,65세 이상,중상,2016,5
2016051700100247.2,2016년 5월,화요일,서울특별시 광진구 화양동,경상사고,0,0,2,0,차대차 - 충돌,안전운전불이행,건조,맑음,단일로 - 기타,화물,남,31-40세,상해없음,승용,남,51-60세,경상,2016,5
2016050000000000.0,2016년 5월,화요일,서울특별시 광진구 중곡동,경상사고,0,0,1,0,차대차 - 추돌,안전운전불이행,건조,맑음,단일로 - 기타,승용,여,20세 이하,상해없음,승용,여,31-40세,경상,2016,5
2016050000000000.0,2016년 5월,수요일,서울특별시 광진구 화양동,중상사고,0,1,0,0,차대차 - 기타,기타,건조,맑음,기타 - 기타,승용,남,65세 이상,상해없음,이륜,남,41-50세,중상,2016,5
2016051800100200.8,2016년 5월,수요일,서울특별시 광진구 화양동,경상사고,0,0,1,0,차대차 - 기타,안전거리미확보,건조,맑음,단일로 - 기타,승용,남,51-60세,상해없음,승용,남,31-40세,경상,2016,5
2016051800100366.0,2016년 5월,수요일,서울특별시 광진구 자양동,경상사고,0,0,1,0,차대차 - 충돌,안전거리미확보,건조,맑음,단일로 - 기타,승용,남,65세 이상,상해없음,이륜,남,21-30세,경상,2016,5
2016051800100451.2,2016년 5월,수요일,서울특별시 광진구 자양동,중상사고,0,1,3,0,차대차 - 충돌,신호위반,건조,맑음,교차로 - 교차로안,승용,여,21-30세,기타불명,승용,남,61-64세,경상,2016,5
2016051800100672.8,2016년 5월,수요일,서울특별시 광진구 자양동,경상사고,0,0,1,0,차대차 - 기타,안전운전불이행,건조,맑음,단일로 - 기타,화물,남,41-50세,상해없음,승합,남,65세 이상,상해없음,2016,5
2016051900100636.8,2016년 5월,목요일,서울특별시 광진구 자양동,중상사고,0,1,2,0,차대차 - 추돌,안전운전불이행,건조,맑음,단일로 - 교량,승용,남,31-40세,상해없음,특수,남,41-50세,경상,2016,5
2016052100100000.8,2016년 5월,토요일,서울특별시 광진구 화양동,경상사고,0,0,1,0,차대사람 - 기타,안전운전불이행,건조,맑음,기타 - 기타,승용,남,61-64세,상해없음,보행자,남,21-30세,경상,2016,5
2016052100100602.0,2016년 5월,토요일,서울특별시 광진구 구의동,경상사고,0,0,1,0,차대차 - 추돌,불법유턴,건조,맑음,교차로 - 교차로안,승용,남,31-40세,상해없음,승용,남,21-30세,경상,2016,5
2016052200100171.2,2016년 5월,일요일,서울특별시 광진구 광장동,경상사고,0,0,1,0,차대사람 - 횡단중,안전운전불이행,건조,맑음,교차로 - 교차로안,승용,남,41-50세,상해없음,보행자,여,41-50세,경상,2016,5
2016052200100206.0,2016년 5월,일요일,서울특별시 광진구 광장동,경상사고,0,0,1,0,차대사람 - 기타,안전운전불이행,건조,맑음,단일로 - 기타,승합,남,41-50세,상해없음,보행자,여,51-60세,경상,2016,5
2016052200100228.0,2016년 5월,일요일,서울특별시 광진구 광장동,경상사고,0,0,1,0,차대차 - 충돌,안전운전불이행,건조,맑음,교차로 - 교차로부근,승용,남,41-50세,상해없음,자전거,남,12세 이하,경상,2016,5
2016052200100414.0,2016년 5월,일요일,서울특별시 광진구 구의동,중상사고,0,1,0,0,차대차 - 충돌,안전운전불이행,건조,맑음,단일로 - 기타,승용,남,21-30세,상해없음,이륜,남,21-30세,중상,2016,5
2016052200100526.0,2016년 5월,일요일,서울특별시 광진구 화양동,경상사고,0,0,1,0,차대사람 - 기타,안전운전불이행,건조,맑음,단일로 - 기타,화물,남,21-30세,상해없음,보행자,여,21-30세,경상,2016,5
2016052300100212.0,2016년 5월,월요일,서울특별시 광진구 자양동,중상사고,0,1,0,0,차대사람 - 기타,안전운전불이행,건조,맑음,단일로 - 횡단보도상,승용,남,51-60세,상해없음,보행자,여,41-50세,중상,2016,5
2016052300100242.0,2016년 5월,월요일,서울특별시 광진구 중곡동,경상사고,0,0,1,0,차대사람 - 기타,안전운전불이행,건조,맑음,기타 - 기타,승용,남,65세 이상,상해없음,보행자,여,41-50세,경상,2016,5
2016052300100272.0,2016년 5월,월요일,서울특별시 광진구 자양동,중상사고,0,1,0,0,차대사람 - 기타,안전운전불이행,건조,맑음,단일로 - 기타,승용,여,31-40세,상해없음,보행자,여,51-60세,중상,2016,5
2016052300100304.0,2016년 5월,월요일,서울특별시 광진구 구의동,경상사고,0,0,1,0,차대차 - 기타,안전거리미확보,건조,맑음,단일로 - 기타,기타불명,기타불명,기타불명,기타불명,승용,여,31-40세,경상,2016,5
2016050000000000.0,2016년 5월,월요일,서울특별시 광진구 중곡동,중상사고,0,1,1,0,차대차 - 기타,안전거리미확보,건조,맑음,교차로 - 교차로안,승용,남,41-50세,상해없음,원동기,남,13-20세,경상,2016,5
2016052400100367.2,2016년 5월,화요일,서울특별시 광진구 군자동,경상사고,0,0,1,0,차대차 - 기타,안전운전불이행,건조,맑음,교차로 - 교차로안,승용,남,65세 이상,상해없음,승용,남,21-30세,경상,2016,5
2016050000000000.0,2016년 5월,화요일,서울특별시 광진구 자양동,경상사고,0,0,1,0,차대차 - 추돌,안전운전불이행,건조,흐림,교차로 - 교차로부근,승용,남,51-60세,상해없음,원동기,남,31-40세,경상,2016,5
2016052400100467.2,2016년 5월,화요일,서울특별시 광진구 구의동,중상사고,0,1,0,0,차대사람 - 기타,안전운전불이행,건조,맑음,기타 - 기타,승합,남,41-50세,상해없음,보행자,여,31-40세,중상,2016,5
2016052500100260.8,2016년 5월,수요일,서울특별시 광진구 구의동,경상사고,0,0,1,0,차대사람 - 보도통행중,기타,건조,맑음,기타 - 기타,자전거,남,21-30세,상해없음,보행자,남,41-50세,경상,2016,5
2016052500100523.2,2016년 5월,수요일,서울특별시 광진구 화양동,경상사고,0,0,1,0,차대차 - 충돌,안전운전불이행,건조,맑음,단일로 - 기타,승용,남,51-60세,기타불명,승합,남,51-60세,상해없음,2016,5
2016050000000000.0,2016년 5월,수요일,서울특별시 광진구 능동,경상사고,0,0,1,0,차대사람 - 기타,안전운전불이행,건조,맑음,단일로 - 기타,승용,남,41-50세,상해없음,보행자,남,21-30세,경상,2016,5
2016052500100611.2,2016년 5월,수요일,서울특별시 광진구 구의동,중상사고,0,3,2,0,차대차 - 기타,중앙선침범,건조,맑음,교차로 - 교차로부근,승용,여,41-50세,상해없음,승용,남,65세 이상,중상,2016,5
2016052700100504.0,2016년 5월,금요일,서울특별시 광진구 구의동,경상사고,0,0,3,0,차대차 - 충돌,안전거리미확보,건조,맑음,교차로 - 교차로안,승용,여,51-60세,상해없음,승용,남,31-40세,경상,2016,5
2016052700100532.0,2016년 5월,금요일,서울특별시 광진구 군자동,경상사고,0,0,2,0,차대차 - 충돌,안전거리미확보,건조,맑음,단일로 - 기타,승용,남,51-60세,상해없음,승용,남,61-64세,경상,2016,5
2016052700100598.0,2016년 5월,금요일,서울특별시 광진구 중곡동,사망사고,1,0,0,0,차대사람 - 횡단중,안전운전불이행,건조,맑음,단일로 - 기타,승용,남,51-60세,상해없음,보행자,여,65세 이상,사망,2016,5
2016052700100624.0,2016년 5월,금요일,서울특별시 광진구 군자동,경상사고,0,0,1,0,차대사람 - 횡단중,안전운전불이행,건조,맑음,단일로 - 기타,승용,남,51-60세,상해없음,보행자,여,21-30세,경상,2016,5
2016052800100003.2,2016년 5월,토요일,서울특별시 광진구 중곡동,경상사고,0,0,1,0,차대차 - 충돌,안전운전불이행,건조,맑음,기타 - 기타,이륜,남,20세 이하,상해없음,자전거,남,31-40세,경상,2016,5
2016052800100004.0,2016년 5월,토요일,서울특별시 광진구 화양동,경상사고,0,0,1,0,차대차 - 기타,안전거리미확보,건조,맑음,단일로 - 기타,승용,남,61-64세,상해없음,승용,남,41-50세,경상,2016,5
2016052800100416.8,2016년 5월,토요일,서울특별시 광진구 구의동,경상사고,0,0,1,0,차대사람 - 기타,안전운전불이행,건조,맑음,단일로 - 기타,원동기,남,21-30세,상해없음,보행자,남,13-20세,경상,2016,5
2016052800100636.8,2016년 5월,토요일,서울특별시 광진구 자양동,중상사고,0,1,0,0,차대차 - 기타,기타,건조,맑음,교차로 - 교차로안,승용,남,41-50세,상해없음,원동기,남,21-30세,중상,2016,5
2016052800100638.0,2016년 5월,토요일,서울특별시 광진구 자양동,중상사고,0,1,0,0,차대사람 - 횡단중,보행자보호의무위반,건조,맑음,단일로 - 횡단보도상,승용,남,21-30세,상해없음,보행자,남,51-60세,중상,2016,5
2016053000100136.0,2016년 5월,월요일,서울특별시 광진구 군자동,중상사고,0,1,0,0,차대차 - 추돌,안전운전불이행,건조,맑음,단일로 - 기타,승용,남,31-40세,상해없음,화물,남,31-40세,중상,2016,5
2016053000100215.2,2016년 5월,월요일,서울특별시 광진구 군자동,경상사고,0,0,1,0,차대사람 - 기타,기타,건조,맑음,단일로 - 기타,승합,남,65세 이상,상해없음,보행자,여,41-50세,경상,2016,5
2016053000100364.0,2016년 5월,월요일,서울특별시 광진구 중곡동,부상신고사고,0,0,0,1,차대사람 - 기타,안전운전불이행,기타,맑음,단일로 - 기타,화물,남,31-40세,기타불명,보행자,남,12세 이하,부상신고,2016,5
2016053000100400.8,2016년 5월,월요일,서울특별시 광진구 능동,경상사고,0,0,1,0,차대차 - 추돌,안전운전불이행,건조,맑음,단일로 - 기타,원동기,남,51-60세,경상,승용,남,31-40세,상해없음,2016,5
2016053000100402.0,2016년 5월,월요일,서울특별시 광진구 능동,경상사고,0,0,1,0,차대차 - 충돌,안전운전불이행,건조,맑음,단일로 - 기타,승용,여,61-64세,상해없음,승용,남,61-64세,상해없음,2016,5
2016053000100446.0,2016년 5월,월요일,서울특별시 광진구 구의동,경상사고,0,0,2,0,차대차 - 추돌,불법유턴,건조,맑음,교차로 - 교차로부근,승합,남,51-60세,상해없음,원동기,남,41-50세,경상,2016,5
2016053000100492.0,2016년 5월,월요일,서울특별시 광진구 화양동,중상사고,0,1,0,0,차대차 - 충돌,기타,건조,맑음,단일로 - 기타,승용,남,65세 이상,상해없음,원동기,남,51-60세,중상,2016,5
2016053100100355.2,2016년 5월,화요일,서울특별시 광진구 중곡동,부상신고사고,0,0,0,1,차대차 - 충돌,중앙선침범,건조,맑음,단일로 - 기타,자전거,남,20세 이하,부상신고,승용,남,51-60세,상해없음,2016,5
2016050000000000.0,2016년 5월,화요일,서울특별시 광진구 구의동,중상사고,0,1,0,0,차대사람 - 횡단중,안전운전불이행,건조,맑음,단일로 - 기타,승용,남,61-64세,상해없음,보행자,남,51-60세,중상,2016,5
2016060100100003.2,2016년 6월,수요일,서울특별시 광진구 구의동,경상사고,0,0,1,0,차대사람 - 기타,안전운전불이행,건조,맑음,단일로 - 기타,승용,여,31-40세,상해없음,보행자,남,41-50세,경상,2016,6
2016060100100106.0,2016년 6월,수요일,서울특별시 광진구 중곡동,경상사고,0,0,1,0,차대차 - 기타,안전거리미확보,건조,맑음,기타 - 기타,승합,남,51-60세,상해없음,승합,남,41-50세,경상,2016,6
2016060200100074.0,2016년 6월,목요일,서울특별시 광진구 중곡동,경상사고,0,0,2,0,차대차 - 추돌,안전운전불이행,건조,맑음,교차로 - 교차로안,승용,여,51-60세,상해없음,승용,여,41-50세,경상,2016,6
2016060200100168.0,2016년 6월,목요일,서울특별시 광진구 화양동,중상사고,0,1,0,0,차대사람 - 횡단중,안전운전불이행,건조,맑음,단일로 - 기타,승용,여,31-40세,상해없음,보행자,여,65세 이상,중상,2016,6
2016060200100236.8,2016년 6월,목요일,서울특별시 광진구 구의동,경상사고,0,0,1,0,차대차 - 기타,안전거리미확보,건조,맑음,단일로 - 기타,승용,남,41-50세,상해없음,승용,남,51-60세,상해없음,2016,6
2016060200100238.0,2016년 6월,목요일,서울특별시 광진구 자양동,경상사고,0,0,2,0,차대차 - 충돌,안전운전불이행,건조,맑음,단일로 - 기타,승용,남,65세 이상,상해없음,승용,남,31-40세,경상,2016,6
2016060200100478.0,2016년 6월,목요일,서울특별시 광진구 광장동,경상사고,0,0,1,0,차대차 - 충돌,신호위반,건조,맑음,교차로 - 교차로안,승용,여,61-64세,상해없음,원동기,남,31-40세,경상,2016,6
2016060300100014.0,2016년 6월,금요일,서울특별시 광진구 화양동,경상사고,0,0,1,0,차량단독 - 전도전복,안전운전불이행,건조,맑음,교차로 - 교차로부근,원동기,남,21-30세,상해없음,,,,,2016,6
2016060300100399.2,2016년 6월,금요일,서울특별시 광진구 중곡동,경상사고,0,0,1,0,차대차 - 기타,안전거리미확보,건조,맑음,단일로 - 기타,화물,남,31-40세,상해없음,원동기,남,31-40세,경상,2016,6
2016060300100582.0,2016년 6월,금요일,서울특별시 광진구 자양동,중상사고,0,1,0,0,차대차 - 충돌,안전운전불이행,건조,흐림,단일로 - 기타,자전거,여,20세 이하,상해없음,자전거,남,21-30세,중상,2016,6
2016060000000000.0,2016년 6월,금요일,서울특별시 광진구 중곡동,부상신고사고,0,0,0,1,차대사람 - 기타,안전운전불이행,건조,맑음,단일로 - 기타,승용,남,41-50세,상해없음,보행자,남,51-60세,부상신고,2016,6
2016060400100048.8,2016년 6월,토요일,서울특별시 광진구 중곡동,경상사고,0,0,1,0,차대차 - 기타,안전거리미확보,건조,맑음,기타 - 기타,승용,남,51-60세,상해없음,승용,남,51-60세,상해없음,2016,6
2016060400100072.0,2016년 6월,토요일,서울특별시 광진구 구의동,중상사고,0,1,0,0,차대사람 - 횡단중,보행자보호의무위반,건조,맑음,단일로 - 횡단보도상,화물,남,31-40세,상해없음,보행자,남,41-50세,중상,2016,6
2016060400100300.8,2016년 6월,토요일,서울특별시 광진구 구의동,경상사고,0,0,3,0,차대차 - 충돌,중앙선침범,건조,맑음,단일로 - 기타,화물,남,41-50세,상해없음,승용,남,31-40세,경상,2016,6
2016060500100052.8,2016년 6월,일요일,서울특별시 광진구 능동,경상사고,0,0,1,0,차대차 - 기타,안전운전불이행,건조,맑음,단일로 - 기타,승용,남,20세 이하,상해없음,승합,남,51-60세,경상,2016,6
2016060500100212.0,2016년 6월,일요일,서울특별시 광진구 구의동,경상사고,0,0,2,0,차대차 - 기타,안전운전불이행,건조,맑음,단일로 - 기타,승용,남,51-60세,상해없음,승용,남,31-40세,경상,2016,6
2016060600100023.2,2016년 6월,월요일,서울특별시 광진구 광장동,경상사고,0,0,1,0,차대차 - 추돌,신호위반,건조,맑음,교차로 - 교차로안,승용,남,51-60세,상해없음,승용,여,41-50세,경상,2016,6
2016060600100082.0,2016년 6월,월요일,서울특별시 광진구 자양동,중상사고,0,1,1,0,차대차 - 기타,안전거리미확보,건조,맑음,단일로 - 기타,승용,남,20세 이하,상해없음,화물,남,41-50세,중상,2016,6
2016060600100264.0,2016년 6월,월요일,서울특별시 광진구 자양동,경상사고,0,0,1,0,차대차 - 충돌,안전운전불이행,건조,맑음,단일로 - 기타,화물,남,21-30세,상해없음,승용,여,21-30세,경상,2016,6
2016060700100003.2,2016년 6월,화요일,서울특별시 광진구 자양동,중상사고,0,1,0,0,차대차 - 충돌,안전거리미확보,건조,맑음,교차로 - 교차로부근,승용,남,65세 이상,기타불명,승용,남,61-64세,중상,2016,6
2016060000000000.0,2016년 6월,수요일,서울특별시 광진구 중곡동,부상신고사고,0,0,0,1,차대차 - 추돌,안전운전불이행,건조,맑음,교차로 - 교차로부근,승용,남,21-30세,상해없음,승용,남,51-60세,부상신고,2016,6
2016060000000000.0,2016년 6월,수요일,서울특별시 광진구 광장동,중상사고,0,1,0,0,차대사람 - 기타,보행자보호의무위반,건조,맑음,단일로 - 횡단보도상,승용,남,65세 이상,상해없음,보행자,여,13-20세,중상,2016,6
2016060800100554.0,2016년 6월,수요일,서울특별시 광진구 중곡동,중상사고,0,1,0,0,차대차 - 추돌,안전운전불이행,건조,맑음,단일로 - 기타,원동기,남,21-30세,상해없음,원동기,남,13-20세,중상,2016,6
2016060800100555.2,2016년 6월,수요일,서울특별시 광진구 군자동,중상사고,0,1,0,0,차대사람 - 보도통행중,안전운전불이행,건조,맑음,단일로 - 횡단보도상,기타불명,기타불명,기타불명,기타불명,보행자,남,21-30세,중상,2016,6
2016060900100128.0,2016년 6월,목요일,서울특별시 광진구 자양동,중상사고,0,2,1,0,차대차 - 추돌,안전운전불이행,건조,맑음,미분류 - 미분류,승용,남,31-40세,상해없음,승용,남,41-50세,중상,2016,6
2016060900100352.8,2016년 6월,목요일,서울특별시 광진구 구의동,경상사고,0,0,1,0,차대차 - 기타,중앙선침범,건조,맑음,교차로 - 교차로안,자전거,남,20세 이하,경상,승용,여,41-50세,상해없음,2016,6
2016060900100402.0,2016년 6월,목요일,서울특별시 광진구 자양동,중상사고,0,1,0,0,차대사람 - 횡단중,안전운전불이행,건조,맑음,단일로 - 기타,승용,남,51-60세,상해없음,보행자,여,51-60세,중상,2016,6
2016060900100403.2,2016년 6월,목요일,서울특별시 광진구 자양동,중상사고,0,1,0,0,차대차 - 충돌,안전운전불이행,건조,맑음,교차로 - 교차로안,승용,여,41-50세,상해없음,승용,남,31-40세,중상,2016,6
2016060900100551.2,2016년 6월,목요일,서울특별시 광진구 광장동,경상사고,0,0,1,0,차대사람 - 횡단중,신호위반,건조,맑음,단일로 - 횡단보도상,자전거,기타불명,기타불명,기타불명,보행자,여,51-60세,경상,2016,6
2016061000100051.2,2016년 6월,금요일,서울특별시 광진구 화양동,중상사고,0,1,0,0,차대사람 - 기타,안전운전불이행,건조,흐림,교차로 - 교차로안,승용,남,51-60세,상해없음,보행자,여,61-64세,중상,2016,6