사고번호,발생년월,요일,시군구,사고내용,사망자수,중상자수,경상자수,부상신고자수,사고유형,법규위반,노면상태,기상상태,도로형태,가해운전자 차종,가해운전자 성별,가해운전자 연령대,가해운전자 상해정도,피해운전자 차종,피해운전자 성별,피해운전자 연령대,피해운전자 상해정도,발생년도,발생월
2016072300100620.8,2016년 7월,토요일,서울특별시 광진구 화양동,경상사고,0,0,1,0,차대사람 - 길가장자리구역통행중,안전운전불이행,습기,흐림,단일로 - 기타,승용,남,21-30세,상해없음,보행자,여,21-30세,경상,2016,7
2016072300100622.0,2016년 7월,토요일,서울특별시 광진구 군자동,중상사고,0,1,10,1,차대차 - 충돌,안전운전불이행,건조,흐림,단일로 - 교량,승용,남,21-30세,상해없음,승합,남,31-40세,경상,2016,7
2016072400100000.8,2016년 7월,일요일,서울특별시 광진구 중곡동,중상사고,0,1,0,0,차대차 - 충돌,안전운전불이행,건조,맑음,교차로 - 교차로안,승용,남,51-60세,상해없음,원동기,남,21-30세,중상,2016,7
2016070000000000.0,2016년 7월,일요일,서울특별시 광진구 광장동,경상사고,0,0,3,0,차대차 - 기타,안전운전불이행,건조,맑음,기타 - 기타,승합,남,41-50세,상해없음,승용,남,41-50세,기타불명,2016,7
2016072500100191.2,2016년 7월,월요일,서울특별시 광진구 구의동,경상사고,0,0,1,0,차대차 - 충돌,안전운전불이행,건조,맑음,단일로 - 기타,승용,남,51-60세,상해없음,화물,남,31-40세,경상,2016,7
2016072500100579.2,2016년 7월,월요일,서울특별시 광진구 화양동,중상사고,0,1,0,0,차대사람 - 기타,안전운전불이행,건조,맑음,단일로 - 기타,승용,여,41-50세,상해없음,보행자,여,21-30세,중상,2016,7
2016070000000000.0,2016년 7월,월요일,서울특별시 광진구 화양동,중상사고,0,1,0,0,차대차 - 기타,안전운전불이행,건조,맑음,교차로 - 교차로안,승용,남,61-64세,상해없음,원동기,남,21-30세,중상,2016,7
2016070000000000.0,2016년 7월,화요일,서울특별시 광진구 중곡동,중상사고,0,2,1,0,차대차 - 충돌,신호위반,건조,맑음,교차로 - 교차로안,승합,남,51-60세,상해없음,승용,남,41-50세,경상,2016,7
2016072600100262.0,2016년 7월,화요일,서울특별시 광진구 화양동,경상사고,0,0,1,0,차량단독 - 전도전복,안전운전불이행,건조,맑음,교차로 - 교차로부근,승용,남,61-64세,상해없음,,,,,2016,7
2016072600100263.2,2016년 7월,화요일,서울특별시 광진구 중곡동,중상사고,0,1,0,0,차대차 - 충돌,중앙선침범,건조,맑음,교차로 - 교차로안,승용,남,41-50세,상해없음,원동기,남,21-30세,중상,2016,7
2016072600100544.8,2016년 7월,화요일,서울특별시 광진구 구의동,경상사고,0,0,1,0,차대차 - 충돌,안전거리미확보,건조,맑음,교차로 - 교차로부근,기타불명,기타불명,기타불명,기타불명,승용,남,51-60세,경상,2016,7
2016072700100282.0,2016년 7월,수요일,서울특별시 광진구 구의동,경상사고,0,0,1,0,차대차 - 기타,안전운전불이행,건조,맑음,단일로 - 기타,승용,남,31-40세,상해없음,화물,남,41-50세,경상,2016,7
2016072700100608.8,2016년 7월,수요일,서울특별시 광진구 구의동,경상사고,0,0,1,0,차대차 - 기타,기타,건조,맑음,단일로 - 기타,승용,남,51-60세,상해없음,자전거,남,41-50세,경상,2016,7
2016072800100148.0,2016년 7월,목요일,서울특별시 광진구 자양동,중상사고,0,1,0,0,차대차 - 기타,교차로운행방법위반,건조,맑음,교차로 - 교차로안,승용,여,51-60세,상해없음,자전거,여,65세 이상,중상,2016,7
2016072800100183.2,2016년 7월,목요일,서울특별시 광진구 구의동,경상사고,0,0,1,0,차대차 - 충돌,안전운전불이행,건조,맑음,단일로 - 기타,승용,여,51-60세,상해없음,화물,남,51-60세,기타불명,2016,7
2016072800100378.0,2016년 7월,목요일,서울특별시 광진구 중곡동,중상사고,0,1,0,0,차대차 - 충돌,안전거리미확보,건조,맑음,단일로 - 기타,승용,여,31-40세,상해없음,원동기,남,31-40세,중상,2016,7
2016070000000000.0,2016년 7월,금요일,서울특별시 광진구 자양동,경상사고,0,0,2,0,차대차 - 충돌,안전운전불이행,습기,비,교차로 - 교차로부근,승용,남,51-60세,상해없음,승용,남,31-40세,경상,2016,7
2016072900100316.8,2016년 7월,금요일,서울특별시 광진구 군자동,경상사고,0,0,2,0,차대차 - 추돌,안전거리미확보,건조,맑음,단일로 - 기타,승용,남,65세 이상,경상,화물,남,41-50세,경상,2016,7
2016073000100532.0,2016년 7월,토요일,서울특별시 광진구 능동,경상사고,0,0,1,0,차대사람 - 차도통행중,안전운전불이행,건조,맑음,교차로 - 교차로안,자전거,남,21-30세,상해없음,보행자,여,21-30세,경상,2016,7
2016073100100002.0,2016년 7월,일요일,서울특별시 광진구 자양동,경상사고,0,0,1,0,차대차 - 충돌,안전운전불이행,건조,맑음,단일로 - 기타,승용,남,31-40세,상해없음,승용,남,51-60세,상해없음,2016,7
2016073100100067.2,2016년 7월,일요일,서울특별시 광진구 자양동,중상사고,0,1,1,0,차대차 - 충돌,중앙선침범,건조,맑음,교차로 - 교차로안,승용,여,21-30세,상해없음,승용,남,21-30세,경상,2016,7
2016073100100084.0,2016년 7월,일요일,서울특별시 광진구 자양동,중상사고,0,1,5,0,차대차 - 충돌,중앙선침범,건조,흐림,단일로 - 기타,승용,남,21-30세,상해없음,화물,남,31-40세,상해없음,2016,7
2016073100100340.8,2016년 7월,일요일,서울특별시 광진구 구의동,경상사고,0,0,1,0,차대차 - 충돌,교차로운행방법위반,건조,맑음,교차로 - 교차로안,승용,남,41-50세,상해없음,승용,남,51-60세,경상,2016,7
2016080100100016.0,2016년 8월,월요일,서울특별시 광진구 화양동,경상사고,0,0,1,0,차대차 - 충돌,신호위반,건조,맑음,교차로 - 교차로안,승용,남,51-60세,상해없음,승용,남,65세 이상,상해없음,2016,8
2016080100100172.8,2016년 8월,월요일,서울특별시 광진구 구의동,경상사고,0,0,1,0,차대차 - 추돌,안전거리미확보,건조,맑음,단일로 - 기타,승용,남,65세 이상,상해없음,승용,남,41-50세,경상,2016,8
2016080100100242.0,2016년 8월,월요일,서울특별시 광진구 자양동,경상사고,0,0,1,0,차대차 - 추돌,안전운전불이행,건조,맑음,교차로 - 교차로부근,승용,남,51-60세,상해없음,승용,남,51-60세,경상,2016,8
2016080100100284.8,2016년 8월,월요일,서울특별시 광진구 중곡동,경상사고,0,0,2,0,차대차 - 충돌,안전운전불이행,건조,맑음,단일로 - 기타,승용,남,41-50세,상해없음,승용,여,41-50세,경상,2016,8
2016080200100023.2,2016년 8월,화요일,서울특별시 광진구 화양동,중상사고,0,2,0,0,차대차 - 충돌,안전운전불이행,건조,맑음,단일로 - 기타,승용,남,51-60세,상해없음,원동기,남,13-20세,중상,2016,8
2016080200100314.0,2016년 8월,화요일,서울특별시 광진구 광장동,중상사고,0,1,0,0,차대사람 - 기타,안전운전불이행,건조,맑음,단일로 - 기타,자전거,남,20세 이하,상해없음,보행자,여,65세 이상,중상,2016,8
2016080200100434.0,2016년 8월,화요일,서울특별시 광진구 중곡동,부상신고사고,0,0,0,1,차대차 - 충돌,안전거리미확보,건조,맑음,교차로 - 교차로안,승용,남,51-60세,상해없음,원동기,남,13-20세,부상신고,2016,8
2016080300100131.2,2016년 8월,수요일,서울특별시 광진구 구의동,중상사고,0,1,0,0,차대차 - 충돌,신호위반,건조,맑음,교차로 - 교차로안,승용,남,41-50세,상해없음,원동기,남,51-60세,중상,2016,8
2016080300100159.2,2016년 8월,수요일,서울특별시 광진구 구의동,경상사고,0,0,1,0,차대차 - 충돌,중앙선침범,건조,맑음,단일로 - 기타,자전거,여,20세 이하,경상,화물,남,31-40세,상해없음,2016,8
2016080400100002.0,2016년 8월,목요일,서울특별시 광진구 능동,중상사고,0,1,0,0,차대사람 - 횡단중,안전운전불이행,건조,맑음,단일로 - 기타,승용,남,65세 이상,상해없음,보행자,남,21-30세,중상,2016,8
2016080400100036.0,2016년 8월,목요일,서울특별시 광진구 자양동,경상사고,0,0,1,0,차대차 - 기타,직진우회전진행방해,건조,맑음,교차로 - 교차로안,승용,남,65세 이상,기타불명,승용,남,65세 이상,상해없음,2016,8
2016080400100503.2,2016년 8월,목요일,서울특별시 광진구 구의동,경상사고,0,0,1,0,차대차 - 기타,기타,건조,맑음,단일로 - 기타,승용,남,51-60세,상해없음,원동기,남,41-50세,경상,2016,8
2016080500100003.2,2016년 8월,금요일,서울특별시 광진구 구의동,경상사고,0,0,1,0,차대사람 - 기타,신호위반,기타,기타,단일로 - 횡단보도부근,승용,남,51-60세,상해없음,보행자,남,31-40세,경상,2016,8
2016080500100032.0,2016년 8월,금요일,서울특별시 광진구 화양동,경상사고,0,0,1,0,차대사람 - 기타,안전운전불이행,건조,맑음,단일로 - 기타,승용,남,51-60세,상해없음,보행자,여,31-40세,경상,2016,8
2016080500100383.2,2016년 8월,금요일,서울특별시 광진구 중곡동,경상사고,0,0,1,0,차대차 - 추돌,안전거리미확보,건조,맑음,단일로 - 기타,이륜,남,51-60세,경상,승용,기타불명,기타불명,기타불명,2016,8
2016080500100427.2,2016년 8월,금요일,서울특별시 광진구 화양동,중상사고,0,1,0,0,차대차 - 충돌,안전운전불이행,건조,맑음,단일로 - 기타,원동기,남,51-60세,중상,승용,남,51-60세,상해없음,2016,8
2016080500100471.2,2016년 8월,금요일,서울특별시 광진구 화양동,중상사고,0,1,0,0,차대차 - 기타,기타,건조,맑음,단일로 - 기타,승용,남,51-60세,상해없음,원동기,남,21-30세,중상,2016,8
2016080500100503.2,2016년 8월,금요일,서울특별시 광진구 중곡동,중상사고,0,1,0,0,차대차 - 충돌,중앙선침범,건조,맑음,단일로 - 기타,자전거,남,41-50세,중상,승용,남,31-40세,상해없음,2016,8
2016080000000000.0,2016년 8월,금요일,서울특별시 광진구 자양동,경상사고,0,0,2,0,차대차 - 충돌,안전운전불이행,건조,맑음,단일로 - 기타,승용,남,31-40세,상해없음,승용,여,41-50세,경상,2016,8
2016080600100208.0,2016년 8월,토요일,서울특별시 광진구 구의동,경상사고,0,0,1,0,차대차 - 기타,중앙선침범,건조,맑음,단일로 - 기타,원동기,남,51-60세,경상,승용,남,41-50세,상해없음,2016,8
2016080600100278.0,2016년 8월,토요일,서울특별시 광진구 구의동,경상사고,0,0,2,0,차대차 - 충돌,안전거리미확보,건조,맑음,교차로 - 교차로안,승용,남,65세 이상,상해없음,승용,남,21-30세,경상,2016,8
2016080800100036.0,2016년 8월,월요일,서울특별시 광진구 화양동,경상사고,0,0,1,0,차대사람 - 기타,안전운전불이행,건조,맑음,단일로 - 기타,승용,남,21-30세,상해없음,보행자,여,41-50세,경상,2016,8
2016080800100036.8,2016년 8월,월요일,서울특별시 광진구 중곡동,중상사고,0,2,1,0,차대차 - 충돌,신호위반,건조,맑음,교차로 - 교차로안,원동기,남,21-30세,중상,승용,남,41-50세,경상,2016,8
2016080800100044.8,2016년 8월,월요일,서울특별시 광진구 자양동,중상사고,0,1,0,0,차대차 - 충돌,신호위반,건조,맑음,교차로 - 교차로부근,자전거,남,65세 이상,중상,승용,여,41-50세,상해없음,2016,8
2016080800100264.8,2016년 8월,월요일,서울특별시 광진구 군자동,중상사고,0,1,0,0,차대사람 - 횡단중,안전운전불이행,건조,맑음,단일로 - 기타,승용,여,51-60세,상해없음,보행자,남,12세 이하,중상,2016,8
2016080800100300.8,2016년 8월,월요일,서울특별시 광진구 중곡동,경상사고,0,0,1,0,차대차 - 기타,안전거리미확보,건조,맑음,단일로 - 기타,승용,남,31-40세,상해없음,승합,남,51-60세,경상,2016,8
2016080900100080.8,2016년 8월,화요일,서울특별시 광진구 자양동,중상사고,0,1,0,0,차대차 - 충돌,안전운전불이행,건조,맑음,교차로 - 교차로부근,승용,남,31-40세,상해없음,자전거,여,65세 이상,중상,2016,8
2016080000000000.0,2016년 8월,화요일,서울특별시 광진구 자양동,중상사고,0,1,1,0,차대차 - 기타,안전거리미확보,건조,맑음,단일로 - 기타,승용,남,31-40세,상해없음,승용,남,51-60세,경상,2016,8
2016080000000000.0,2016년 8월,화요일,서울특별시 광진구 구의동,경상사고,0,0,1,0,차대사람 - 횡단중,기타,건조,맑음,단일로 - 기타,승용,남,65세 이상,상해없음,보행자,남,12세 이하,경상,2016,8
2016080900100516.8,2016년 8월,화요일,서울특별시 광진구 구의동,경상사고,0,0,1,0,차대차 - 충돌,안전거리미확보,습기,비,기타 - 기타,승용,남,41-50세,상해없음,승용,남,51-60세,경상,2016,8
2016081000100491.2,2016년 8월,수요일,서울특별시 광진구 자양동,경상사고,0,0,1,0,차대차 - 기타,기타,건조,맑음,단일로 - 기타,승용,남,41-50세,상해없음,원동기,남,21-30세,경상,2016,8
2016081000100492.0,2016년 8월,수요일,서울특별시 광진구 화양동,중상사고,0,1,0,0,차대사람 - 횡단중,안전운전불이행,건조,맑음,단일로 - 기타,자전거,남,20세 이하,상해없음,보행자,여,65세 이상,중상,2016,8
2016081100100000.8,2016년 8월,목요일,서울특별시 광진구 자양동,중상사고,0,1,0,0,차대사람 - 횡단중,보행자보호의무위반,건조,맑음,교차로 - 교차로부근,원동기,남,20세 이하,기타불명,보행자,남,13-20세,중상,2016,8
2016081100100519.2,2016년 8월,목요일,서울특별시 광진구 화양동,경상사고,0,0,2,0,차대차 - 충돌,신호위반,기타,기타,교차로 - 교차로부근,기타불명,기타불명,기타불명,기타불명,승용,남,31-40세,경상,2016,8
2016081200100047.2,2016년 8월,금요일,서울특별시 광진구 구의동,경상사고,0,0,1,0,차량단독 - 전도전복,기타,건조,맑음,교차로 - 교차로부근,승용,남,61-64세,상해없음,,,,,2016,8
2016081200100592.8,2016년 8월,금요일,서울특별시 광진구 군자동,중상사고,0,1,0,0,차대차 - 충돌,신호위반,건조,맑음,교차로 - 교차로안,승합,남,31-40세,상해없음,승합,남,21-30세,중상,2016,8
2016081300100042.0,2016년 8월,토요일,서울특별시 광진구 화양동,경상사고,0,0,1,0,차대차 - 충돌,안전운전불이행,건조,맑음,단일로 - 기타,승용,남,21-30세,상해없음,승용,남,31-40세,경상,2016,8
2016081300100288.0,2016년 8월,토요일,서울특별시 광진구 중곡동,경상사고,0,0,1,0,차대차 - 충돌,안전운전불이행,건조,맑음,교차로 - 교차로안,승용,남,41-50세,상해없음,원동기,남,41-50세,경상,2016,8
2016081300100612.0,2016년 8월,토요일,서울특별시 광진구 구의동,중상사고,0,1,0,0,차대차 - 충돌,안전운전불이행,기타,기타,교차로 - 교차로안,승용,남,51-60세,상해없음,자전거,여,51-60세,중상,2016,8
2016081300100646.0,2016년 8월,토요일,서울특별시 광진구 군자동,경상사고,0,0,2,0,차대차 - 추돌,안전운전불이행,건조,맑음,단일로 - 기타,승용,남,31-40세,상해없음,승용,남,31-40세,경상,2016,8
2016081500100076.0,2016년 8월,월요일,서울특별시 광진구 자양동,경상사고,0,0,1,0,차대차 - 충돌,신호위반,건조,맑음,교차로 - 교차로안,승용,남,65세 이상,상해없음,승용,남,61-64세,상해없음,2016,8
2016081500100076.8,2016년 8월,월요일,서울특별시 광진구 구의동,경상사고,0,0,1,0,차대차 - 충돌,안전운전불이행,건조,맑음,단일로 - 기타,승용,여,21-30세,상해없음,승용,여,21-30세,경상,2016,8
2016081500100208.8,2016년 8월,월요일,서울특별시 광진구 자양동,경상사고,0,0,1,0,차대사람 - 횡단중,보행자보호의무위반,건조,맑음,교차로 - 교차로안,화물,남,31-40세,상해없음,보행자,남,12세 이하,경상,2016,8
2016081700100002.0,2016년 8월,수요일,서울특별시 광진구 중곡동,중상사고,0,2,0,0,차대차 - 충돌,안전운전불이행,건조,맑음,단일로 - 기타,승용,여,65세 이상,상해없음,원동기,남,31-40세,중상,2016,8
2016081700100076.0,2016년 8월,수요일,서울특별시 광진구 중곡동,중상사고,0,1,0,0,차대사람 - 기타,안전운전불이행,건조,맑음,단일로 - 기타,승용,남,51-60세,상해없음,보행자,여,61-64세,중상,2016,8
2016081700100600.8,2016년 8월,수요일,서울특별시 광진구 능동,중상사고,0,1,1,0,차대사람 - 보도통행중,기타,건조,맑음,교차로 - 교차로안,화물,남,51-60세,상해없음,보행자,여,31-40세,경상,2016,8
2016081800100148.8,2016년 8월,목요일,서울특별시 광진구 중곡동,중상사고,0,1,0,0,차대사람 - 기타,안전운전불이행,건조,맑음,단일로 - 기타,승용,남,41-50세,상해없음,보행자,여,13-20세,중상,2016,8
2016081800100292.8,2016년 8월,목요일,서울특별시 광진구 자양동,중상사고,0,2,0,0,차대차 - 충돌,신호위반,건조,맑음,교차로 - 교차로안,승용,남,21-30세,상해없음,원동기,남,21-30세,중상,2016,8
2016081800100476.8,2016년 8월,목요일,서울특별시 광진구 중곡동,중상사고,0,1,0,0,차대사람 - 기타,안전운전불이행,건조,맑음,단일로 - 기타,화물,남,41-50세,상해없음,보행자,여,65세 이상,중상,2016,8
2016081900100100.8,2016년 8월,금요일,서울특별시 광진구 구의동,중상사고,0,1,0,0,차대차 - 충돌,중앙선침범,건조,맑음,단일로 - 기타,승합,남,51-60세,상해없음,이륜,남,21-30세,중상,2016,8
2016081900100392.0,2016년 8월,금요일,서울특별시 광진구 구의동,경상사고,0,0,10,0,차대차 - 충돌,중앙선침범,건조,맑음,단일로 - 기타,승용,남,21-30세,상해없음,승용,남,61-64세,경상,2016,8
2016081900100392.8,2016년 8월,금요일,서울특별시 광진구 구의동,중상사고,0,1,0,0,차대차 - 기타,교차로운행방법위반,습기,비,교차로 - 교차로안,승합,남,31-40세,상해없음,원동기,남,65세 이상,중상,2016,8
2016081900100426.0,2016년 8월,금요일,서울특별시 광진구 화양동,경상사고,0,0,4,0,차대차 - 기타,안전운전불이행,건조,맑음,단일로 - 기타,승용,남,51-60세,상해없음,승용,남,41-50세,경상,2016,8
2016082000100107.2,2016년 8월,토요일,서울특별시 광진구 광장동,경상사고,0,0,1,0,차량단독 - 기타,기타,건조,맑음,단일로 - 기타,승용,남,65세 이상,상해없음,,,,,2016,8
2016082000100375.2,2016년 8월,토요일,서울특별시 광진구 구의동,중상사고,0,1,0,0,차대차 - 추돌,안전운전불이행,건조,맑음,단일로 - 기타,이륜,남,21-30세,기타불명,승용,남,31-40세,상해없음,2016,8
2016080000000000.0,2016년 8월,토요일,서울특별시 광진구 중곡동,중상사고,0,1,0,0,차대차 - 충돌,안전운전불이행,건조,맑음,교차로 - 교차로부근,화물,남,51-60세,상해없음,자전거,남,51-60세,중상,2016,8
2016082000100591.2,2016년 8월,토요일,서울특별시 광진구 화양동,경상사고,0,0,1,0,차대차 - 추돌,안전운전불이행,건조,맑음,단일로 - 기타,승용,남,21-30세,상해없음,승용,남,31-40세,상해없음,2016,8
2016082100100048.8,2016년 8월,일요일,서울특별시 광진구 화양동,경상사고,0,0,1,0,차대사람 - 차도통행중,안전운전불이행,건조,맑음,단일로 - 기타,승용,남,21-30세,기타불명,보행자,여,21-30세,경상,2016,8
2016080000000000.0,2016년 8월,일요일,서울특별시 광진구 화양동,경상사고,0,0,1,0,차대사람 - 차도통행중,안전운전불이행,건조,맑음,교차로 - 교차로안,승용,남,21-30세,상해없음,보행자,남,21-30세,경상,2016,8
2016082100100082.0,2016년 8월,일요일,서울특별시 광진구 자양동,중상사고,0,1,0,0,차대사람 - 횡단중,안전운전불이행,건조,맑음,단일로 - 기타,화물,남,41-50세,상해없음,보행자,여,13-20세,중상,2016,8
2016080000000000.0,2016년 8월,일요일,서울특별시 광진구 중곡동,경상사고,0,0,1,1,차대차 - 추돌,안전운전불이행,건조,맑음,교차로 - 교차로안,승용,남,51-60세,상해없음,승합,남,51-60세,상해없음,2016,8
2016082200100255.2,2016년 8월,월요일,서울특별시 광진구 자양동,부상신고사고,0,0,0,1,차대차 - 기타,직진우회전진행방해,건조,맑음,교차로 - 교차로부근,승용,기타불명,기타불명,기타불명,자전거,여,41-50세,부상신고,2016,8
2016082200100586.0,2016년 8월,월요일,서울특별시 광진구 자양동,경상사고,0,0,1,0,차대사람 - 보도통행중,중앙선침범,건조,맑음,단일로 - 횡단보도부근,이륜,남,41-50세,상해없음,보행자,여,31-40세,경상,2016,8
2016082300100086.0,2016년 8월,화요일,서울특별시 광진구 능동,중상사고,0,1,0,0,차대사람 - 기타,안전운전불이행,건조,맑음,교차로 - 교차로부근,승용,남,41-50세,상해없음,보행자,남,31-40세,중상,2016,8
2016082300100548.0,2016년 8월,화요일,서울특별시 광진구 중곡동,경상사고,0,0,4,0,차대차 - 추돌,안전거리미확보,건조,흐림,교차로 - 교차로안,승용,남,31-40세,상해없음,승용,남,21-30세,경상,2016,8
2016082400100102.0,2016년 8월,수요일,서울특별시 광진구 능동,경상사고,0,0,1,0,차대차 - 기타,안전운전불이행,건조,맑음,단일로 - 기타,승합,남,61-64세,상해없음,승용,남,31-40세,경상,2016,8
2016082500100023.2,2016년 8월,목요일,서울특별시 광진구 군자동,경상사고,0,0,1,0,차대차 - 충돌,신호위반,건조,맑음,교차로 - 교차로안,승용,남,41-50세,상해없음,승용,남,41-50세,상해없음,2016,8
2016082500100043.2,2016년 8월,목요일,서울특별시 광진구 화양동,경상사고,0,0,1,0,차대차 - 충돌,신호위반,건조,맑음,단일로 - 기타,승용,남,21-30세,상해없음,승용,남,21-30세,경상,2016,8
2016082500100052.8,2016년 8월,목요일,서울특별시 광진구 중곡동,경상사고,0,0,1,0,차대사람 - 횡단중,안전운전불이행,건조,맑음,단일로 - 기타,승용,남,61-64세,상해없음,보행자,남,65세 이상,경상,2016,8
2016082500100232.0,2016년 8월,목요일,서울특별시 광진구 구의동,경상사고,0,0,1,0,차량단독 - 충돌,안전운전불이행,건조,맑음,교차로 - 교차로안,승합,남,31-40세,상해없음,,,,,2016,8
2016082500100295.2,2016년 8월,목요일,서울특별시 광진구 자양동,경상사고,0,0,1,0,차대사람 - 횡단중,기타,건조,맑음,단일로 - 기타,원동기,여,51-60세,상해없음,보행자,여,41-50세,경상,2016,8
2016082500100516.8,2016년 8월,목요일,서울특별시 광진구 화양동,경상사고,0,0,1,0,차대사람 - 기타,안전운전불이행,습기,비,단일로 - 기타,원동기,남,20세 이하,상해없음,보행자,여,21-30세,경상,2016,8
2016082500100518.0,2016년 8월,목요일,서울특별시 광진구 광장동,경상사고,0,0,1,0,차대차 - 추돌,안전운전불이행,적설,비,단일로 - 기타,승용,남,51-60세,상해없음,자전거,남,13-20세,경상,2016,8
2016082600100403.2,2016년 8월,금요일,서울특별시 광진구 능동,경상사고,0,0,3,0,차대차 - 충돌,안전거리미확보,건조,맑음,단일로 - 기타,승용,남,51-60세,상해없음,승합,남,51-60세,상해없음,2016,8
2016082600100716.0,2016년 8월,금요일,서울특별시 광진구 구의동,경상사고,0,0,1,0,차대사람 - 횡단중,안전운전불이행,건조,맑음,교차로 - 교차로부근,화물,남,41-50세,상해없음,보행자,남,41-50세,경상,2016,8
2016082600100755.2,2016년 8월,금요일,서울특별시 광진구 광장동,경상사고,0,0,2,0,차대차 - 충돌,안전운전불이행,건조,맑음,교차로 - 교차로안,승용,남,51-60세,상해없음,승용,남,31-40세,경상,2016,8
2016082700100002.0,2016년 8월,토요일,서울특별시 광진구 중곡동,경상사고,0,0,1,0,차대차 - 충돌,교차로운행방법위반,건조,맑음,교차로 - 교차로안,기타불명,기타불명,기타불명,기타불명,승용,남,51-60세,경상,2016,8
2016082700100248.8,2016년 8월,토요일,서울특별시 광진구 화양동,경상사고,0,0,2,0,차대차 - 기타,안전거리미확보,건조,맑음,단일로 - 기타,승용,남,51-60세,경상,승용,여,51-60세,경상,2016,8
2016080000000000.0,2016년 8월,토요일,서울특별시 광진구 능동,경상사고,0,0,2,0,차대차 - 추돌,안전운전불이행,건조,맑음,단일로 - 기타,승용,남,51-60세,상해없음,승용,여,31-40세,경상,2016,8
2016082800100148.8,2016년 8월,일요일,서울특별시 광진구 광장동,경상사고,0,0,1,0,차량단독 - 전도전복,안전운전불이행,건조,맑음,단일로 - 기타,승합,남,51-60세,상해없음,,,,,2016,8
2016082800100451.2,2016년 8월,일요일,서울특별시 광진구 구의동,중상사고,0,1,0,0,차대차 - 기타,안전운전불이행,건조,맑음,단일로 - 기타,승합,남,65세 이상,상해없음,원동기,남,21-30세,중상,2016,8
2016082900100222.0,2016년 8월,월요일,서울특별시 광진구 구의동,경상사고,0,0,1,0,차대차 - 기타,안전운전불이행,건조,맑음,단일로 - 기타,승합,여,51-60세,상해없음,승용,남,61-64세,기타불명,2016,8
2016082900100524.0,2016년 8월,월요일,서울특별시 광진구 중곡동,경상사고,0,0,1,0,차대사람 - 기타,안전운전불이행,건조,맑음,단일로 - 기타,승용,남,61-64세,상해없음,보행자,남,31-40세,경상,2016,8
2016083000100003.2,2016년 8월,화요일,서울특별시 광진구 화양동,경상사고,0,0,1,0,차대사람 - 횡단중,안전운전불이행,건조,맑음,단일로 - 기타,승용,남,51-60세,상해없음,보행자,여,65세 이상,경상,2016,8
2016083000100043.2,2016년 8월,화요일,서울특별시 광진구 중곡동,경상사고,0,0,1,0,차대차 - 기타,안전거리미확보,기타,맑음,단일로 - 기타,이륜,남,21-30세,경상,승용,남,21-30세,기타불명,2016,8
2016080000000000.0,2016년 8월,화요일,서울특별시 광진구 구의동,경상사고,0,0,1,0,차대사람 - 횡단중,보행자보호의무위반,건조,맑음,단일로 - 횡단보도상,화물,남,31-40세,상해없음,보행자,남,41-50세,경상,2016,8
2016083000100578.0,2016년 8월,화요일,서울특별시 광진구 광장동,중상사고,0,1,1,0,차대차 - 충돌,안전거리미확보,건조,맑음,단일로 - 기타,승용,남,21-30세,상해없음,승용,남,51-60세,중상,2016,8
2016083100100020.8,2016년 8월,수요일,서울특별시 광진구 군자동,경상사고,0,0,3,0,차대차 - 추돌,안전운전불이행,습기,흐림,단일로 - 기타,승용,남,31-40세,상해없음,승용,남,51-60세,경상,2016,8
2016083100100299.2,2016년 8월,수요일,서울특별시 광진구 구의동,경상사고,0,0,1,0,차대차 - 기타,안전운전불이행,습기,비,단일로 - 기타,승합,남,31-40세,상해없음,승용,남,21-30세,경상,2016,8
2016083100100627.2,2016년 8월,수요일,서울특별시 광진구 중곡동,경상사고,0,0,1,0,차대사람 - 횡단중,보행자보호의무위반,건조,맑음,교차로 - 교차로안,승용,남,31-40세,상해없음,보행자,남,21-30세,경상,2016,8
2016090100100356.8,2016년 9월,목요일,서울특별시 광진구 구의동,경상사고,0,0,1,0,차대차 - 충돌,안전운전불이행,건조,맑음,교차로 - 교차로안,승용,여,41-50세,상해없음,승용,여,41-50세,경상,2016,9
2016090100100394.0,2016년 9월,목요일,서울특별시 광진구 중곡동,경상사고,0,0,1,0,차대차 - 기타,기타,건조,맑음,단일로 - 기타,화물,남,41-50세,상해없음,자전거,남,21-30세,경상,2016,9
2016090100100395.2,2016년 9월,목요일,서울특별시 광진구 자양동,부상신고사고,0,0,0,1,차대차 - 기타,안전운전불이행,건조,맑음,단일로 - 기타,승용,남,41-50세,상해없음,자전거,남,13-20세,부상신고,2016,9
2016090200100022.0,2016년 9월,금요일,서울특별시 광진구 화양동,중상사고,0,2,0,0,차대사람 - 횡단중,신호위반,건조,흐림,단일로 - 횡단보도상,승합,남,41-50세,상해없음,보행자,여,21-30세,중상,2016,9
2016090200100352.8,2016년 9월,금요일,서울특별시 광진구 화양동,경상사고,0,0,1,0,차대사람 - 기타,안전운전불이행,건조,맑음,단일로 - 기타,자전거,남,51-60세,상해없음,보행자,여,13-20세,경상,2016,9
2016090000000000.0,2016년 9월,토요일,서울특별시 광진구 자양동,사망사고,1,0,0,0,차대사람 - 횡단중,안전운전불이행,습기,비,단일로 - 기타,승합,남,51-60세,상해없음,보행자,여,31-40세,사망,2016,9