사고번호,발생년월,요일,시군구,사고내용,사망자수,중상자수,경상자수,부상신고자수,사고유형,법규위반,노면상태,기상상태,도로형태,가해운전자 차종,가해운전자 성별,가해운전자 연령대,가해운전자 상해정도,피해운전자 차종,피해운전자 성별,피해운전자 연령대,피해운전자 상해정도,발생년도,발생월
2016090300100100.8,2016년 9월,토요일,서울특별시 광진구 중곡동,경상사고,0,0,1,0,차대차 - 추돌,안전운전불이행,건조,맑음,단일로 - 기타,승용,남,31-40세,상해없음,승용,남,65세 이상,경상,2016,9
2016090300100120.8,2016년 9월,토요일,서울특별시 광진구 군자동,중상사고,0,1,0,0,차대차 - 충돌,신호위반,건조,맑음,교차로 - 교차로안,이륜,남,31-40세,중상,승용,남,41-50세,상해없음,2016,9
2016090300100234.0,2016년 9월,토요일,서울특별시 광진구 중곡동,경상사고,0,0,1,0,차대사람 - 차도통행중,안전운전불이행,건조,맑음,교차로 - 교차로안,승용,남,51-60세,상해없음,보행자,남,51-60세,경상,2016,9
2016090300100272.0,2016년 9월,토요일,서울특별시 광진구 중곡동,경상사고,0,0,1,0,차대차 - 충돌,교차로운행방법위반,건조,맑음,교차로 - 교차로안,승용,남,31-40세,상해없음,원동기,여,61-64세,경상,2016,9
2016090000000000.0,2016년 9월,토요일,서울특별시 광진구 자양동,경상사고,0,0,11,0,차대차 - 추돌,안전운전불이행,건조,맑음,단일로 - 기타,승합,남,41-50세,상해없음,승합,남,61-64세,경상,2016,9
2016090400100019.2,2016년 9월,일요일,서울특별시 광진구 화양동,부상신고사고,0,0,0,1,차대차 - 충돌,안전운전불이행,건조,맑음,단일로 - 기타,승용,남,51-60세,상해없음,승용,남,51-60세,상해없음,2016,9
2016090000000000.0,2016년 9월,일요일,서울특별시 광진구 구의동,중상사고,0,1,1,0,차대차 - 충돌,신호위반,건조,맑음,교차로 - 교차로안,승용,남,21-30세,상해없음,승용,남,31-40세,중상,2016,9
2016090500100248.0,2016년 9월,월요일,서울특별시 광진구 능동,중상사고,0,1,0,0,차대차 - 기타,중앙선침범,건조,맑음,교차로 - 교차로부근,승용,남,65세 이상,상해없음,이륜,남,21-30세,중상,2016,9
2016090500100311.2,2016년 9월,월요일,서울특별시 광진구 중곡동,경상사고,0,0,1,0,차대차 - 충돌,중앙선침범,건조,맑음,단일로 - 기타,승용,여,61-64세,상해없음,승용,여,61-64세,경상,2016,9
2016090500100383.2,2016년 9월,월요일,서울특별시 광진구 구의동,경상사고,0,0,1,0,차대사람 - 기타,안전운전불이행,건조,맑음,단일로 - 기타,승용,여,31-40세,상해없음,보행자,남,41-50세,경상,2016,9
2016090600100498.0,2016년 9월,화요일,서울특별시 광진구 자양동,경상사고,0,0,2,0,차대차 - 충돌,기타,건조,맑음,단일로 - 기타,승용,여,41-50세,상해없음,원동기,남,21-30세,경상,2016,9
2016090000000000.0,2016년 9월,수요일,서울특별시 광진구 군자동,경상사고,0,0,1,0,차대차 - 충돌,안전운전불이행,건조,맑음,교차로 - 교차로안,승용,남,31-40세,상해없음,승용,남,51-60세,경상,2016,9
2016090700100036.0,2016년 9월,수요일,서울특별시 광진구 구의동,경상사고,0,0,2,0,차대차 - 충돌,신호위반,건조,맑음,교차로 - 교차로안,승용,남,51-60세,상해없음,승용,남,51-60세,경상,2016,9
2016090700100376.0,2016년 9월,수요일,서울특별시 광진구 광장동,중상사고,0,1,0,0,차대차 - 충돌,안전운전불이행,건조,맑음,단일로 - 기타,승용,남,65세 이상,상해없음,승용,남,51-60세,중상,2016,9
2016090700100448.8,2016년 9월,수요일,서울특별시 광진구 자양동,경상사고,0,0,1,0,차대차 - 추돌,안전운전불이행,건조,맑음,단일로 - 기타,승합,여,61-64세,상해없음,원동기,남,41-50세,경상,2016,9
2016090700100542.0,2016년 9월,수요일,서울특별시 광진구 자양동,경상사고,0,0,1,0,차대차 - 추돌,안전운전불이행,건조,맑음,단일로 - 기타,승용,기타불명,기타불명,기타불명,화물,남,31-40세,경상,2016,9
2016090700100592.8,2016년 9월,수요일,서울특별시 광진구 광장동,중상사고,0,1,0,0,차대사람 - 횡단중,안전운전불이행,습기,비,교차로 - 교차로안,승용,남,31-40세,상해없음,보행자,여,41-50세,중상,2016,9
2016090800100042.0,2016년 9월,목요일,서울특별시 광진구 화양동,중상사고,0,1,0,0,차대차 - 충돌,안전운전불이행,건조,맑음,교차로 - 교차로부근,원동기,남,20세 이하,상해없음,승용,남,41-50세,상해없음,2016,9
2016090800100196.0,2016년 9월,목요일,서울특별시 광진구 구의동,중상사고,0,1,0,0,차대사람 - 기타,안전운전불이행,건조,맑음,단일로 - 기타,승합,남,41-50세,상해없음,보행자,남,65세 이상,중상,2016,9
2016090800100352.0,2016년 9월,목요일,서울특별시 광진구 화양동,경상사고,0,0,1,0,차대사람 - 길가장자리구역통행중,안전운전불이행,건조,맑음,단일로 - 기타,승용,남,65세 이상,상해없음,보행자,여,21-30세,경상,2016,9
2016090800100543.2,2016년 9월,목요일,서울특별시 광진구 자양동,중상사고,0,1,0,0,차대차 - 충돌,안전운전불이행,건조,맑음,단일로 - 기타,자전거,남,51-60세,상해없음,자전거,여,61-64세,중상,2016,9
2016090800100662.0,2016년 9월,목요일,서울특별시 광진구 광장동,경상사고,0,0,1,0,차대사람 - 보도통행중,기타,기타,기타,기타 - 기타,승용,여,41-50세,기타불명,보행자,남,31-40세,경상,2016,9
2016090800100664.8,2016년 9월,목요일,서울특별시 광진구 중곡동,중상사고,0,1,0,0,차대사람 - 차도통행중,안전운전불이행,기타,흐림,단일로 - 기타,승용,남,65세 이상,상해없음,보행자,남,41-50세,중상,2016,9
2016090900100003.2,2016년 9월,금요일,서울특별시 광진구 중곡동,중상사고,0,1,0,0,차대사람 - 기타,안전운전불이행,습기,비,단일로 - 기타,화물,남,51-60세,상해없음,보행자,남,51-60세,중상,2016,9
2016090900100155.2,2016년 9월,금요일,서울특별시 광진구 군자동,중상사고,0,1,0,0,차대차 - 추돌,안전운전불이행,건조,맑음,단일로 - 기타,승용,여,51-60세,상해없음,승용,남,21-30세,중상,2016,9
2016090900100184.0,2016년 9월,금요일,서울특별시 광진구 능동,중상사고,0,1,0,0,차대차 - 충돌,안전운전불이행,건조,맑음,교차로 - 교차로부근,승용,남,31-40세,상해없음,자전거,남,31-40세,중상,2016,9
2016090900100276.8,2016년 9월,금요일,서울특별시 광진구 자양동,경상사고,0,0,1,0,차대사람 - 차도통행중,안전운전불이행,건조,맑음,단일로 - 기타,승합,남,51-60세,상해없음,보행자,남,51-60세,경상,2016,9
2016090900100443.2,2016년 9월,금요일,서울특별시 광진구 화양동,경상사고,0,0,1,0,차대사람 - 차도통행중,안전운전불이행,건조,맑음,단일로 - 기타,승용,남,51-60세,상해없음,보행자,여,21-30세,경상,2016,9
2016090000000000.0,2016년 9월,금요일,서울특별시 광진구 중곡동,중상사고,0,1,0,0,차대사람 - 횡단중,안전운전불이행,건조,맑음,단일로 - 횡단보도상,승용,남,41-50세,상해없음,보행자,남,41-50세,중상,2016,9
2016091000100551.2,2016년 9월,토요일,서울특별시 광진구 중곡동,경상사고,0,0,1,0,차대차 - 기타,안전운전불이행,건조,맑음,단일로 - 기타,승용,남,61-64세,상해없음,자전거,남,12세 이하,경상,2016,9
2016091200100266.0,2016년 9월,월요일,서울특별시 광진구 구의동,중상사고,0,1,1,0,차대차 - 기타,안전거리미확보,건조,맑음,단일로 - 기타,승용,남,21-30세,중상,승용,남,31-40세,경상,2016,9
2016091200100428.0,2016년 9월,월요일,서울특별시 광진구 군자동,경상사고,0,0,1,0,차대차 - 기타,안전운전불이행,건조,맑음,단일로 - 기타,화물,여,51-60세,상해없음,원동기,남,21-30세,경상,2016,9
2016091200100464.0,2016년 9월,월요일,서울특별시 광진구 군자동,부상신고사고,0,0,0,1,차대사람 - 기타,안전운전불이행,건조,맑음,단일로 - 기타,승용,남,61-64세,상해없음,보행자,남,31-40세,부상신고,2016,9
2016091300100234.0,2016년 9월,화요일,서울특별시 광진구 자양동,경상사고,0,0,1,0,차대차 - 충돌,안전운전불이행,건조,맑음,단일로 - 기타,자전거,남,20세 이하,상해없음,자전거,여,21-30세,경상,2016,9
2016091300100272.0,2016년 9월,화요일,서울특별시 광진구 광장동,경상사고,0,0,2,0,차대차 - 충돌,안전운전불이행,건조,맑음,단일로 - 교량,승용,여,51-60세,상해없음,승용,여,31-40세,경상,2016,9
2016091300100580.8,2016년 9월,화요일,서울특별시 광진구 능동,경상사고,0,0,2,0,차대차 - 충돌,신호위반,건조,맑음,교차로 - 교차로안,원동기,남,51-60세,경상,자전거,남,21-30세,경상,2016,9
2016091400100004.0,2016년 9월,수요일,서울특별시 광진구 자양동,중상사고,0,1,0,0,차대차 - 추돌,안전운전불이행,건조,맑음,단일로 - 기타,승용,여,31-40세,상해없음,이륜,남,31-40세,중상,2016,9
2016091400100359.2,2016년 9월,수요일,서울특별시 광진구 군자동,중상사고,0,1,0,0,차대차 - 충돌,신호위반,건조,맑음,교차로 - 교차로안,승용,남,31-40세,상해없음,이륜,남,51-60세,중상,2016,9
2016091400100436.0,2016년 9월,수요일,서울특별시 광진구 자양동,부상신고사고,0,0,0,1,차대차 - 추돌,안전운전불이행,건조,맑음,단일로 - 기타,승용,남,51-60세,상해없음,승용,여,21-30세,상해없음,2016,9
2016091500100239.2,2016년 9월,목요일,서울특별시 광진구 자양동,경상사고,0,0,2,0,차대차 - 기타,안전운전불이행,건조,맑음,교차로 - 교차로안,승용,남,61-64세,상해없음,승용,남,65세 이상,경상,2016,9
2016091500100260.8,2016년 9월,목요일,서울특별시 광진구 능동,중상사고,0,1,0,0,차대사람 - 길가장자리구역통행중,안전운전불이행,건조,맑음,단일로 - 기타,승용,남,65세 이상,상해없음,보행자,여,41-50세,중상,2016,9
2016091600100036.0,2016년 9월,금요일,서울특별시 광진구 화양동,경상사고,0,0,1,0,차대차 - 충돌,직진우회전진행방해,건조,맑음,교차로 - 교차로안,승용,남,21-30세,상해없음,원동기,남,41-50세,경상,2016,9
2016091600100274.0,2016년 9월,금요일,서울특별시 광진구 능동,중상사고,0,2,0,0,차대차 - 충돌,신호위반,건조,흐림,교차로 - 교차로안,이륜,남,21-30세,중상,승용,남,41-50세,상해없음,2016,9
2016091700100032.8,2016년 9월,토요일,서울특별시 광진구 군자동,중상사고,0,1,0,0,차대사람 - 횡단중,안전운전불이행,습기,비,단일로 - 기타,이륜,남,21-30세,상해없음,보행자,남,51-60세,중상,2016,9
2016091700100252.0,2016년 9월,토요일,서울특별시 광진구 구의동,경상사고,0,0,1,0,차대차 - 충돌,교차로운행방법위반,건조,맑음,교차로 - 교차로안,화물,남,65세 이상,상해없음,승용,남,51-60세,경상,2016,9
2016091800100066.0,2016년 9월,일요일,서울특별시 광진구 화양동,경상사고,0,0,1,0,차대차 - 추돌,안전운전불이행,건조,맑음,기타 - 기타,이륜,남,51-60세,상해없음,승용,남,21-30세,경상,2016,9
2016091800100092.8,2016년 9월,일요일,서울특별시 광진구 중곡동,경상사고,0,0,1,1,차대차 - 충돌,직진우회전진행방해,건조,맑음,교차로 - 교차로안,승용,여,20세 이하,상해없음,승용,남,51-60세,경상,2016,9
2016091800100356.0,2016년 9월,일요일,서울특별시 광진구 자양동,경상사고,0,0,1,0,차대차 - 기타,신호위반,건조,맑음,단일로 - 기타,승용,남,21-30세,상해없음,자전거,여,31-40세,경상,2016,9
2016091900100082.0,2016년 9월,월요일,서울특별시 광진구 자양동,중상사고,0,1,0,0,차대차 - 충돌,안전운전불이행,건조,맑음,교차로 - 교차로안,승용,여,21-30세,상해없음,자전거,남,51-60세,중상,2016,9
2016091900100216.8,2016년 9월,월요일,서울특별시 광진구 화양동,경상사고,0,0,1,0,차량단독 - 기타,안전운전불이행,건조,맑음,단일로 - 기타,승합,남,41-50세,기타불명,,,,,2016,9
2016091900100244.8,2016년 9월,월요일,서울특별시 광진구 중곡동,중상사고,0,1,0,0,차대사람 - 횡단중,안전운전불이행,건조,맑음,교차로 - 교차로부근,승합,남,65세 이상,상해없음,보행자,여,51-60세,중상,2016,9
2016091900100275.2,2016년 9월,월요일,서울특별시 광진구 광장동,경상사고,0,0,1,0,차대사람 - 횡단중,기타,건조,맑음,단일로 - 기타,승용,남,21-30세,상해없음,보행자,남,12세 이하,경상,2016,9
2016092000100320.8,2016년 9월,화요일,서울특별시 광진구 중곡동,중상사고,0,1,0,0,차대사람 - 횡단중,보행자보호의무위반,건조,맑음,단일로 - 횡단보도상,승합,남,41-50세,상해없음,보행자,여,51-60세,중상,2016,9
2016092000100322.0,2016년 9월,화요일,서울특별시 광진구 중곡동,중상사고,0,1,0,0,차대차 - 충돌,신호위반,건조,맑음,교차로 - 교차로안,승용,남,31-40세,상해없음,원동기,남,31-40세,중상,2016,9
2016092000100500.8,2016년 9월,화요일,서울특별시 광진구 화양동,경상사고,0,0,1,0,차대차 - 기타,안전거리미확보,건조,맑음,단일로 - 기타,승용,남,51-60세,상해없음,원동기,남,21-30세,경상,2016,9
2016092100100419.2,2016년 9월,수요일,서울특별시 광진구 중곡동,부상신고사고,0,0,0,1,차대사람 - 횡단중,안전운전불이행,건조,맑음,단일로 - 기타,이륜,남,61-64세,기타불명,보행자,여,12세 이하,부상신고,2016,9
2016092200100024.0,2016년 9월,목요일,서울특별시 광진구 화양동,경상사고,0,0,1,0,차대차 - 추돌,안전운전불이행,건조,맑음,교차로 - 교차로안,승용,남,41-50세,상해없음,승용,남,65세 이상,상해없음,2016,9
2016092200100078.0,2016년 9월,목요일,서울특별시 광진구 군자동,중상사고,0,1,0,0,차대차 - 추돌,안전운전불이행,건조,맑음,단일로 - 기타,승용,남,41-50세,상해없음,승용,여,21-30세,중상,2016,9
2016092200100332.8,2016년 9월,목요일,서울특별시 광진구 광장동,중상사고,0,1,0,0,차대차 - 기타,안전운전불이행,건조,맑음,교차로 - 교차로안,승용,남,21-30세,상해없음,이륜,남,13-20세,중상,2016,9
2016092200100532.0,2016년 9월,목요일,서울특별시 광진구 자양동,경상사고,0,0,1,0,차대차 - 충돌,안전운전불이행,건조,맑음,교차로 - 교차로부근,자전거,남,41-50세,경상,승용,남,21-30세,상해없음,2016,9
2016090000000000.0,2016년 9월,금요일,서울특별시 광진구 중곡동,경상사고,0,0,3,0,차대차 - 추돌,안전거리미확보,건조,맑음,단일로 - 기타,승용,남,31-40세,상해없음,기타불명,기타불명,기타불명,기타불명,2016,9
2016092400100019.2,2016년 9월,토요일,서울특별시 광진구 구의동,중상사고,0,1,0,0,차대사람 - 기타,안전운전불이행,건조,맑음,단일로 - 기타,승용,남,41-50세,상해없음,보행자,남,31-40세,중상,2016,9
2016092400100072.0,2016년 9월,토요일,서울특별시 광진구 능동,경상사고,0,0,1,0,차대차 - 기타,교차로운행방법위반,건조,맑음,교차로 - 교차로안,원동기,남,31-40세,경상,승용,남,31-40세,상해없음,2016,9
2016092400100551.2,2016년 9월,토요일,서울특별시 광진구 광장동,경상사고,0,0,1,0,차대차 - 충돌,안전운전불이행,건조,맑음,기타 - 기타,승용,남,51-60세,상해없음,승용,여,31-40세,경상,2016,9
2016092500100175.2,2016년 9월,일요일,서울특별시 광진구 능동,중상사고,0,1,2,0,차대차 - 충돌,교차로운행방법위반,건조,맑음,교차로 - 교차로안,승용,남,21-30세,상해없음,승용,남,41-50세,경상,2016,9
2016092500100236.8,2016년 9월,일요일,서울특별시 광진구 구의동,중상사고,0,1,2,0,차대차 - 추돌,안전운전불이행,건조,맑음,단일로 - 기타,화물,여,41-50세,상해없음,승용,남,31-40세,경상,2016,9
2016092500100314.0,2016년 9월,일요일,서울특별시 광진구 중곡동,경상사고,0,0,2,0,차대차 - 충돌,교차로운행방법위반,건조,맑음,교차로 - 교차로안,승용,여,51-60세,상해없음,승용,여,51-60세,경상,2016,9
2016092600100014.0,2016년 9월,월요일,서울특별시 광진구 구의동,경상사고,0,0,3,0,차대차 - 기타,교차로운행방법위반,건조,맑음,교차로 - 교차로안,승용,남,51-60세,상해없음,승용,여,31-40세,경상,2016,9
2016092600100448.0,2016년 9월,월요일,서울특별시 광진구 중곡동,경상사고,0,0,1,0,차대사람 - 횡단중,안전운전불이행,건조,맑음,단일로 - 기타,원동기,남,31-40세,상해없음,보행자,여,65세 이상,경상,2016,9
2016092600100548.8,2016년 9월,월요일,서울특별시 광진구 구의동,경상사고,0,0,2,2,차대차 - 충돌,안전운전불이행,건조,맑음,교차로 - 교차로부근,화물,남,51-60세,상해없음,승용,여,41-50세,경상,2016,9
2016092700100056.0,2016년 9월,화요일,서울특별시 광진구 구의동,경상사고,0,0,1,0,차대차 - 충돌,안전운전불이행,건조,맑음,교차로 - 교차로안,승용,남,31-40세,상해없음,화물,남,21-30세,경상,2016,9
2016092700100318.0,2016년 9월,화요일,서울특별시 광진구 중곡동,중상사고,0,1,0,0,차대차 - 충돌,신호위반,습기,비,교차로 - 교차로안,원동기,남,21-30세,중상,승용,남,51-60세,상해없음,2016,9
2016092700100319.2,2016년 9월,화요일,서울특별시 광진구 능동,경상사고,0,0,1,0,차대차 - 추돌,안전운전불이행,습기,비,단일로 - 기타,승용,남,51-60세,상해없음,승용,여,31-40세,경상,2016,9
2016092800100499.2,2016년 9월,수요일,서울특별시 광진구 중곡동,중상사고,0,1,0,0,차대차 - 충돌,신호위반,건조,맑음,교차로 - 교차로안,승용,남,51-60세,상해없음,자전거,남,13-20세,중상,2016,9
2016090000000000.0,2016년 9월,목요일,서울특별시 광진구 화양동,부상신고사고,0,0,0,1,차량단독 - 기타,안전운전불이행,건조,맑음,단일로 - 기타,승용,남,51-60세,상해없음,,,,,2016,9
2016093000100248.8,2016년 9월,금요일,서울특별시 광진구 중곡동,중상사고,0,1,0,0,차대차 - 충돌,신호위반,건조,맑음,교차로 - 교차로안,화물,남,51-60세,상해없음,원동기,남,65세 이상,중상,2016,9
2016100100100548.0,2016년 10월,토요일,서울특별시 광진구 구의동,경상사고,0,0,2,0,차대차 - 충돌,안전운전불이행,건조,맑음,교차로 - 교차로안,승용,남,51-60세,상해없음,승용,여,41-50세,경상,2016,10
2016100200100163.2,2016년 10월,일요일,서울특별시 광진구 구의동,경상사고,0,0,1,0,차대차 - 기타,안전운전불이행,건조,맑음,단일로 - 기타,승용,남,51-60세,상해없음,승용,남,51-60세,경상,2016,10
2016100200100399.2,2016년 10월,일요일,서울특별시 광진구 중곡동,경상사고,0,0,1,0,차대차 - 기타,안전거리미확보,적설,비,단일로 - 기타,기타불명,기타불명,기타불명,기타불명,원동기,남,13-20세,경상,2016,10
2016100200100483.2,2016년 10월,일요일,서울특별시 광진구 화양동,중상사고,0,1,0,0,차대차 - 기타,안전운전불이행,습기,비,교차로 - 교차로안,승용,남,31-40세,상해없음,원동기,남,13-20세,중상,2016,10
2016100300100026.0,2016년 10월,월요일,서울특별시 광진구 자양동,중상사고,0,1,3,0,차대차 - 추돌,안전거리미확보,적설,비,단일로 - 기타,승용,남,65세 이상,상해없음,승용,남,41-50세,경상,2016,10
2016100300100036.0,2016년 10월,월요일,서울특별시 광진구 중곡동,중상사고,0,1,0,0,차대사람 - 횡단중,안전운전불이행,습기,비,단일로 - 기타,승용,남,51-60세,상해없음,보행자,남,41-50세,중상,2016,10
2016100300100234.0,2016년 10월,월요일,서울특별시 광진구 군자동,경상사고,0,0,1,0,차대차 - 충돌,안전운전불이행,건조,맑음,단일로 - 기타,승용,여,31-40세,상해없음,승용,남,41-50세,경상,2016,10
2016100400100332.0,2016년 10월,화요일,서울특별시 광진구 능동,경상사고,0,0,1,0,차량단독 - 충돌,안전운전불이행,건조,맑음,단일로 - 기타,승용,남,31-40세,경상,,,,,2016,10
2016100400100332.8,2016년 10월,화요일,서울특별시 광진구 화양동,중상사고,0,1,0,0,차대사람 - 기타,신호위반,건조,맑음,단일로 - 횡단보도상,승용,남,65세 이상,상해없음,보행자,여,31-40세,중상,2016,10
2016100500100084.8,2016년 10월,수요일,서울특별시 광진구 광장동,중상사고,0,1,0,0,차대사람 - 기타,안전운전불이행,건조,흐림,단일로 - 기타,승합,남,41-50세,상해없음,보행자,여,65세 이상,중상,2016,10
2016100500100172.0,2016년 10월,수요일,서울특별시 광진구 자양동,사망사고,1,0,0,0,차대사람 - 횡단중,보행자보호의무위반,건조,맑음,교차로 - 교차로안,화물,남,51-60세,상해없음,보행자,여,65세 이상,사망,2016,10
2016100500100172.8,2016년 10월,수요일,서울특별시 광진구 구의동,경상사고,0,0,1,0,차대차 - 기타,기타,건조,흐림,단일로 - 기타,승용,남,51-60세,상해없음,원동기,남,21-30세,경상,2016,10
2016100500100316.0,2016년 10월,수요일,서울특별시 광진구 구의동,경상사고,0,0,1,0,차대사람 - 횡단중,안전운전불이행,건조,맑음,단일로 - 기타,승용,남,65세 이상,상해없음,보행자,남,12세 이하,경상,2016,10
2016100600100003.2,2016년 10월,목요일,서울특별시 광진구 광장동,중상사고,0,1,0,0,차대차 - 충돌,안전거리미확보,건조,맑음,단일로 - 기타,화물,남,61-64세,상해없음,승용,여,51-60세,중상,2016,10
2016100600100316.0,2016년 10월,목요일,서울특별시 광진구 자양동,경상사고,0,0,1,0,차대사람 - 길가장자리구역통행중,안전운전불이행,건조,맑음,단일로 - 기타,원동기,남,51-60세,상해없음,보행자,여,51-60세,경상,2016,10
2016100600100316.8,2016년 10월,목요일,서울특별시 광진구 군자동,경상사고,0,0,1,0,차대차 - 기타,안전운전불이행,건조,맑음,단일로 - 기타,자전거,남,65세 이상,경상,화물,남,21-30세,상해없음,2016,10
2016100600100399.2,2016년 10월,목요일,서울특별시 광진구 중곡동,경상사고,0,0,1,0,차대차 - 충돌,중앙선침범,건조,맑음,교차로 - 교차로부근,승용,남,21-30세,상해없음,원동기,남,31-40세,경상,2016,10
2016100600100532.0,2016년 10월,목요일,서울특별시 광진구 광장동,경상사고,0,0,1,1,차대차 - 기타,안전거리미확보,건조,맑음,단일로 - 교량,승용,남,61-64세,상해없음,승용,남,51-60세,상해없음,2016,10
2016100600100576.8,2016년 10월,목요일,서울특별시 광진구 중곡동,경상사고,0,0,1,0,차대사람 - 길가장자리구역통행중,안전운전불이행,건조,맑음,단일로 - 기타,승용,남,31-40세,상해없음,보행자,남,51-60세,경상,2016,10
2016100800100052.8,2016년 10월,토요일,서울특별시 광진구 화양동,경상사고,0,0,1,0,차대차 - 충돌,신호위반,습기,비,단일로 - 기타,승용,남,20세 이하,상해없음,승용,남,21-30세,경상,2016,10
2016100800100122.0,2016년 10월,토요일,서울특별시 광진구 화양동,중상사고,0,1,0,0,차대사람 - 횡단중,보행자보호의무위반,습기,비,단일로 - 기타,승용,남,21-30세,상해없음,보행자,남,21-30세,중상,2016,10
2016100800100254.0,2016년 10월,토요일,서울특별시 광진구 화양동,부상신고사고,0,0,0,1,차대사람 - 기타,신호위반,건조,맑음,단일로 - 횡단보도상,승용,남,61-64세,상해없음,보행자,여,13-20세,부상신고,2016,10
2016100000000000.0,2016년 10월,일요일,서울특별시 광진구 화양동,부상신고사고,0,0,0,1,차대차 - 기타,기타,건조,맑음,단일로 - 기타,승용,남,65세 이상,상해없음,원동기,남,41-50세,부상신고,2016,10
2016100900100256.0,2016년 10월,일요일,서울특별시 광진구 중곡동,중상사고,0,1,1,0,차대사람 - 횡단중,신호위반,건조,맑음,단일로 - 기타,자전거,남,41-50세,상해없음,보행자,여,51-60세,경상,2016,10
2016100900100404.0,2016년 10월,일요일,서울특별시 광진구 화양동,경상사고,0,0,1,0,차대사람 - 기타,안전운전불이행,건조,맑음,단일로 - 기타,승용,남,65세 이상,상해없음,보행자,여,41-50세,경상,2016,10
2016101000100024.0,2016년 10월,월요일,서울특별시 광진구 군자동,경상사고,0,0,2,0,차대차 - 충돌,신호위반,건조,맑음,교차로 - 교차로안,승용,남,20세 이하,기타불명,승용,남,51-60세,경상,2016,10
2016101000100226.0,2016년 10월,월요일,서울특별시 광진구 자양동,경상사고,0,0,1,0,차대차 - 충돌,안전운전불이행,건조,맑음,교차로 - 교차로안,승용,남,51-60세,상해없음,자전거,여,51-60세,경상,2016,10
2016101000100411.2,2016년 10월,월요일,서울특별시 광진구 화양동,경상사고,0,0,1,0,차대차 - 추돌,안전운전불이행,건조,맑음,단일로 - 기타,승용,남,65세 이상,상해없음,승용,여,31-40세,경상,2016,10
2016101000100560.8,2016년 10월,월요일,서울특별시 광진구 자양동,경상사고,0,0,2,0,차대차 - 추돌,안전운전불이행,건조,맑음,단일로 - 기타,승용,남,51-60세,상해없음,화물,남,51-60세,기타불명,2016,10
2016101100100406.0,2016년 10월,화요일,서울특별시 광진구 광장동,경상사고,0,0,1,0,차대차 - 기타,안전운전불이행,건조,맑음,기타 - 기타,승용,여,41-50세,상해없음,승용,여,51-60세,경상,2016,10
2016101100100547.2,2016년 10월,화요일,서울특별시 광진구 구의동,중상사고,0,1,1,0,차대차 - 기타,안전운전불이행,건조,맑음,단일로 - 기타,원동기,남,41-50세,중상,원동기,남,31-40세,경상,2016,10
2016101200100079.2,2016년 10월,수요일,서울특별시 광진구 능동,경상사고,0,0,1,0,차대차 - 추돌,안전거리미확보,건조,맑음,단일로 - 기타,원동기,남,31-40세,경상,승용,남,41-50세,상해없음,2016,10
2016101200100184.0,2016년 10월,수요일,서울특별시 광진구 자양동,경상사고,0,0,1,0,차량단독 - 충돌,기타,건조,맑음,단일로 - 기타,승합,남,41-50세,기타불명,,,,,2016,10
2016101200100348.0,2016년 10월,수요일,서울특별시 광진구 구의동,경상사고,0,0,1,0,차대차 - 추돌,안전운전불이행,건조,맑음,교차로 - 교차로부근,승용,여,41-50세,상해없음,자전거,남,13-20세,경상,2016,10
2016101200100628.0,2016년 10월,수요일,서울특별시 광진구 광장동,중상사고,0,2,0,0,차대차 - 충돌,안전운전불이행,건조,맑음,교차로 - 교차로안,승용,남,21-30세,상해없음,승합,남,31-40세,중상,2016,10
2016101200100652.8,2016년 10월,수요일,서울특별시 광진구 화양동,경상사고,0,0,1,0,차대차 - 충돌,신호위반,건조,맑음,교차로 - 교차로안,승용,남,31-40세,상해없음,승용,남,21-30세,경상,2016,10
2016101400100032.0,2016년 10월,금요일,서울특별시 광진구 화양동,중상사고,0,1,0,0,차대차 - 충돌,안전운전불이행,건조,맑음,단일로 - 기타,승용,여,21-30세,상해없음,승용,남,31-40세,중상,2016,10
2016101400100099.2,2016년 10월,금요일,서울특별시 광진구 중곡동,중상사고,0,1,0,0,차대사람 - 길가장자리구역통행중,안전운전불이행,건조,맑음,단일로 - 기타,승용,여,41-50세,상해없음,보행자,여,13-20세,중상,2016,10
2016101400100372.0,2016년 10월,금요일,서울특별시 광진구 화양동,경상사고,0,0,1,0,차대차 - 추돌,안전운전불이행,건조,맑음,단일로 - 기타,승용,남,51-60세,상해없음,승용,여,41-50세,경상,2016,10
2016101400100372.8,2016년 10월,금요일,서울특별시 광진구 자양동,경상사고,0,0,3,0,차대차 - 추돌,안전거리미확보,건조,맑음,단일로 - 기타,승용,남,21-30세,상해없음,승용,여,41-50세,경상,2016,10
2016101500100024.8,2016년 10월,토요일,서울특별시 광진구 화양동,경상사고,0,0,3,0,차대차 - 추돌,안전운전불이행,건조,맑음,단일로 - 기타,승용,여,21-30세,상해없음,승용,남,51-60세,경상,2016,10
2016101500100376.8,2016년 10월,토요일,서울특별시 광진구 자양동,경상사고,0,0,1,0,차대차 - 충돌,안전거리미확보,건조,맑음,단일로 - 기타,원동기,남,20세 이하,경상,승용,남,41-50세,상해없음,2016,10