사고번호,발생년월,요일,시군구,사고내용,사망자수,중상자수,경상자수,부상신고자수,사고유형,법규위반,노면상태,기상상태,도로형태,가해운전자 차종,가해운전자 성별,가해운전자 연령대,가해운전자 상해정도,피해운전자 차종,피해운전자 성별,피해운전자 연령대,피해운전자 상해정도,발생년도,발생월
2016101500100378.0,2016년 10월,토요일,서울특별시 광진구 자양동,경상사고,0,0,1,0,차대차 - 충돌,안전운전불이행,건조,맑음,기타 - 기타,자전거,여,51-60세,경상,자전거,여,21-30세,상해없음,2016,10
2016101600100388.8,2016년 10월,일요일,서울특별시 광진구 자양동,경상사고,0,0,2,0,차대차 - 추돌,안전운전불이행,습기,비,단일로 - 교량,승용,남,51-60세,상해없음,승용,남,21-30세,경상,2016,10
2016101600100432.8,2016년 10월,일요일,서울특별시 광진구 중곡동,경상사고,0,0,1,0,차대차 - 충돌,교차로운행방법위반,습기,비,교차로 - 교차로안,원동기,남,51-60세,경상,승용,남,41-50세,상해없음,2016,10
2016101600100434.0,2016년 10월,일요일,서울특별시 광진구 구의동,경상사고,0,0,3,0,차대차 - 충돌,안전거리미확보,습기,비,단일로 - 기타,승합,남,51-60세,상해없음,승용,여,31-40세,경상,2016,10
2016101700100000.8,2016년 10월,월요일,서울특별시 광진구 구의동,경상사고,0,0,1,0,차대사람 - 기타,안전운전불이행,건조,맑음,단일로 - 기타,기타불명,기타불명,기타불명,기타불명,보행자,여,13-20세,경상,2016,10
2016101700100056.8,2016년 10월,월요일,서울특별시 광진구 구의동,경상사고,0,0,2,0,차대차 - 기타,안전운전불이행,건조,맑음,단일로 - 기타,승용,남,65세 이상,상해없음,승용,남,41-50세,경상,2016,10
2016101700100086.0,2016년 10월,월요일,서울특별시 광진구 자양동,중상사고,0,1,0,0,차량단독 - 충돌,안전운전불이행,건조,맑음,교차로 - 교차로부근,자전거,남,20세 이하,중상,,,,,2016,10
2016101700100640.8,2016년 10월,월요일,서울특별시 광진구 능동,경상사고,0,0,1,0,차대사람 - 기타,안전운전불이행,건조,맑음,단일로 - 기타,승용,여,41-50세,상해없음,보행자,남,13-20세,경상,2016,10
2016101800100242.0,2016년 10월,화요일,서울특별시 광진구 구의동,사망사고,1,0,0,0,차대사람 - 횡단중,안전운전불이행,건조,맑음,단일로 - 기타,화물,남,31-40세,상해없음,보행자,남,65세 이상,사망,2016,10
2016100000000000.0,2016년 10월,화요일,서울특별시 광진구 군자동,중상사고,0,1,0,0,차대차 - 충돌,안전운전불이행,건조,맑음,교차로 - 교차로부근,이륜,남,31-40세,상해없음,자전거,남,31-40세,중상,2016,10
2016101900100034.0,2016년 10월,수요일,서울특별시 광진구 군자동,중상사고,0,1,2,0,차대차 - 충돌,안전운전불이행,건조,맑음,단일로 - 기타,원동기,남,21-30세,경상,원동기,남,51-60세,경상,2016,10
2016101900100396.8,2016년 10월,수요일,서울특별시 광진구 자양동,경상사고,0,0,1,0,차대사람 - 횡단중,신호위반,건조,맑음,단일로 - 횡단보도상,이륜,기타불명,기타불명,기타불명,보행자,남,13-20세,경상,2016,10
2016101900100599.2,2016년 10월,수요일,서울특별시 광진구 구의동,경상사고,0,0,1,0,차대차 - 충돌,안전운전불이행,건조,맑음,단일로 - 기타,승용,남,21-30세,경상,자전거,여,13-20세,상해없음,2016,10
2016102000100299.2,2016년 10월,목요일,서울특별시 광진구 광장동,경상사고,0,0,1,0,차대사람 - 횡단중,보행자보호의무위반,건조,맑음,단일로 - 횡단보도상,승용,여,65세 이상,상해없음,보행자,여,51-60세,경상,2016,10
2016102100100744.8,2016년 10월,금요일,서울특별시 광진구 자양동,부상신고사고,0,0,0,1,차대차 - 충돌,안전거리미확보,건조,맑음,단일로 - 기타,승용,남,31-40세,상해없음,원동기,남,13-20세,부상신고,2016,10
2016102300100002.0,2016년 10월,일요일,서울특별시 광진구 화양동,경상사고,0,0,1,0,차대사람 - 차도통행중,안전운전불이행,건조,맑음,단일로 - 기타,승용,남,20세 이하,상해없음,보행자,여,21-30세,경상,2016,10
2016100000000000.0,2016년 10월,일요일,서울특별시 광진구 구의동,경상사고,0,0,1,0,차대차 - 추돌,안전거리미확보,건조,맑음,교차로 - 교차로안,원동기,남,51-60세,상해없음,원동기,남,21-30세,경상,2016,10
2016102400100066.0,2016년 10월,월요일,서울특별시 광진구 광장동,중상사고,0,1,0,0,차대차 - 충돌,안전운전불이행,건조,맑음,단일로 - 기타,이륜,남,41-50세,상해없음,자전거,남,51-60세,중상,2016,10
2016100000000000.0,2016년 10월,월요일,서울특별시 광진구 군자동,경상사고,0,0,1,0,차대차 - 충돌,직진우회전진행방해,건조,맑음,교차로 - 교차로안,승용,여,41-50세,상해없음,자전거,남,21-30세,경상,2016,10
2016102400100414.0,2016년 10월,월요일,서울특별시 광진구 구의동,경상사고,0,0,1,0,차대사람 - 기타,안전운전불이행,건조,맑음,단일로 - 기타,승용,여,61-64세,상해없음,보행자,남,21-30세,경상,2016,10
2016102400100607.2,2016년 10월,월요일,서울특별시 광진구 구의동,경상사고,0,0,1,0,차대사람 - 횡단중,보행자보호의무위반,건조,맑음,단일로 - 횡단보도상,이륜,기타불명,기타불명,기타불명,보행자,남,41-50세,경상,2016,10
2016102400100694.0,2016년 10월,월요일,서울특별시 광진구 자양동,경상사고,0,0,1,0,차대차 - 충돌,안전운전불이행,건조,맑음,단일로 - 기타,승용,남,61-64세,상해없음,승용,여,21-30세,경상,2016,10
2016102500100002.0,2016년 10월,화요일,서울특별시 광진구 구의동,경상사고,0,0,2,0,차대차 - 충돌,안전운전불이행,습기,비,교차로 - 교차로부근,승용,남,21-30세,상해없음,승용,남,65세 이상,경상,2016,10
2016102500100063.2,2016년 10월,화요일,서울특별시 광진구 자양동,경상사고,0,0,1,0,차대차 - 기타,안전운전불이행,습기,비,단일로 - 기타,승용,남,21-30세,상해없음,승용,남,51-60세,경상,2016,10
2016102600100282.0,2016년 10월,수요일,서울특별시 광진구 구의동,중상사고,0,1,0,0,차대차 - 기타,안전거리미확보,건조,맑음,단일로 - 기타,승용,남,65세 이상,상해없음,원동기,남,65세 이상,중상,2016,10
2016102600100283.2,2016년 10월,수요일,서울특별시 광진구 구의동,경상사고,0,0,1,0,차대사람 - 기타,기타,건조,맑음,단일로 - 기타,자전거,기타불명,기타불명,기타불명,보행자,여,31-40세,경상,2016,10
2016102700100002.0,2016년 10월,목요일,서울특별시 광진구 군자동,경상사고,0,0,1,0,차대차 - 충돌,신호위반,건조,맑음,교차로 - 교차로안,승용,남,41-50세,상해없음,승용,남,51-60세,경상,2016,10
2016102700100136.8,2016년 10월,목요일,서울특별시 광진구 능동,중상사고,0,1,3,0,차대차 - 충돌,안전운전불이행,건조,맑음,단일로 - 기타,승용,남,65세 이상,상해없음,승용,여,41-50세,경상,2016,10
2016102700100138.0,2016년 10월,목요일,서울특별시 광진구 자양동,경상사고,0,0,1,0,차대차 - 기타,안전운전불이행,건조,맑음,단일로 - 기타,승용,남,61-64세,상해없음,원동기,남,21-30세,경상,2016,10
2016102700100194.0,2016년 10월,목요일,서울특별시 광진구 자양동,경상사고,0,0,1,0,차대차 - 충돌,직진우회전진행방해,건조,맑음,교차로 - 교차로안,원동기,남,20세 이하,상해없음,자전거,여,41-50세,경상,2016,10
2016102800100036.8,2016년 10월,금요일,서울특별시 광진구 능동,경상사고,0,0,1,0,차대차 - 추돌,안전운전불이행,건조,맑음,교차로 - 교차로부근,승용,남,41-50세,상해없음,승용,남,51-60세,경상,2016,10
2016102800100171.2,2016년 10월,금요일,서울특별시 광진구 광장동,경상사고,0,0,1,0,차대차 - 추돌,기타,건조,맑음,교차로 - 교차로안,승용,남,65세 이상,상해없음,원동기,남,13-20세,경상,2016,10
2016102800100332.0,2016년 10월,금요일,서울특별시 광진구 군자동,중상사고,0,1,0,0,차대사람 - 기타,기타,건조,흐림,단일로 - 기타,자전거,남,51-60세,상해없음,보행자,여,51-60세,중상,2016,10
2016102900100128.0,2016년 10월,토요일,서울특별시 광진구 중곡동,중상사고,0,1,0,0,차대차 - 충돌,안전거리미확보,건조,맑음,단일로 - 기타,승용,남,31-40세,상해없음,승용,남,51-60세,중상,2016,10
2016102900100434.0,2016년 10월,토요일,서울특별시 광진구 중곡동,경상사고,0,0,1,0,차대사람 - 기타,신호위반,건조,맑음,단일로 - 기타,승용,남,65세 이상,상해없음,보행자,여,51-60세,경상,2016,10
2016103000100364.8,2016년 10월,일요일,서울특별시 광진구 중곡동,중상사고,0,1,0,0,차대차 - 충돌,신호위반,건조,맑음,교차로 - 교차로안,자전거,남,65세 이상,중상,승용,남,51-60세,상해없음,2016,10
2016103000100428.8,2016년 10월,일요일,서울특별시 광진구 군자동,중상사고,0,1,1,0,차대차 - 충돌,신호위반,건조,맑음,교차로 - 교차로안,승용,남,31-40세,상해없음,승용,남,61-64세,중상,2016,10
2016103100100051.2,2016년 10월,월요일,서울특별시 광진구 구의동,중상사고,0,1,0,0,차대차 - 추돌,안전운전불이행,건조,맑음,단일로 - 기타,승용,남,51-60세,상해없음,화물,남,51-60세,중상,2016,10
2016103100100192.0,2016년 10월,월요일,서울특별시 광진구 구의동,경상사고,0,0,1,0,차대차 - 충돌,안전운전불이행,건조,맑음,단일로 - 기타,건설기계,남,41-50세,상해없음,승용,여,41-50세,경상,2016,10
2016103100100606.0,2016년 10월,월요일,서울특별시 광진구 자양동,중상사고,0,1,0,0,차대사람 - 횡단중,신호위반,건조,맑음,단일로 - 기타,원동기,기타불명,기타불명,기타불명,보행자,여,31-40세,중상,2016,10
2016110000000000.0,2016년 11월,수요일,서울특별시 광진구 화양동,경상사고,0,0,1,0,차대사람 - 기타,안전운전불이행,건조,맑음,단일로 - 기타,원동기,남,21-30세,상해없음,보행자,여,21-30세,경상,2016,11
2016110200100275.2,2016년 11월,수요일,서울특별시 광진구 자양동,중상사고,0,1,0,0,차대차 - 충돌,안전운전불이행,건조,맑음,교차로 - 교차로안,승용,여,31-40세,상해없음,원동기,남,61-64세,중상,2016,11
2016110000000000.0,2016년 11월,목요일,서울특별시 광진구 자양동,중상사고,0,3,0,1,차대사람 - 기타,안전운전불이행,건조,맑음,기타 - 기타,승용,남,65세 이상,중상,보행자,여,31-40세,중상,2016,11
2016110300100462.0,2016년 11월,목요일,서울특별시 광진구 광장동,경상사고,0,0,1,0,차대차 - 충돌,불법유턴,건조,맑음,단일로 - 기타,승용,남,65세 이상,상해없음,승용,여,41-50세,경상,2016,11
2016110000000000.0,2016년 11월,금요일,서울특별시 광진구 구의동,경상사고,0,0,1,0,차대차 - 기타,신호위반,건조,맑음,교차로 - 교차로안,승용,남,51-60세,상해없음,자전거,여,65세 이상,경상,2016,11
2016110400100288.0,2016년 11월,금요일,서울특별시 광진구 중곡동,중상사고,0,1,0,0,차대사람 - 횡단중,보행자보호의무위반,건조,맑음,단일로 - 횡단보도상,승용,여,65세 이상,상해없음,보행자,여,61-64세,중상,2016,11
2016110400100376.8,2016년 11월,금요일,서울특별시 광진구 자양동,경상사고,0,0,1,0,차대차 - 충돌,안전거리미확보,건조,맑음,단일로 - 기타,원동기,남,65세 이상,경상,화물,남,51-60세,상해없음,2016,11
2016110400100378.0,2016년 11월,금요일,서울특별시 광진구 자양동,경상사고,0,0,1,0,차대차 - 추돌,안전운전불이행,건조,맑음,단일로 - 기타,원동기,남,65세 이상,상해없음,이륜,남,31-40세,경상,2016,11
2016110500100196.8,2016년 11월,토요일,서울특별시 광진구 구의동,경상사고,0,0,1,0,차대사람 - 횡단중,안전운전불이행,건조,맑음,단일로 - 횡단보도상,승용,여,41-50세,상해없음,보행자,여,61-64세,경상,2016,11
2016110000000000.0,2016년 11월,일요일,서울특별시 광진구 자양동,경상사고,0,0,1,0,차대차 - 충돌,신호위반,건조,맑음,교차로 - 교차로부근,승용,남,65세 이상,상해없음,원동기,남,21-30세,경상,2016,11
2016110600100064.8,2016년 11월,일요일,서울특별시 광진구 중곡동,중상사고,0,1,0,0,차량단독 - 전도전복,안전운전불이행,건조,맑음,단일로 - 기타,원동기,남,21-30세,중상,,,,,2016,11
2016110600100122.0,2016년 11월,일요일,서울특별시 광진구 중곡동,경상사고,0,0,1,0,차대사람 - 기타,안전운전불이행,건조,맑음,교차로 - 교차로부근,승용,여,51-60세,상해없음,보행자,남,21-30세,경상,2016,11
2016110600100156.8,2016년 11월,일요일,서울특별시 광진구 자양동,경상사고,0,0,1,0,차대차 - 추돌,안전거리미확보,건조,맑음,단일로 - 기타,승용,남,21-30세,기타불명,승용,여,31-40세,경상,2016,11
2016110600100479.2,2016년 11월,일요일,서울특별시 광진구 화양동,경상사고,0,0,2,0,차대사람 - 기타,안전운전불이행,기타,기타,단일로 - 기타,원동기,남,20세 이하,경상,보행자,남,21-30세,경상,2016,11
2016110700100386.0,2016년 11월,월요일,서울특별시 광진구 군자동,경상사고,0,0,2,0,차대차 - 추돌,안전거리미확보,습기,비,단일로 - 기타,승용,남,51-60세,상해없음,승용,남,51-60세,경상,2016,11
2016110700100676.8,2016년 11월,월요일,서울특별시 광진구 화양동,경상사고,0,0,1,0,차대사람 - 기타,안전운전불이행,건조,흐림,단일로 - 기타,승용,기타불명,기타불명,기타불명,보행자,여,21-30세,경상,2016,11
2016110800100171.2,2016년 11월,화요일,서울특별시 광진구 구의동,경상사고,0,0,1,0,차대차 - 추돌,안전거리미확보,건조,맑음,교차로 - 교차로부근,승용,남,65세 이상,상해없음,승용,남,31-40세,경상,2016,11
2016110900100022.0,2016년 11월,수요일,서울특별시 광진구 자양동,중상사고,0,1,0,0,차대사람 - 횡단중,안전운전불이행,건조,맑음,단일로 - 기타,승용,남,51-60세,상해없음,보행자,남,31-40세,중상,2016,11
2016110900100158.0,2016년 11월,수요일,서울특별시 광진구 자양동,중상사고,0,1,0,0,차대사람 - 횡단중,안전운전불이행,건조,맑음,단일로 - 기타,승용,남,31-40세,상해없음,보행자,여,51-60세,중상,2016,11
2016110900100308.8,2016년 11월,수요일,서울특별시 광진구 자양동,중상사고,0,1,0,0,차대차 - 추돌,안전운전불이행,건조,맑음,교차로 - 교차로부근,승용,여,65세 이상,상해없음,승용,여,31-40세,상해없음,2016,11
2016110900100348.0,2016년 11월,수요일,서울특별시 광진구 군자동,중상사고,0,1,0,0,차대차 - 기타,기타,건조,맑음,단일로 - 기타,승용,남,65세 이상,상해없음,원동기,남,51-60세,중상,2016,11
2016111000100135.2,2016년 11월,목요일,서울특별시 광진구 능동,경상사고,0,0,1,0,차대차 - 추돌,안전거리미확보,건조,흐림,단일로 - 기타,승용,남,51-60세,상해없음,승용,남,41-50세,경상,2016,11
2016111000100187.2,2016년 11월,목요일,서울특별시 광진구 자양동,경상사고,0,0,1,0,차대차 - 추돌,안전운전불이행,건조,흐림,단일로 - 교량,승용,남,21-30세,상해없음,승용,남,41-50세,경상,2016,11
2016111000100208.8,2016년 11월,목요일,서울특별시 광진구 화양동,경상사고,0,0,1,0,차대차 - 기타,안전운전불이행,건조,맑음,교차로 - 교차로부근,자전거,남,21-30세,경상,승용,남,41-50세,상해없음,2016,11
2016110000000000.0,2016년 11월,목요일,서울특별시 광진구 중곡동,경상사고,0,0,1,0,차대차 - 충돌,안전운전불이행,건조,맑음,단일로 - 기타,승용,남,41-50세,상해없음,승용,남,51-60세,경상,2016,11
2016111100100622.0,2016년 11월,금요일,서울특별시 광진구 자양동,경상사고,0,0,1,0,차대차 - 기타,안전거리미확보,건조,맑음,단일로 - 기타,승용,여,41-50세,상해없음,승용,남,21-30세,경상,2016,11
2016111100100712.8,2016년 11월,금요일,서울특별시 광진구 군자동,경상사고,0,0,1,0,차대차 - 충돌,안전운전불이행,건조,맑음,단일로 - 기타,승용,남,21-30세,상해없음,자전거,남,65세 이상,경상,2016,11
2016111200100003.2,2016년 11월,토요일,서울특별시 광진구 자양동,경상사고,0,0,1,0,차대차 - 충돌,안전거리미확보,건조,맑음,교차로 - 교차로부근,승용,남,61-64세,상해없음,승용,여,61-64세,경상,2016,11
2016111300100002.0,2016년 11월,일요일,서울특별시 광진구 화양동,경상사고,0,0,1,0,차대차 - 추돌,안전거리미확보,건조,맑음,단일로 - 기타,승용,남,65세 이상,상해없음,승용,남,31-40세,경상,2016,11
2016111300100296.8,2016년 11월,일요일,서울특별시 광진구 능동,중상사고,0,1,0,0,차대사람 - 기타,안전운전불이행,건조,맑음,단일로 - 기타,승합,남,51-60세,상해없음,보행자,남,61-64세,중상,2016,11
2016111300100418.0,2016년 11월,일요일,서울특별시 광진구 능동,중상사고,0,1,0,0,차대차 - 추돌,안전거리미확보,건조,맑음,단일로 - 기타,승용,남,51-60세,상해없음,승용,여,31-40세,중상,2016,11
2016111400100220.8,2016년 11월,월요일,서울특별시 광진구 자양동,중상사고,0,1,0,0,차대차 - 충돌,중앙선침범,건조,맑음,단일로 - 기타,원동기,남,51-60세,상해없음,원동기,남,41-50세,중상,2016,11
2016111400100319.2,2016년 11월,월요일,서울특별시 광진구 구의동,경상사고,0,0,1,0,차대차 - 기타,안전운전불이행,기타,기타,단일로 - 기타,승용,여,31-40세,상해없음,자전거,남,21-30세,경상,2016,11
2016111400100374.0,2016년 11월,월요일,서울특별시 광진구 군자동,중상사고,0,1,0,0,차대사람 - 횡단중,안전운전불이행,건조,맑음,단일로 - 기타,승합,남,51-60세,상해없음,보행자,여,65세 이상,중상,2016,11
2016111500100000.8,2016년 11월,화요일,서울특별시 광진구 중곡동,중상사고,0,1,0,0,차대차 - 기타,안전운전불이행,건조,맑음,단일로 - 기타,승용,남,51-60세,상해없음,승용,남,51-60세,상해없음,2016,11
2016111500100024.0,2016년 11월,화요일,서울특별시 광진구 중곡동,중상사고,0,1,0,0,차대사람 - 횡단중,안전운전불이행,건조,맑음,교차로 - 교차로안,화물,남,65세 이상,상해없음,보행자,남,51-60세,중상,2016,11
2016110000000000.0,2016년 11월,화요일,서울특별시 광진구 구의동,경상사고,0,0,1,0,차대차 - 충돌,안전거리미확보,건조,맑음,단일로 - 기타,승합,남,51-60세,상해없음,승용,남,31-40세,경상,2016,11
2016111500100678.0,2016년 11월,화요일,서울특별시 광진구 군자동,경상사고,0,0,1,0,차대차 - 충돌,기타,건조,맑음,단일로 - 기타,승용,남,41-50세,기타불명,이륜,남,31-40세,경상,2016,11
2016111600100000.8,2016년 11월,수요일,서울특별시 광진구 군자동,중상사고,0,1,0,0,차대차 - 추돌,안전거리미확보,건조,맑음,교차로 - 교차로부근,승용,남,65세 이상,상해없음,승용,남,51-60세,중상,2016,11
2016111600100208.8,2016년 11월,수요일,서울특별시 광진구 화양동,경상사고,0,0,1,0,차대차 - 충돌,안전운전불이행,건조,맑음,단일로 - 기타,자전거,남,65세 이상,경상,승용,남,51-60세,상해없음,2016,11
2016111600100456.8,2016년 11월,수요일,서울특별시 광진구 자양동,중상사고,0,1,0,0,차대사람 - 횡단중,보행자보호의무위반,건조,맑음,단일로 - 횡단보도상,승용,여,41-50세,상해없음,보행자,여,21-30세,중상,2016,11
2016111600100672.0,2016년 11월,수요일,서울특별시 광진구 능동,경상사고,0,0,1,0,차대차 - 충돌,안전거리미확보,건조,맑음,단일로 - 기타,승용,남,51-60세,상해없음,원동기,남,21-30세,경상,2016,11
2016111700100088.0,2016년 11월,목요일,서울특별시 광진구 구의동,부상신고사고,0,0,0,1,차대사람 - 기타,안전운전불이행,건조,맑음,단일로 - 기타,승용,남,51-60세,상해없음,보행자,여,65세 이상,부상신고,2016,11
2016111700100088.8,2016년 11월,목요일,서울특별시 광진구 화양동,경상사고,0,0,1,0,차대사람 - 기타,안전운전불이행,건조,맑음,단일로 - 기타,원동기,남,21-30세,상해없음,보행자,여,13-20세,경상,2016,11
2016111700100135.2,2016년 11월,목요일,서울특별시 광진구 화양동,중상사고,0,1,0,0,차대사람 - 횡단중,안전운전불이행,건조,맑음,단일로 - 기타,원동기,남,51-60세,상해없음,보행자,여,41-50세,중상,2016,11
2016111700100336.0,2016년 11월,목요일,서울특별시 광진구 구의동,경상사고,0,0,1,0,차대차 - 기타,신호위반,건조,맑음,교차로 - 교차로부근,승용,남,41-50세,상해없음,원동기,남,31-40세,경상,2016,11
2016111700100459.2,2016년 11월,목요일,서울특별시 광진구 자양동,경상사고,0,0,1,0,차대차 - 추돌,안전운전불이행,건조,맑음,단일로 - 기타,승용,여,41-50세,상해없음,승용,남,41-50세,경상,2016,11
2016111700100662.0,2016년 11월,목요일,서울특별시 광진구 자양동,경상사고,0,0,1,0,차대사람 - 횡단중,안전운전불이행,건조,맑음,단일로 - 기타,승용,남,51-60세,상해없음,보행자,남,21-30세,경상,2016,11
2016111900100628.0,2016년 11월,토요일,서울특별시 광진구 구의동,경상사고,0,0,1,0,차대차 - 기타,안전운전불이행,건조,맑음,단일로 - 기타,승용,남,31-40세,상해없음,원동기,남,41-50세,경상,2016,11
2016111900100691.2,2016년 11월,토요일,서울특별시 광진구 자양동,중상사고,0,1,0,0,차량단독 - 기타,안전운전불이행,건조,맑음,단일로 - 기타,자전거,남,51-60세,중상,,,,,2016,11
2016112000100000.8,2016년 11월,일요일,서울특별시 광진구 구의동,중상사고,0,1,0,0,차대차 - 기타,중앙선침범,건조,맑음,단일로 - 기타,승합,남,41-50세,상해없음,승용,남,51-60세,중상,2016,11
2016112000100036.8,2016년 11월,일요일,서울특별시 광진구 화양동,경상사고,0,0,1,0,차대차 - 기타,안전운전불이행,건조,맑음,단일로 - 기타,승용,여,61-64세,상해없음,승용,남,51-60세,경상,2016,11
2016112000100136.0,2016년 11월,일요일,서울특별시 광진구 광장동,중상사고,0,1,0,0,차대차 - 기타,안전운전불이행,건조,맑음,단일로 - 기타,특수,남,31-40세,상해없음,승합,남,51-60세,중상,2016,11
2016112000100164.8,2016년 11월,일요일,서울특별시 광진구 중곡동,중상사고,0,1,0,0,차대차 - 충돌,기타,건조,맑음,단일로 - 기타,승용,남,31-40세,상해없음,자전거,여,51-60세,중상,2016,11
2016112000100356.0,2016년 11월,일요일,서울특별시 광진구 자양동,중상사고,0,1,0,0,차대사람 - 기타,안전운전불이행,건조,맑음,단일로 - 기타,자전거,남,20세 이하,상해없음,보행자,여,51-60세,중상,2016,11
2016112000100388.8,2016년 11월,일요일,서울특별시 광진구 중곡동,중상사고,0,1,0,0,차대사람 - 횡단중,안전운전불이행,건조,맑음,단일로 - 기타,승용,남,51-60세,상해없음,보행자,여,61-64세,중상,2016,11
2016112000100504.8,2016년 11월,일요일,서울특별시 광진구 구의동,경상사고,0,0,1,0,차대차 - 추돌,안전운전불이행,건조,맑음,단일로 - 기타,승용,남,51-60세,상해없음,승합,남,51-60세,경상,2016,11
2016112100100044.0,2016년 11월,월요일,서울특별시 광진구 화양동,경상사고,0,0,2,0,차대차 - 추돌,안전운전불이행,건조,맑음,단일로 - 기타,승용,남,31-40세,상해없음,승용,남,41-50세,경상,2016,11
2016112100100172.0,2016년 11월,월요일,서울특별시 광진구 광장동,경상사고,0,0,1,0,차대차 - 기타,안전운전불이행,건조,맑음,단일로 - 기타,승용,남,31-40세,상해없음,승용,여,51-60세,경상,2016,11
2016112100100294.0,2016년 11월,월요일,서울특별시 광진구 자양동,중상사고,0,1,0,0,차대사람 - 횡단중,안전운전불이행,건조,맑음,단일로 - 횡단보도상,승용,남,61-64세,상해없음,보행자,남,65세 이상,중상,2016,11
2016112200100000.8,2016년 11월,화요일,서울특별시 광진구 능동,중상사고,0,1,0,0,차대사람 - 기타,안전운전불이행,건조,맑음,단일로 - 기타,승합,남,21-30세,상해없음,보행자,남,31-40세,중상,2016,11
2016112200100335.2,2016년 11월,화요일,서울특별시 광진구 중곡동,경상사고,0,0,1,0,차대차 - 추돌,안전운전불이행,건조,맑음,단일로 - 기타,승용,여,31-40세,상해없음,승합,남,51-60세,경상,2016,11
2016112300100002.0,2016년 11월,수요일,서울특별시 광진구 중곡동,경상사고,0,0,1,0,차대차 - 추돌,안전운전불이행,건조,맑음,단일로 - 기타,승용,남,41-50세,기타불명,승용,남,65세 이상,경상,2016,11
2016110000000000.0,2016년 11월,수요일,서울특별시 광진구 자양동,중상사고,0,1,1,0,차대차 - 추돌,안전거리미확보,건조,맑음,단일로 - 기타,승용,남,41-50세,상해없음,승용,남,51-60세,중상,2016,11
2016112300100112.8,2016년 11월,수요일,서울특별시 광진구 중곡동,중상사고,0,1,0,0,차대사람 - 횡단중,안전운전불이행,건조,맑음,단일로 - 기타,승용,여,61-64세,상해없음,보행자,여,41-50세,중상,2016,11
2016112300100608.8,2016년 11월,수요일,서울특별시 광진구 광장동,경상사고,0,0,4,0,차대차 - 추돌,안전운전불이행,건조,맑음,단일로 - 기타,승용,남,41-50세,상해없음,승용,남,21-30세,경상,2016,11
2016112400100036.8,2016년 11월,목요일,서울특별시 광진구 화양동,경상사고,0,0,1,0,차대차 - 충돌,안전운전불이행,건조,맑음,단일로 - 기타,승용,남,65세 이상,상해없음,승용,남,31-40세,경상,2016,11
2016112400100484.8,2016년 11월,목요일,서울특별시 광진구 중곡동,중상사고,0,1,0,0,차대차 - 충돌,안전운전불이행,건조,맑음,단일로 - 기타,이륜,남,41-50세,중상,화물,남,21-30세,상해없음,2016,11
2016110000000000.0,2016년 11월,토요일,서울특별시 광진구 화양동,중상사고,0,1,0,0,차대차 - 추돌,안전운전불이행,건조,맑음,단일로 - 기타,승용,남,51-60세,상해없음,승용,남,51-60세,상해없음,2016,11
2016112600100532.0,2016년 11월,토요일,서울특별시 광진구 자양동,중상사고,0,1,0,0,차대차 - 충돌,안전운전불이행,건조,흐림,교차로 - 교차로부근,승용,남,51-60세,상해없음,원동기,남,51-60세,중상,2016,11
2016112600100532.8,2016년 11월,토요일,서울특별시 광진구 자양동,경상사고,0,0,1,0,차대차 - 기타,기타,습기,비,단일로 - 기타,승용,남,51-60세,상해없음,원동기,남,51-60세,경상,2016,11
2016112600100644.0,2016년 11월,토요일,서울특별시 광진구 자양동,경상사고,0,0,7,0,차대차 - 추돌,안전운전불이행,건조,맑음,단일로 - 기타,승용,남,61-64세,상해없음,승용,남,61-64세,경상,2016,11
2016112700100004.0,2016년 11월,일요일,서울특별시 광진구 화양동,중상사고,0,1,0,0,차대차 - 충돌,기타,건조,맑음,단일로 - 기타,승용,남,31-40세,상해없음,원동기,남,41-50세,중상,2016,11
2016112700100356.8,2016년 11월,일요일,서울특별시 광진구 자양동,경상사고,0,0,2,0,차대차 - 기타,안전거리미확보,건조,맑음,단일로 - 기타,승용,남,21-30세,상해없음,승용,여,51-60세,경상,2016,11
2016112800100292.8,2016년 11월,월요일,서울특별시 광진구 군자동,중상사고,0,1,0,0,차량단독 - 기타,기타,건조,맑음,단일로 - 기타,승합,남,41-50세,상해없음,,,,,2016,11
2016112800100664.0,2016년 11월,월요일,서울특별시 광진구 구의동,중상사고,0,1,0,0,차대사람 - 횡단중,안전운전불이행,건조,맑음,교차로 - 교차로부근,승용,남,41-50세,상해없음,보행자,여,51-60세,중상,2016,11
2016112900100054.0,2016년 11월,화요일,서울특별시 광진구 자양동,중상사고,0,1,3,0,차대차 - 충돌,중앙선침범,건조,맑음,단일로 - 기타,승합,남,31-40세,상해없음,승합,남,41-50세,중상,2016,11
2016112900100612.8,2016년 11월,화요일,서울특별시 광진구 중곡동,경상사고,0,0,1,0,차대차 - 추돌,안전운전불이행,건조,맑음,단일로 - 기타,기타불명,기타불명,기타불명,기타불명,승용,남,61-64세,경상,2016,11