사고번호,발생년월,요일,시군구,사고내용,사망자수,중상자수,경상자수,부상신고자수,사고유형,법규위반,노면상태,기상상태,도로형태,가해운전자 차종,가해운전자 성별,가해운전자 연령대,가해운전자 상해정도,피해운전자 차종,피해운전자 성별,피해운전자 연령대,피해운전자 상해정도,발생년도,발생월
2017030200100039.2,2017년 3월,목요일,서울특별시 광진구 중곡동,경상사고,0,0,1,0,차대차 - 충돌,안전운전불이행,젖음/습기,비,단일로 - 기타,승용,남,51-60세,상해없음,승용,남,31-40세,경상,2017,3
2017030200100263.2,2017년 3월,목요일,서울특별시 광진구 자양동,중상사고,0,1,0,0,차대사람 - 기타,안전운전불이행,건조,맑음,단일로 - 기타,자전거,여,51-60세,상해없음,보행자,여,65세 이상,중상,2017,3
2017030200100372.8,2017년 3월,목요일,서울특별시 광진구 자양동,중상사고,0,1,0,0,차대사람 - 기타,기타,건조,맑음,단일로 - 기타,승합,남,41-50세,기타불명,보행자,여,65세 이상,중상,2017,3
2017030200100468.8,2017년 3월,목요일,서울특별시 광진구 구의동,경상사고,0,0,1,0,차대차 - 충돌,안전운전불이행,건조,맑음,단일로 - 기타,승용,남,41-50세,경상,승용,남,41-50세,상해없음,2017,3
2017030300100124.8,2017년 3월,금요일,서울특별시 광진구 광장동,중상사고,0,1,0,0,차대차 - 기타,기타,건조,맑음,단일로 - 교량,승합,남,41-50세,상해없음,승용,남,21-30세,상해없음,2017,3
2017030300100246.0,2017년 3월,금요일,서울특별시 광진구 화양동,경상사고,0,0,1,0,차대사람 - 기타,기타,건조,흐림,기타 - 기타,자전거,여,31-40세,상해없음,보행자,남,21-30세,경상,2017,3
2017030400100008.8,2017년 3월,토요일,서울특별시 광진구 중곡동,중상사고,0,1,0,0,차대차 - 충돌,안전운전불이행,건조,맑음,교차로 - 교차로안,원동기,남,20세 이하,중상,승용,남,61-64세,상해없음,2017,3
2017030000000000.0,2017년 3월,토요일,서울특별시 광진구 군자동,경상사고,0,0,2,0,차대차 - 추돌,안전운전불이행,건조,맑음,단일로 - 기타,승용,남,31-40세,상해없음,승용,남,65세 이상,경상,2017,3
2017030000000000.0,2017년 3월,토요일,서울특별시 광진구 구의동,중상사고,0,2,0,0,차대차 - 충돌,신호위반,건조,맑음,교차로 - 교차로안,화물,남,65세 이상,상해없음,승용,남,41-50세,중상,2017,3
2017030400100448.0,2017년 3월,토요일,서울특별시 광진구 자양동,부상신고사고,0,0,0,1,차대차 - 충돌,기타,건조,맑음,단일로 - 기타,승용,남,51-60세,상해없음,원동기,남,21-30세,부상신고,2017,3
2017030500100008.0,2017년 3월,일요일,서울특별시 광진구 화양동,중상사고,0,2,0,0,차대차 - 충돌,중앙선침범,건조,맑음,단일로 - 기타,승용,남,41-50세,상해없음,원동기,남,21-30세,중상,2017,3
2017030500100008.8,2017년 3월,일요일,서울특별시 광진구 광장동,경상사고,0,0,1,0,차대사람 - 횡단중,보행자보호의무위반,건조,맑음,단일로 - 교량,승용,남,51-60세,상해없음,보행자,남,12세 이하,경상,2017,3
2017030500100048.8,2017년 3월,일요일,서울특별시 광진구 자양동,경상사고,0,0,1,0,차대차 - 추돌,안전거리미확보,기타,기타,단일로 - 기타,승용,남,21-30세,상해없음,승용,남,61-64세,경상,2017,3
2017030500100388.0,2017년 3월,일요일,서울특별시 광진구 광장동,경상사고,0,0,1,0,차대차 - 충돌,안전운전불이행,젖음/습기,비,교차로 - 교차로부근,승용,남,51-60세,상해없음,승용,남,31-40세,경상,2017,3
2017030500100427.2,2017년 3월,일요일,서울특별시 광진구 자양동,중상사고,0,1,1,0,차대사람 - 횡단중,안전운전불이행,젖음/습기,흐림,단일로 - 기타,승합,남,51-60세,상해없음,보행자,여,41-50세,중상,2017,3
2017030600100166.0,2017년 3월,월요일,서울특별시 광진구 화양동,경상사고,0,0,1,0,차대차 - 충돌,안전운전불이행,건조,맑음,교차로 - 교차로안,자전거,여,51-60세,경상,승용,남,65세 이상,상해없음,2017,3
2017030600100447.2,2017년 3월,월요일,서울특별시 광진구 자양동,경상사고,0,0,2,0,차대차 - 충돌,안전거리미확보,건조,맑음,단일로 - 기타,승용,남,31-40세,상해없음,승용,남,31-40세,경상,2017,3
2017030600100556.0,2017년 3월,월요일,서울특별시 광진구 구의동,경상사고,0,0,1,0,차대차 - 추돌,안전운전불이행,건조,맑음,단일로 - 기타,승용,여,31-40세,상해없음,화물,남,51-60세,경상,2017,3
2017030600100556.8,2017년 3월,월요일,서울특별시 광진구 군자동,중상사고,0,1,0,0,차대차 - 추돌,안전운전불이행,건조,맑음,단일로 - 기타,승용,남,41-50세,상해없음,자전거,남,31-40세,중상,2017,3
2017030700100147.2,2017년 3월,화요일,서울특별시 광진구 자양동,중상사고,0,1,0,0,차대사람 - 기타,기타,건조,맑음,단일로 - 기타,화물,남,41-50세,상해없음,보행자,여,51-60세,중상,2017,3
2017030700100175.2,2017년 3월,화요일,서울특별시 광진구 중곡동,중상사고,0,1,0,0,차대차 - 충돌,신호위반,건조,맑음,단일로 - 교량,화물,남,31-40세,상해없음,자전거,남,65세 이상,중상,2017,3
2017030700100199.2,2017년 3월,화요일,서울특별시 광진구 자양동,경상사고,0,0,1,0,차대차 - 추돌,안전거리미확보,건조,맑음,단일로 - 교량,승용,남,41-50세,상해없음,승용,여,41-50세,경상,2017,3
2017030800100072.0,2017년 3월,수요일,서울특별시 광진구 군자동,경상사고,0,0,1,0,차대차 - 충돌,안전거리미확보,건조,맑음,단일로 - 기타,승용,남,61-64세,상해없음,화물,남,51-60세,상해없음,2017,3
2017030800100420.8,2017년 3월,수요일,서울특별시 광진구 구의동,경상사고,0,0,1,0,차대차 - 충돌,안전운전불이행,건조,맑음,교차로 - 교차로안,승용,여,51-60세,상해없음,자전거,남,51-60세,경상,2017,3
2017031000100012.8,2017년 3월,금요일,서울특별시 광진구 구의동,중상사고,0,1,0,0,차대차 - 기타,안전운전불이행,건조,맑음,교차로 - 교차로안,승용,남,51-60세,상해없음,승용,남,21-30세,상해없음,2017,3
2017031000100424.8,2017년 3월,금요일,서울특별시 광진구 화양동,경상사고,0,0,1,0,차대차 - 기타,기타,건조,흐림,단일로 - 기타,승용,남,65세 이상,상해없음,이륜,남,21-30세,경상,2017,3
2017031100100114.0,2017년 3월,토요일,서울특별시 광진구 구의동,경상사고,0,0,2,0,차대차 - 충돌,중앙선침범,건조,맑음,단일로 - 기타,승용,남,41-50세,상해없음,승용,남,31-40세,경상,2017,3
2017030000000000.0,2017년 3월,토요일,서울특별시 광진구 자양동,경상사고,0,0,2,0,차대사람 - 횡단중,신호위반,건조,맑음,교차로 - 교차로부근,승용,남,51-60세,상해없음,보행자,남,51-60세,경상,2017,3
2017031200100095.2,2017년 3월,일요일,서울특별시 광진구 구의동,경상사고,0,0,1,0,차대차 - 기타,신호위반,건조,맑음,교차로 - 교차로안,승용,남,65세 이상,상해없음,승용,남,61-64세,상해없음,2017,3
2017031300100063.2,2017년 3월,월요일,서울특별시 광진구 구의동,경상사고,0,0,1,0,차대사람 - 횡단중,안전운전불이행,건조,맑음,단일로 - 기타,화물,남,21-30세,상해없음,보행자,여,13-20세,경상,2017,3
2017031300100143.2,2017년 3월,월요일,서울특별시 광진구 능동,부상신고사고,0,0,0,1,차대차 - 충돌,교차로운행방법위반,건조,맑음,교차로 - 교차로안,자전거,남,21-30세,부상신고,승용,남,31-40세,상해없음,2017,3
2017031300100404.8,2017년 3월,월요일,서울특별시 광진구 구의동,경상사고,0,0,1,0,차대사람 - 기타,안전운전불이행,건조,맑음,교차로 - 교차로부근,승용,여,65세 이상,상해없음,보행자,남,51-60세,경상,2017,3
2017031400100458.0,2017년 3월,화요일,서울특별시 광진구 자양동,중상사고,0,1,0,0,차대사람 - 기타,신호위반,건조,맑음,단일로 - 기타,자전거,기타불명,기타불명,기타불명,보행자,남,65세 이상,중상,2017,3
2017031500100558.0,2017년 3월,수요일,서울특별시 광진구 군자동,경상사고,0,0,1,0,차대사람 - 횡단중,신호위반,건조,맑음,기타 - 기타,원동기,남,65세 이상,상해없음,보행자,남,31-40세,경상,2017,3
2017031600100104.0,2017년 3월,목요일,서울특별시 광진구 구의동,경상사고,0,0,2,0,차대차 - 충돌,안전운전불이행,건조,맑음,교차로 - 교차로안,승용,남,65세 이상,상해없음,화물,남,21-30세,경상,2017,3
2017031600100191.2,2017년 3월,목요일,서울특별시 광진구 화양동,경상사고,0,0,2,0,차대차 - 충돌,안전운전불이행,건조,맑음,단일로 - 기타,원동기,남,51-60세,경상,승용,여,41-50세,경상,2017,3
2017031600100467.2,2017년 3월,목요일,서울특별시 광진구 구의동,경상사고,0,0,1,0,차대사람 - 기타,안전운전불이행,건조,맑음,단일로 - 기타,승용,여,41-50세,상해없음,보행자,남,41-50세,경상,2017,3
2017031700100072.0,2017년 3월,금요일,서울특별시 광진구 군자동,경상사고,0,0,2,0,차대차 - 충돌,안전운전불이행,건조,맑음,교차로 - 교차로부근,승용,여,21-30세,상해없음,승용,남,51-60세,경상,2017,3
2017030000000000.0,2017년 3월,금요일,서울특별시 광진구 화양동,경상사고,0,0,1,0,차대차 - 충돌,교차로운행방법위반,건조,맑음,교차로 - 교차로안,승용,남,21-30세,상해없음,이륜,남,21-30세,경상,2017,3
2017031700100424.0,2017년 3월,금요일,서울특별시 광진구 구의동,부상신고사고,0,0,0,1,차대사람 - 기타,안전운전불이행,건조,맑음,단일로 - 기타,자전거,기타불명,기타불명,기타불명,보행자,여,41-50세,부상신고,2017,3
2017031700100546.0,2017년 3월,금요일,서울특별시 광진구 광장동,경상사고,0,0,1,0,차대차 - 충돌,안전운전불이행,건조,맑음,교차로 - 교차로횡단보도내,자전거,남,31-40세,경상,승용,남,41-50세,상해없음,2017,3
2017031800100022.0,2017년 3월,토요일,서울특별시 광진구 자양동,경상사고,0,0,1,0,차대사람 - 횡단중,안전운전불이행,건조,맑음,교차로 - 교차로안,승용,남,51-60세,상해없음,보행자,여,13-20세,경상,2017,3
2017031800100476.0,2017년 3월,토요일,서울특별시 광진구 중곡동,중상사고,0,1,1,0,차대사람 - 횡단중,안전운전불이행,건조,맑음,단일로 - 기타,원동기,남,31-40세,경상,보행자,여,65세 이상,중상,2017,3
2017031900100299.2,2017년 3월,일요일,서울특별시 광진구 중곡동,경상사고,0,0,1,0,차대사람 - 횡단중,안전운전불이행,건조,맑음,단일로 - 기타,승용,남,41-50세,상해없음,보행자,남,12세 이하,경상,2017,3
2017031900100374.0,2017년 3월,일요일,서울특별시 광진구 화양동,중상사고,0,1,0,0,차대사람 - 기타,안전운전불이행,건조,맑음,단일로 - 기타,승용,남,21-30세,상해없음,보행자,여,12세 이하,중상,2017,3
2017031900100375.2,2017년 3월,일요일,서울특별시 광진구 구의동,중상사고,0,1,0,0,차대차 - 충돌,안전운전불이행,건조,맑음,단일로 - 기타,승합,남,41-50세,상해없음,자전거,남,51-60세,중상,2017,3
2017032000100018.0,2017년 3월,월요일,서울특별시 광진구 자양동,중상사고,0,1,0,0,차대사람 - 기타,안전운전불이행,건조,맑음,단일로 - 기타,승용,남,65세 이상,상해없음,보행자,남,31-40세,중상,2017,3
2017032000100035.2,2017년 3월,월요일,서울특별시 광진구 자양동,중상사고,0,1,0,0,차대차 - 충돌,안전운전불이행,건조,맑음,단일로 - 교량,승용,남,51-60세,상해없음,이륜,남,31-40세,중상,2017,3
2017032000100043.2,2017년 3월,월요일,서울특별시 광진구 자양동,경상사고,0,0,1,0,차대차 - 추돌,안전거리미확보,건조,맑음,단일로 - 기타,승용,남,31-40세,상해없음,승용,남,51-60세,경상,2017,3
2017032000100164.8,2017년 3월,월요일,서울특별시 광진구 중곡동,경상사고,0,0,1,0,차대차 - 충돌,직진우회전진행방해,건조,맑음,교차로 - 교차로안,화물,남,65세 이상,상해없음,이륜,여,51-60세,경상,2017,3
2017032100100194.0,2017년 3월,화요일,서울특별시 광진구 자양동,중상사고,0,1,0,0,차대차 - 기타,안전운전불이행,건조,맑음,교차로 - 교차로부근,원동기,남,31-40세,상해없음,원동기,남,61-64세,중상,2017,3
2017032100100195.2,2017년 3월,화요일,서울특별시 광진구 자양동,경상사고,0,0,1,0,차대차 - 추돌,안전운전불이행,건조,기타,단일로 - 교량,승용,남,51-60세,상해없음,화물,남,31-40세,상해없음,2017,3
2017032100100262.0,2017년 3월,화요일,서울특별시 광진구 능동,경상사고,0,0,1,0,차대차 - 충돌,안전운전불이행,건조,맑음,단일로 - 교량,승용,여,31-40세,상해없음,승용,남,31-40세,경상,2017,3
2017032100100547.2,2017년 3월,화요일,서울특별시 광진구 군자동,경상사고,0,0,1,0,차대차 - 추돌,안전운전불이행,건조,맑음,단일로 - 기타,원동기,남,21-30세,경상,승용,남,41-50세,상해없음,2017,3
2017032200100276.0,2017년 3월,수요일,서울특별시 광진구 화양동,경상사고,0,0,1,0,차대차 - 충돌,안전운전불이행,건조,맑음,단일로 - 기타,승용,남,31-40세,상해없음,원동기,남,41-50세,경상,2017,3
2017032200100436.0,2017년 3월,수요일,서울특별시 광진구 군자동,중상사고,0,1,0,0,차대사람 - 횡단중,안전운전불이행,건조,맑음,단일로 - 기타,승용,남,65세 이상,상해없음,보행자,여,12세 이하,중상,2017,3
2017030000000000.0,2017년 3월,목요일,서울특별시 광진구 화양동,부상신고사고,0,0,0,1,차대차 - 충돌,안전운전불이행,건조,맑음,단일로 - 기타,원동기,남,21-30세,부상신고,승용,남,51-60세,상해없음,2017,3
2017032300100104.0,2017년 3월,목요일,서울특별시 광진구 중곡동,사망사고,1,0,1,0,차대차 - 충돌,차로위반,건조,맑음,단일로 - 기타,자전거,남,65세 이상,사망,승합,남,41-50세,상해없음,2017,3
2017030000000000.0,2017년 3월,목요일,서울특별시 광진구 자양동,경상사고,0,0,2,0,차대차 - 충돌,직진우회전진행방해,건조,맑음,단일로 - 교량,승용,여,31-40세,상해없음,승용,남,65세 이상,경상,2017,3
2017032400100123.2,2017년 3월,금요일,서울특별시 광진구 중곡동,부상신고사고,0,0,0,1,차대사람 - 기타,안전운전불이행,건조,맑음,단일로 - 기타,승용,남,51-60세,상해없음,보행자,여,21-30세,부상신고,2017,3
2017032400100264.8,2017년 3월,금요일,서울특별시 광진구 군자동,중상사고,0,1,0,0,차대차 - 충돌,신호위반,건조,맑음,교차로 - 교차로횡단보도내,승용,남,31-40세,상해없음,자전거,남,61-64세,중상,2017,3
2017032400100588.0,2017년 3월,금요일,서울특별시 광진구 구의동,경상사고,0,0,1,0,차대사람 - 횡단중,안전운전불이행,건조,맑음,교차로 - 교차로부근,기타불명,기타불명,기타불명,기타불명,보행자,남,21-30세,경상,2017,3
2017032500100020.8,2017년 3월,토요일,서울특별시 광진구 화양동,경상사고,0,0,1,0,차대사람 - 기타,안전운전불이행,건조,맑음,단일로 - 기타,승용,남,21-30세,상해없음,보행자,남,31-40세,경상,2017,3
2017032500100284.8,2017년 3월,토요일,서울특별시 광진구 구의동,경상사고,0,0,1,0,차대차 - 기타,안전운전불이행,건조,맑음,주차장 - 주차장,승용,여,61-64세,상해없음,승용,여,41-50세,경상,2017,3
2017032500100388.8,2017년 3월,토요일,서울특별시 광진구 화양동,중상사고,0,1,0,0,차대차 - 충돌,기타,건조,맑음,단일로 - 기타,승용,남,61-64세,상해없음,이륜,남,21-30세,중상,2017,3
2017032500100572.8,2017년 3월,토요일,서울특별시 광진구 자양동,경상사고,0,0,3,1,차대차 - 충돌,안전운전불이행,건조,맑음,교차로 - 교차로안,승용,남,31-40세,상해없음,승용,남,61-64세,경상,2017,3
2017030000000000.0,2017년 3월,일요일,서울특별시 광진구 군자동,중상사고,0,1,1,0,차대차 - 충돌,안전거리미확보,건조,맑음,단일로 - 기타,승용,남,51-60세,상해없음,원동기,남,13-20세,경상,2017,3
2017032600100123.2,2017년 3월,일요일,서울특별시 광진구 구의동,중상사고,0,2,1,0,차대사람 - 기타,안전운전불이행,건조,흐림,교차로 - 교차로안,승용,남,65세 이상,상해없음,보행자,여,61-64세,중상,2017,3
2017032600100204.0,2017년 3월,일요일,서울특별시 광진구 구의동,경상사고,0,0,1,0,차대차 - 충돌,안전거리미확보,건조,맑음,단일로 - 기타,승용,여,21-30세,상해없음,승용,남,31-40세,경상,2017,3
2017032700100168.8,2017년 3월,월요일,서울특별시 광진구 군자동,경상사고,0,0,1,0,차대사람 - 횡단중,안전운전불이행,건조,맑음,교차로 - 교차로부근,이륜,여,51-60세,상해없음,보행자,남,65세 이상,경상,2017,3
2017032700100416.8,2017년 3월,월요일,서울특별시 광진구 능동,경상사고,0,0,1,0,차대차 - 충돌,직진우회전진행방해,건조,맑음,교차로 - 교차로안,승용,남,51-60세,상해없음,화물,남,31-40세,경상,2017,3
2017032800100036.8,2017년 3월,화요일,서울특별시 광진구 자양동,경상사고,0,0,2,0,차대사람 - 횡단중,보행자보호의무위반,건조,맑음,교차로 - 교차로횡단보도내,승용,남,65세 이상,상해없음,보행자,여,13-20세,경상,2017,3
2017032800100104.0,2017년 3월,화요일,서울특별시 광진구 자양동,경상사고,0,0,1,0,차대차 - 추돌,안전운전불이행,건조,맑음,단일로 - 기타,승용,남,31-40세,상해없음,승용,남,21-30세,경상,2017,3
2017030000000000.0,2017년 3월,화요일,서울특별시 광진구 자양동,중상사고,0,1,0,0,차대사람 - 횡단중,안전운전불이행,건조,맑음,교차로 - 교차로부근,원동기,남,65세 이상,상해없음,보행자,남,51-60세,중상,2017,3
2017032900100043.2,2017년 3월,수요일,서울특별시 광진구 중곡동,경상사고,0,0,1,0,차대차 - 충돌,차로위반,건조,맑음,교차로 - 교차로부근,승용,남,51-60세,상해없음,승용,남,41-50세,경상,2017,3
2017032900100151.2,2017년 3월,수요일,서울특별시 광진구 중곡동,경상사고,0,0,1,0,차대차 - 기타,안전거리미확보,건조,맑음,단일로 - 기타,승용,남,51-60세,상해없음,승용,여,31-40세,경상,2017,3
2017032900100232.8,2017년 3월,수요일,서울특별시 광진구 중곡동,경상사고,0,0,1,0,차대사람 - 길가장자리구역통행중,안전운전불이행,건조,맑음,단일로 - 기타,기타불명,기타불명,기타불명,기타불명,보행자,남,21-30세,경상,2017,3
2017032900100263.2,2017년 3월,수요일,서울특별시 광진구 구의동,부상신고사고,0,0,0,1,차대사람 - 횡단중,기타,건조,맑음,단일로 - 기타,자전거,남,31-40세,상해없음,보행자,여,65세 이상,부상신고,2017,3
2017033000100012.8,2017년 3월,목요일,서울특별시 광진구 중곡동,중상사고,0,1,1,0,차대차 - 추돌,안전거리미확보,건조,맑음,교차로 - 교차로안,승용,남,65세 이상,상해없음,승용,남,65세 이상,상해없음,2017,3
2017033000100176.0,2017년 3월,목요일,서울특별시 광진구 구의동,중상사고,0,1,1,0,차대차 - 추돌,안전운전불이행,건조,맑음,단일로 - 기타,승용,남,61-64세,상해없음,승용,남,41-50세,중상,2017,3
2017033000100272.8,2017년 3월,목요일,서울특별시 광진구 자양동,경상사고,0,0,1,0,차대사람 - 기타,안전운전불이행,건조,맑음,교차로 - 교차로부근,화물,남,41-50세,상해없음,보행자,여,31-40세,경상,2017,3
2017033100100052.0,2017년 3월,금요일,서울특별시 광진구 구의동,중상사고,0,1,0,0,차대차 - 충돌,안전거리미확보,건조,맑음,단일로 - 기타,승용,남,65세 이상,상해없음,원동기,남,21-30세,중상,2017,3
2017033100100052.8,2017년 3월,금요일,서울특별시 광진구 자양동,경상사고,0,0,1,0,차대사람 - 횡단중,안전운전불이행,건조,맑음,단일로 - 기타,승용,남,61-64세,상해없음,보행자,남,65세 이상,경상,2017,3
2017033100100358.0,2017년 3월,금요일,서울특별시 광진구 군자동,경상사고,0,0,1,0,차대사람 - 기타,안전운전불이행,젖음/습기,비,단일로 - 기타,원동기,남,51-60세,상해없음,보행자,여,65세 이상,경상,2017,3
2017033100100466.0,2017년 3월,금요일,서울특별시 광진구 구의동,중상사고,0,1,0,0,차대사람 - 기타,안전운전불이행,건조,맑음,교차로 - 교차로부근,승용,남,31-40세,상해없음,보행자,여,65세 이상,중상,2017,3
2017033100100546.0,2017년 3월,금요일,서울특별시 광진구 중곡동,경상사고,0,0,1,0,차대차 - 충돌,차로위반,건조,맑음,단일로 - 기타,승용,남,41-50세,상해없음,승용,남,21-30세,경상,2017,3
2017033100100583.2,2017년 3월,금요일,서울특별시 광진구 구의동,경상사고,0,0,1,0,차대차 - 충돌,신호위반,건조,맑음,교차로 - 교차로안,승용,남,41-50세,상해없음,원동기,남,21-30세,경상,2017,3
2017040100100351.2,2017년 4월,토요일,서울특별시 광진구 자양동,경상사고,0,0,3,0,차대차 - 추돌,안전운전불이행,건조,맑음,단일로 - 기타,승용,남,51-60세,상해없음,승용,남,31-40세,경상,2017,4
2017040100100388.0,2017년 4월,토요일,서울특별시 광진구 자양동,중상사고,0,1,0,0,차대사람 - 횡단중,보행자보호의무위반,건조,맑음,단일로 - 기타,승용,남,20세 이하,상해없음,보행자,여,31-40세,중상,2017,4
2017040200100339.2,2017년 4월,일요일,서울특별시 광진구 구의동,부상신고사고,0,0,0,1,차대차 - 기타,직진우회전진행방해,건조,맑음,교차로 - 교차로안,원동기,남,20세 이하,상해없음,승용,남,51-60세,상해없음,2017,4
2017040200100443.2,2017년 4월,일요일,서울특별시 광진구 구의동,경상사고,0,0,5,0,차대차 - 충돌,안전운전불이행,건조,맑음,단일로 - 기타,승용,남,41-50세,상해없음,승용,남,51-60세,경상,2017,4
2017040300100468.0,2017년 4월,월요일,서울특별시 광진구 화양동,중상사고,0,1,0,0,차대사람 - 횡단중,보행자보호의무위반,건조,맑음,단일로 - 기타,승용,남,65세 이상,상해없음,보행자,여,31-40세,중상,2017,4
2017040400100182.0,2017년 4월,화요일,서울특별시 광진구 광장동,중상사고,0,1,0,0,차대사람 - 횡단중,안전운전불이행,건조,맑음,단일로 - 교량,화물,남,31-40세,상해없음,보행자,여,61-64세,중상,2017,4
2017040400100294.0,2017년 4월,화요일,서울특별시 광진구 자양동,경상사고,0,0,1,0,차대차 - 충돌,안전운전불이행,건조,맑음,교차로 - 교차로부근,승용,남,31-40세,상해없음,승용,여,51-60세,경상,2017,4
2017040500100018.0,2017년 4월,수요일,서울특별시 광진구 자양동,경상사고,0,0,1,0,차량단독 - 충돌,안전운전불이행,젖음/습기,비,단일로 - 기타,승용,남,51-60세,상해없음,,,,,2017,4
2017040500100158.0,2017년 4월,수요일,서울특별시 광진구 중곡동,중상사고,0,1,0,0,차대사람 - 횡단중,안전운전불이행,건조,맑음,단일로 - 기타,원동기,남,21-30세,상해없음,보행자,여,51-60세,중상,2017,4
2017040500100667.2,2017년 4월,수요일,서울특별시 광진구 군자동,경상사고,0,0,1,0,차대차 - 충돌,안전거리미확보,젖음/습기,비,교차로 - 교차로부근,승용,여,21-30세,상해없음,승용,남,21-30세,상해없음,2017,4
2017040600100084.0,2017년 4월,목요일,서울특별시 광진구 중곡동,사망사고,2,0,0,0,차대차 - 충돌,중앙선침범,젖음/습기,비,단일로 - 기타,원동기,남,51-60세,사망,승용,남,51-60세,상해없음,2017,4
2017040600100108.0,2017년 4월,목요일,서울특별시 광진구 자양동,경상사고,0,0,1,0,차대사람 - 횡단중,안전운전불이행,젖음/습기,맑음,단일로 - 교량,승용,남,31-40세,상해없음,보행자,여,65세 이상,경상,2017,4
2017040600100251.2,2017년 4월,목요일,서울특별시 광진구 자양동,경상사고,0,0,1,0,차대차 - 충돌,안전운전불이행,건조,맑음,교차로 - 교차로안,승용,남,51-60세,상해없음,승용,남,51-60세,상해없음,2017,4
2017040600100492.0,2017년 4월,목요일,서울특별시 광진구 광장동,중상사고,0,1,0,0,차대차 - 충돌,안전거리미확보,건조,맑음,단일로 - 기타,승용,여,31-40세,상해없음,원동기,남,13-20세,중상,2017,4
2017040700100586.0,2017년 4월,금요일,서울특별시 광진구 구의동,중상사고,0,1,0,0,차대차 - 기타,신호위반,건조,맑음,교차로 - 교차로부근,승용,여,21-30세,상해없음,승용,남,31-40세,중상,2017,4
2017040700100618.0,2017년 4월,금요일,서울특별시 광진구 자양동,중상사고,0,1,0,0,차대차 - 충돌,안전거리미확보,건조,맑음,단일로 - 기타,화물,남,21-30세,상해없음,화물,남,51-60세,중상,2017,4
2017040800100063.2,2017년 4월,토요일,서울특별시 광진구 화양동,부상신고사고,0,0,0,1,차량단독 - 기타,안전운전불이행,건조,맑음,단일로 - 기타,자전거,남,41-50세,부상신고,,,,,2017,4
2017040800100108.8,2017년 4월,토요일,서울특별시 광진구 광장동,중상사고,0,1,1,0,차대차 - 추돌,안전운전불이행,건조,맑음,단일로 - 기타,승용,남,51-60세,상해없음,승용,남,41-50세,경상,2017,4
2017040800100224.8,2017년 4월,토요일,서울특별시 광진구 화양동,경상사고,0,0,1,0,차대차 - 기타,안전운전불이행,건조,맑음,단일로 - 기타,승용,남,31-40세,상해없음,자전거,남,51-60세,경상,2017,4
2017040800100587.2,2017년 4월,토요일,서울특별시 광진구 화양동,경상사고,0,0,1,0,차대사람 - 기타,안전운전불이행,건조,맑음,단일로 - 기타,원동기,남,41-50세,상해없음,보행자,남,41-50세,경상,2017,4
2017040800100615.2,2017년 4월,토요일,서울특별시 광진구 화양동,중상사고,0,2,1,0,차대차 - 충돌,신호위반,건조,맑음,교차로 - 교차로부근,승용,남,51-60세,상해없음,승용,여,21-30세,중상,2017,4
2017040900100102.0,2017년 4월,일요일,서울특별시 광진구 화양동,경상사고,0,0,1,0,차대사람 - 길가장자리구역통행중,안전운전불이행,건조,맑음,단일로 - 기타,기타불명,기타불명,기타불명,기타불명,보행자,여,13-20세,경상,2017,4
2017040900100204.8,2017년 4월,일요일,서울특별시 광진구 화양동,중상사고,0,1,0,0,차대차 - 기타,교차로운행방법위반,건조,맑음,교차로 - 교차로안,원동기,남,21-30세,상해없음,원동기,남,21-30세,중상,2017,4
2017040900100451.2,2017년 4월,일요일,서울특별시 광진구 중곡동,경상사고,0,0,2,0,차대차 - 추돌,안전운전불이행,건조,맑음,단일로 - 기타,승용,남,65세 이상,상해없음,승용,남,31-40세,경상,2017,4
2017041000100028.0,2017년 4월,월요일,서울특별시 광진구 중곡동,경상사고,0,0,1,0,차대차 - 기타,기타,건조,맑음,단일로 - 기타,승용,남,41-50세,상해없음,이륜,남,21-30세,경상,2017,4
2017041000100432.0,2017년 4월,월요일,서울특별시 광진구 중곡동,경상사고,0,0,1,0,차대차 - 충돌,안전거리미확보,건조,맑음,단일로 - 기타,승용,남,41-50세,상해없음,이륜,남,31-40세,경상,2017,4
2017041000100432.8,2017년 4월,월요일,서울특별시 광진구 군자동,중상사고,0,1,1,0,차대차 - 기타,안전운전불이행,건조,맑음,단일로 - 기타,승용,남,51-60세,상해없음,승용,남,51-60세,중상,2017,4
2017041100100243.2,2017년 4월,화요일,서울특별시 광진구 능동,중상사고,0,1,0,0,차대차 - 충돌,직진우회전진행방해,건조,맑음,교차로 - 교차로안,승용,여,21-30세,상해없음,원동기,남,51-60세,중상,2017,4
2017041100100444.0,2017년 4월,화요일,서울특별시 광진구 중곡동,경상사고,0,0,1,0,차대사람 - 길가장자리구역통행중,안전운전불이행,건조,맑음,단일로 - 교량,승용,여,41-50세,상해없음,보행자,여,21-30세,경상,2017,4
2017041100100566.0,2017년 4월,화요일,서울특별시 광진구 군자동,중상사고,0,1,0,0,차대사람 - 기타,안전운전불이행,건조,맑음,단일로 - 기타,원동기,남,51-60세,상해없음,보행자,여,51-60세,중상,2017,4
2017041200100412.0,2017년 4월,수요일,서울특별시 광진구 중곡동,경상사고,0,0,1,0,차대차 - 충돌,중앙선침범,건조,맑음,교차로 - 교차로안,자전거,남,21-30세,경상,승용,여,31-40세,상해없음,2017,4