사고번호,발생년월,요일,시군구,사고내용,사망자수,중상자수,경상자수,부상신고자수,사고유형,법규위반,노면상태,기상상태,도로형태,가해운전자 차종,가해운전자 성별,가해운전자 연령대,가해운전자 상해정도,피해운전자 차종,피해운전자 성별,피해운전자 연령대,피해운전자 상해정도,발생년도,발생월
2017092100100432.0,2017년 9월,목요일,서울특별시 광진구 화양동,경상사고,0,0,2,0,차대차 - 충돌,안전운전불이행,건조,맑음,교차로 - 교차로안,승용,여,61-64세,경상,승용,남,31-40세,경상,2017,9
2017092100100520.8,2017년 9월,목요일,서울특별시 광진구 광장동,중상사고,0,1,0,0,차대차 - 기타,안전거리미확보,건조,맑음,단일로 - 기타,승용,남,51-60세,상해없음,자전거,남,21-30세,중상,2017,9
2017092200100064.8,2017년 9월,금요일,서울특별시 광진구 능동,중상사고,0,1,0,0,차대차 - 추돌,안전운전불이행,건조,맑음,단일로 - 기타,승용,남,41-50세,상해없음,이륜,남,31-40세,중상,2017,9
2017092200100079.2,2017년 9월,금요일,서울특별시 광진구 자양동,중상사고,0,1,0,0,차대사람 - 횡단중,안전운전불이행,건조,맑음,단일로 - 기타,승용,남,51-60세,상해없음,보행자,여,51-60세,중상,2017,9
2017092200100124.0,2017년 9월,금요일,서울특별시 광진구 중곡동,부상신고사고,0,0,0,1,차대차 - 기타,안전운전불이행,건조,맑음,교차로 - 교차로안,이륜,남,61-64세,부상신고,승용,남,51-60세,상해없음,2017,9
2017092200100379.2,2017년 9월,금요일,서울특별시 광진구 구의동,경상사고,0,0,1,0,차대차 - 충돌,안전운전불이행,건조,맑음,교차로 - 교차로안,원동기,남,51-60세,경상,승용,여,65세 이상,상해없음,2017,9
2017092300100048.0,2017년 9월,토요일,서울특별시 광진구 광장동,경상사고,0,0,1,0,차대차 - 추돌,안전운전불이행,건조,맑음,단일로 - 기타,승용,남,41-50세,상해없음,화물,남,41-50세,경상,2017,9
2017092300100114.0,2017년 9월,토요일,서울특별시 광진구 화양동,중상사고,0,1,1,0,차대차 - 기타,안전운전불이행,건조,맑음,교차로 - 교차로안,승용,남,20세 이하,상해없음,승용,남,41-50세,경상,2017,9
2017092300100227.2,2017년 9월,토요일,서울특별시 광진구 중곡동,중상사고,0,1,0,0,차대차 - 충돌,기타,건조,맑음,단일로 - 기타,승용,남,65세 이상,상해없음,자전거,남,61-64세,중상,2017,9
2017092300100228.0,2017년 9월,토요일,서울특별시 광진구 자양동,경상사고,0,0,1,0,차대차 - 충돌,안전운전불이행,건조,맑음,단일로 - 기타,승용,남,61-64세,상해없음,원동기,남,21-30세,경상,2017,9
2017092300100708.8,2017년 9월,토요일,서울특별시 광진구 능동,경상사고,0,0,1,0,차대차 - 기타,안전운전불이행,건조,맑음,단일로 - 기타,원동기,남,21-30세,상해없음,승용,남,51-60세,상해없음,2017,9
2017092400100055.2,2017년 9월,일요일,서울특별시 광진구 군자동,중상사고,0,1,1,0,차대사람 - 기타,안전운전불이행,건조,맑음,단일로 - 기타,이륜,남,21-30세,경상,보행자,남,51-60세,중상,2017,9
2017092400100140.8,2017년 9월,일요일,서울특별시 광진구 자양동,경상사고,0,0,3,0,차대차 - 충돌,직진우회전진행방해,건조,맑음,교차로 - 교차로안,승용,남,51-60세,상해없음,승용,여,41-50세,경상,2017,9
2017092500100071.2,2017년 9월,월요일,서울특별시 광진구 자양동,경상사고,0,0,2,0,차대차 - 추돌,안전운전불이행,건조,맑음,단일로 - 교량,승용,여,31-40세,상해없음,승용,남,65세 이상,경상,2017,9
2017092500100504.0,2017년 9월,월요일,서울특별시 광진구 중곡동,중상사고,0,1,0,0,차대사람 - 기타,기타,건조,맑음,단일로 - 기타,승합,남,51-60세,상해없음,보행자,여,65세 이상,중상,2017,9
2017092600100042.0,2017년 9월,화요일,서울특별시 광진구 중곡동,경상사고,0,0,1,0,차대차 - 충돌,안전거리미확보,건조,맑음,단일로 - 기타,승용,남,20세 이하,상해없음,승용,남,21-30세,경상,2017,9
2017092600100052.8,2017년 9월,화요일,서울특별시 광진구 자양동,중상사고,0,1,0,0,차대사람 - 기타,안전운전불이행,건조,맑음,단일로 - 기타,승용,남,20세 이하,상해없음,보행자,남,51-60세,중상,2017,9
2017092600100076.0,2017년 9월,화요일,서울특별시 광진구 중곡동,부상신고사고,0,0,0,1,차대사람 - 기타,안전운전불이행,건조,맑음,단일로 - 기타,승합,남,61-64세,상해없음,보행자,여,65세 이상,부상신고,2017,9
2017092600100332.8,2017년 9월,화요일,서울특별시 광진구 구의동,경상사고,0,0,1,0,차대사람 - 횡단중,안전운전불이행,건조,맑음,단일로 - 기타,승용,남,61-64세,상해없음,보행자,여,65세 이상,경상,2017,9
2017092600100372.8,2017년 9월,화요일,서울특별시 광진구 구의동,경상사고,0,0,1,0,차대차 - 충돌,안전운전불이행,건조,맑음,단일로 - 기타,이륜,남,31-40세,경상,승용,남,41-50세,상해없음,2017,9
2017092600100659.2,2017년 9월,화요일,서울특별시 광진구 구의동,경상사고,0,0,1,0,차대차 - 충돌,안전운전불이행,건조,맑음,단일로 - 기타,화물,남,51-60세,상해없음,승용,남,41-50세,경상,2017,9
2017092700100351.2,2017년 9월,수요일,서울특별시 광진구 자양동,경상사고,0,0,1,0,차대차 - 충돌,중앙선침범,건조,기타,교차로 - 교차로횡단보도내,자전거,여,21-30세,경상,원동기,남,31-40세,상해없음,2017,9
2017092700100574.0,2017년 9월,수요일,서울특별시 광진구 구의동,경상사고,0,0,1,0,차대차 - 추돌,안전거리미확보,건조,맑음,단일로 - 기타,승용,남,51-60세,상해없음,화물,남,51-60세,상해없음,2017,9
2017092800100336.0,2017년 9월,목요일,서울특별시 광진구 구의동,중상사고,0,1,0,0,차대차 - 기타,신호위반,건조,맑음,교차로 - 교차로안,승용,여,31-40세,상해없음,이륜,남,51-60세,중상,2017,9
2017092800100456.8,2017년 9월,목요일,서울특별시 광진구 자양동,중상사고,0,1,0,0,차대사람 - 횡단중,안전운전불이행,건조,맑음,교차로 - 교차로횡단보도내,원동기,남,20세 이하,상해없음,보행자,여,51-60세,중상,2017,9
2017092800100696.0,2017년 9월,목요일,서울특별시 광진구 구의동,경상사고,0,0,2,0,차대차 - 추돌,안전거리미확보,건조,맑음,단일로 - 기타,승용,남,51-60세,상해없음,승용,남,31-40세,경상,2017,9
2017092900100068.0,2017년 9월,금요일,서울특별시 광진구 구의동,중상사고,0,1,0,0,차대차 - 추돌,안전운전불이행,건조,맑음,교차로 - 교차로부근,승용,남,21-30세,상해없음,이륜,남,31-40세,중상,2017,9
2017092900100108.0,2017년 9월,금요일,서울특별시 광진구 능동,부상신고사고,0,0,0,1,차대차 - 추돌,안전거리미확보,건조,맑음,단일로 - 기타,원동기,남,51-60세,부상신고,원동기,남,41-50세,상해없음,2017,9
2017092900100552.8,2017년 9월,금요일,서울특별시 광진구 구의동,중상사고,0,1,0,0,차대사람 - 기타,안전운전불이행,건조,맑음,교차로 - 교차로안,원동기,남,65세 이상,상해없음,보행자,여,65세 이상,중상,2017,9
2017092900100667.2,2017년 9월,금요일,서울특별시 광진구 구의동,중상사고,0,2,0,0,차량단독 - 기타,안전운전불이행,건조,맑음,단일로 - 기타,승합,남,51-60세,상해없음,,,,,2017,9
2017092900100776.8,2017년 9월,금요일,서울특별시 광진구 자양동,중상사고,0,1,0,0,차대차 - 기타,기타,건조,맑음,단일로 - 기타,승용,남,51-60세,상해없음,자전거,여,51-60세,중상,2017,9
2017093000100056.0,2017년 9월,토요일,서울특별시 광진구 화양동,중상사고,0,1,0,0,차대사람 - 기타,안전운전불이행,건조,맑음,단일로 - 기타,기타불명,기타불명,기타불명,기타불명,보행자,여,21-30세,중상,2017,9
2017093000100076.0,2017년 9월,토요일,서울특별시 광진구 중곡동,경상사고,0,0,2,0,차대차 - 기타,안전운전불이행,건조,맑음,교차로 - 교차로부근,기타불명,기타불명,기타불명,기타불명,승용,여,31-40세,경상,2017,9
2017093000100152.0,2017년 9월,토요일,서울특별시 광진구 중곡동,경상사고,0,0,2,0,차대차 - 추돌,안전운전불이행,건조,맑음,교차로 - 교차로부근,승용,남,65세 이상,상해없음,승용,남,21-30세,상해없음,2017,9
2017100100100092.0,2017년 10월,일요일,서울특별시 광진구 구의동,경상사고,0,0,1,0,차대사람 - 기타,기타,건조,맑음,단일로 - 기타,승용,남,31-40세,상해없음,보행자,여,65세 이상,경상,2017,10
2017100100100116.0,2017년 10월,일요일,서울특별시 광진구 화양동,경상사고,0,0,1,0,차대사람 - 기타,안전운전불이행,건조,맑음,단일로 - 기타,승용,남,21-30세,상해없음,보행자,남,21-30세,경상,2017,10
2017100100100162.0,2017년 10월,일요일,서울특별시 광진구 광장동,중상사고,0,1,0,0,차대차 - 충돌,중앙선침범,건조,맑음,교차로 - 교차로부근,자전거,여,51-60세,중상,승합,남,51-60세,상해없음,2017,10
2017100200100107.2,2017년 10월,월요일,서울특별시 광진구 광장동,경상사고,0,0,1,0,차대차 - 기타,안전운전불이행,젖음/습기,비,교차로 - 교차로안,승용,남,51-60세,상해없음,승용,남,21-30세,경상,2017,10
2017100300100011.2,2017년 10월,화요일,서울특별시 광진구 중곡동,중상사고,0,1,0,0,차대사람 - 기타,안전운전불이행,건조,기타,교차로 - 교차로부근,기타불명,기타불명,기타불명,기타불명,보행자,남,61-64세,중상,2017,10
2017100300100398.0,2017년 10월,화요일,서울특별시 광진구 화양동,경상사고,0,0,1,0,차대차 - 충돌,안전거리미확보,건조,맑음,단일로 - 기타,승용,남,51-60세,상해없음,승용,남,21-30세,경상,2017,10
2017100400100048.0,2017년 10월,수요일,서울특별시 광진구 구의동,경상사고,0,0,1,0,차대차 - 충돌,신호위반,건조,맑음,교차로 - 교차로안,승용,남,31-40세,상해없음,승용,여,41-50세,경상,2017,10
2017100500100063.2,2017년 10월,목요일,서울특별시 광진구 중곡동,중상사고,0,1,0,0,차대차 - 충돌,교차로운행방법위반,건조,맑음,교차로 - 교차로안,승용,여,20세 이하,상해없음,승용,남,61-64세,중상,2017,10
2017100500100128.8,2017년 10월,목요일,서울특별시 광진구 자양동,경상사고,0,0,1,0,차대차 - 충돌,안전운전불이행,건조,맑음,단일로 - 기타,자전거,여,21-30세,경상,승용,남,31-40세,상해없음,2017,10
2017100500100148.0,2017년 10월,목요일,서울특별시 광진구 능동,중상사고,0,2,0,0,차대차 - 추돌,기타,건조,맑음,기타 - 기타,승용,남,51-60세,상해없음,승용,남,41-50세,상해없음,2017,10
2017100500100284.8,2017년 10월,목요일,서울특별시 광진구 중곡동,경상사고,0,0,3,0,차대차 - 충돌,안전거리미확보,건조,맑음,단일로 - 기타,승용,여,51-60세,상해없음,승용,남,51-60세,경상,2017,10
2017100600100028.8,2017년 10월,금요일,서울특별시 광진구 군자동,부상신고사고,0,0,0,2,차대차 - 기타,기타,건조,맑음,교차로 - 교차로횡단보도내,승용,남,65세 이상,상해없음,이륜,남,13-20세,부상신고,2017,10
2017100600100084.0,2017년 10월,금요일,서울특별시 광진구 군자동,경상사고,0,0,1,0,차대차 - 추돌,안전운전불이행,건조,맑음,교차로 - 교차로부근,승용,남,51-60세,상해없음,이륜,남,65세 이상,경상,2017,10
2017100600100104.0,2017년 10월,금요일,서울특별시 광진구 화양동,경상사고,0,0,1,0,차대사람 - 기타,안전운전불이행,건조,맑음,단일로 - 기타,승용,남,21-30세,상해없음,보행자,남,21-30세,경상,2017,10
2017100600100292.0,2017년 10월,금요일,서울특별시 광진구 자양동,경상사고,0,0,1,0,차대차 - 추돌,안전운전불이행,젖음/습기,맑음,교차로 - 교차로안,승용,남,41-50세,상해없음,원동기,남,31-40세,상해없음,2017,10
2017100000000000.0,2017년 10월,금요일,서울특별시 광진구 중곡동,경상사고,0,0,2,0,차대차 - 충돌,안전거리미확보,건조,맑음,단일로 - 기타,승용,여,41-50세,상해없음,승용,여,51-60세,경상,2017,10
2017100700100072.0,2017년 10월,토요일,서울특별시 광진구 구의동,부상신고사고,0,0,0,1,차대차 - 충돌,신호위반,건조,맑음,교차로 - 교차로부근,자전거,남,65세 이상,부상신고,승용,남,65세 이상,상해없음,2017,10
2017100700100206.0,2017년 10월,토요일,서울특별시 광진구 자양동,경상사고,0,0,1,0,차대차 - 기타,직진우회전진행방해,건조,맑음,교차로 - 교차로안,이륜,남,21-30세,상해없음,승용,남,21-30세,상해없음,2017,10
2017100700100395.2,2017년 10월,토요일,서울특별시 광진구 화양동,중상사고,0,1,1,0,차대차 - 추돌,안전운전불이행,건조,맑음,단일로 - 기타,승용,남,41-50세,상해없음,승용,남,21-30세,중상,2017,10
2017100800100214.0,2017년 10월,일요일,서울특별시 광진구 구의동,경상사고,0,0,1,0,차대차 - 충돌,신호위반,건조,맑음,교차로 - 교차로안,승용,여,51-60세,상해없음,이륜,남,65세 이상,경상,2017,10
2017101000100098.0,2017년 10월,화요일,서울특별시 광진구 구의동,부상신고사고,0,0,0,1,차대차 - 기타,중앙선침범,건조,맑음,단일로 - 기타,자전거,남,20세 이하,부상신고,기타불명,기타불명,기타불명,기타불명,2017,10
2017101000100264.8,2017년 10월,화요일,서울특별시 광진구 자양동,경상사고,0,0,1,0,차대차 - 기타,신호위반,건조,맑음,단일로 - 기타,승용,남,31-40세,상해없음,자전거,여,41-50세,경상,2017,10
2017101000100540.8,2017년 10월,화요일,서울특별시 광진구 능동,부상신고사고,0,0,0,1,차대차 - 충돌,교차로운행방법위반,건조,맑음,교차로 - 교차로부근,이륜,여,21-30세,부상신고,승용,남,31-40세,상해없음,2017,10
2017101200100228.8,2017년 10월,목요일,서울특별시 광진구 광장동,부상신고사고,0,0,0,1,차대차 - 추돌,안전운전불이행,건조,맑음,단일로 - 기타,이륜,남,21-30세,부상신고,승용,남,65세 이상,상해없음,2017,10
2017101200100391.2,2017년 10월,목요일,서울특별시 광진구 구의동,중상사고,0,1,0,0,차대차 - 기타,안전거리미확보,건조,맑음,단일로 - 기타,승용,남,51-60세,상해없음,원동기,남,51-60세,중상,2017,10
2017101300100018.0,2017년 10월,금요일,서울특별시 광진구 화양동,중상사고,0,1,0,0,차대사람 - 차도통행중,안전운전불이행,건조,맑음,단일로 - 기타,승용,남,41-50세,상해없음,보행자,여,41-50세,중상,2017,10
2017101300100455.2,2017년 10월,금요일,서울특별시 광진구 광장동,경상사고,0,0,2,0,차대차 - 충돌,안전운전불이행,건조,맑음,단일로 - 기타,화물,남,41-50세,상해없음,승합,남,41-50세,상해없음,2017,10
2017101300100566.0,2017년 10월,금요일,서울특별시 광진구 군자동,경상사고,0,0,1,0,차대차 - 추돌,안전운전불이행,건조,맑음,단일로 - 기타,승용,남,61-64세,상해없음,승용,여,61-64세,경상,2017,10
2017101400100446.0,2017년 10월,토요일,서울특별시 광진구 자양동,중상사고,0,1,0,0,차대차 - 기타,교차로운행방법위반,건조,맑음,교차로 - 교차로안,원동기,남,61-64세,상해없음,승용,여,31-40세,상해없음,2017,10
2017101500100092.0,2017년 10월,일요일,서울특별시 광진구 광장동,사망사고,1,0,0,0,차대차 - 기타,안전운전불이행,건조,맑음,단일로 - 교량,승용,남,51-60세,상해없음,자전거,남,31-40세,사망,2017,10
2017101500100226.0,2017년 10월,일요일,서울특별시 광진구 광장동,경상사고,0,0,1,0,차대사람 - 기타,안전운전불이행,건조,맑음,단일로 - 기타,승용,남,65세 이상,상해없음,보행자,여,41-50세,경상,2017,10
2017101500100424.8,2017년 10월,일요일,서울특별시 광진구 중곡동,경상사고,0,0,1,0,차대사람 - 횡단중,안전운전불이행,건조,맑음,단일로 - 기타,승용,남,51-60세,상해없음,보행자,남,51-60세,경상,2017,10
2017101500100459.2,2017년 10월,일요일,서울특별시 광진구 능동,중상사고,0,1,0,0,차대차 - 추돌,안전운전불이행,건조,맑음,단일로 - 기타,승용,남,41-50세,상해없음,화물,남,51-60세,중상,2017,10
2017101600100042.0,2017년 10월,월요일,서울특별시 광진구 구의동,경상사고,0,0,1,0,차대차 - 충돌,안전운전불이행,건조,맑음,단일로 - 기타,승용,남,41-50세,상해없음,승용,남,61-64세,경상,2017,10
2017101600100414.0,2017년 10월,월요일,서울특별시 광진구 자양동,경상사고,0,0,1,0,차대차 - 기타,안전거리미확보,건조,맑음,단일로 - 교량,화물,남,41-50세,상해없음,승용,여,41-50세,경상,2017,10
2017101600100415.2,2017년 10월,월요일,서울특별시 광진구 광장동,경상사고,0,0,3,0,차대차 - 추돌,안전운전불이행,건조,맑음,단일로 - 기타,화물,남,51-60세,상해없음,승용,남,51-60세,경상,2017,10
2017101600100592.8,2017년 10월,월요일,서울특별시 광진구 구의동,경상사고,0,0,1,0,차대차 - 충돌,신호위반,건조,맑음,교차로 - 교차로안,이륜,남,21-30세,경상,승용,남,61-64세,상해없음,2017,10
2017101700100168.8,2017년 10월,화요일,서울특별시 광진구 구의동,부상신고사고,0,0,0,1,차대차 - 기타,신호위반,건조,맑음,교차로 - 교차로부근,이륜,여,21-30세,부상신고,승용,남,41-50세,상해없음,2017,10
2017100000000000.0,2017년 10월,화요일,서울특별시 광진구 중곡동,경상사고,0,0,1,0,차대차 - 충돌,신호위반,건조,맑음,교차로 - 교차로안,특수,남,20세 이하,상해없음,이륜,남,21-30세,경상,2017,10
2017101700100171.2,2017년 10월,화요일,서울특별시 광진구 능동,경상사고,0,0,1,0,차대차 - 충돌,안전운전불이행,건조,맑음,단일로 - 기타,화물,남,51-60세,상해없음,승용,남,51-60세,경상,2017,10
2017101700100404.8,2017년 10월,화요일,서울특별시 광진구 자양동,부상신고사고,0,0,0,1,차대차 - 충돌,안전운전불이행,건조,맑음,단일로 - 기타,원동기,남,21-30세,부상신고,승합,남,41-50세,상해없음,2017,10
2017101800100482.0,2017년 10월,수요일,서울특별시 광진구 중곡동,경상사고,0,0,1,0,차대차 - 추돌,신호위반,건조,맑음,교차로 - 교차로안,승합,남,65세 이상,상해없음,승용,남,41-50세,상해없음,2017,10
2017101800100595.2,2017년 10월,수요일,서울특별시 광진구 화양동,경상사고,0,0,1,0,차대사람 - 길가장자리구역통행중,안전운전불이행,건조,맑음,단일로 - 기타,승용,남,51-60세,상해없음,보행자,남,21-30세,경상,2017,10
2017101900100648.0,2017년 10월,목요일,서울특별시 광진구 구의동,중상사고,0,1,1,0,차대차 - 충돌,직진우회전진행방해,건조,맑음,교차로 - 교차로안,승용,남,51-60세,상해없음,승용,남,65세 이상,중상,2017,10
2017102000100219.2,2017년 10월,금요일,서울특별시 광진구 자양동,경상사고,0,0,1,0,차량단독 - 기타,기타,건조,맑음,단일로 - 기타,승용,남,61-64세,상해없음,,,,,2017,10
2017102000100416.0,2017년 10월,금요일,서울특별시 광진구 군자동,중상사고,0,1,0,0,차대사람 - 횡단중,안전운전불이행,건조,맑음,교차로 - 교차로부근,기타불명,기타불명,기타불명,기타불명,보행자,남,21-30세,중상,2017,10
2017102100100024.8,2017년 10월,토요일,서울특별시 광진구 중곡동,경상사고,0,0,2,0,차대차 - 추돌,안전운전불이행,건조,맑음,단일로 - 기타,승용,남,31-40세,상해없음,승용,남,51-60세,경상,2017,10
2017102100100128.0,2017년 10월,토요일,서울특별시 광진구 자양동,경상사고,0,0,2,0,차대차 - 추돌,안전거리미확보,건조,맑음,단일로 - 기타,승용,여,21-30세,상해없음,승용,남,41-50세,경상,2017,10
2017102100100356.8,2017년 10월,토요일,서울특별시 광진구 구의동,중상사고,0,1,2,0,차대차 - 추돌,안전운전불이행,건조,맑음,단일로 - 기타,승용,남,51-60세,상해없음,승용,남,61-64세,경상,2017,10
2017102100100516.0,2017년 10월,토요일,서울특별시 광진구 중곡동,경상사고,0,0,2,0,차대차 - 충돌,기타,건조,맑음,단일로 - 기타,승용,남,61-64세,상해없음,승용,여,31-40세,경상,2017,10
2017102100100639.2,2017년 10월,토요일,서울특별시 광진구 화양동,경상사고,0,0,1,0,차대사람 - 기타,안전운전불이행,건조,맑음,단일로 - 기타,기타불명,기타불명,기타불명,기타불명,보행자,남,61-64세,경상,2017,10
2017102200100072.8,2017년 10월,일요일,서울특별시 광진구 화양동,경상사고,0,0,1,0,차대사람 - 기타,안전운전불이행,건조,맑음,단일로 - 기타,승용,남,21-30세,상해없음,보행자,남,65세 이상,경상,2017,10
2017102200100128.8,2017년 10월,일요일,서울특별시 광진구 구의동,경상사고,0,0,1,0,차대차 - 기타,안전거리미확보,건조,맑음,단일로 - 기타,승합,남,65세 이상,상해없음,승용,남,21-30세,경상,2017,10
2017102200100148.8,2017년 10월,일요일,서울특별시 광진구 능동,경상사고,0,0,1,0,차량단독 - 기타,안전운전불이행,건조,맑음,단일로 - 기타,승합,남,51-60세,상해없음,,,,,2017,10
2017100000000000.0,2017년 10월,일요일,서울특별시 광진구 구의동,중상사고,0,1,0,0,차대차 - 충돌,안전운전불이행,건조,맑음,교차로 - 교차로부근,승용,남,31-40세,상해없음,원동기,남,65세 이상,중상,2017,10
2017100000000000.0,2017년 10월,일요일,서울특별시 광진구 구의동,경상사고,0,0,1,0,차대차 - 기타,안전운전불이행,건조,맑음,교차로 - 교차로안,승용,남,21-30세,상해없음,이륜,남,31-40세,경상,2017,10
2017102200100580.8,2017년 10월,일요일,서울특별시 광진구 중곡동,중상사고,0,2,0,0,차대차 - 충돌,안전거리미확보,건조,기타,단일로 - 기타,승용,남,41-50세,상해없음,이륜,남,21-30세,중상,2017,10
2017102300100019.2,2017년 10월,월요일,서울특별시 광진구 구의동,경상사고,0,0,1,1,차대차 - 충돌,안전운전불이행,건조,맑음,단일로 - 기타,승용,남,21-30세,상해없음,승용,남,41-50세,부상신고,2017,10
2017102300100086.0,2017년 10월,월요일,서울특별시 광진구 중곡동,중상사고,0,1,0,0,차대사람 - 기타,안전운전불이행,건조,맑음,교차로 - 교차로안,승용,남,61-64세,상해없음,보행자,여,13-20세,중상,2017,10
2017102300100260.8,2017년 10월,월요일,서울특별시 광진구 구의동,중상사고,0,1,0,0,차대차 - 기타,안전거리미확보,건조,맑음,단일로 - 기타,승용,남,31-40세,상해없음,승합,남,41-50세,상해없음,2017,10
2017102300100318.0,2017년 10월,월요일,서울특별시 광진구 광장동,중상사고,0,1,2,0,차대사람 - 기타,보행자보호의무위반,건조,맑음,단일로 - 기타,승용,여,51-60세,상해없음,보행자,여,12세 이하,경상,2017,10
2017102300100319.2,2017년 10월,월요일,서울특별시 광진구 화양동,경상사고,0,0,1,0,차대차 - 추돌,안전운전불이행,건조,맑음,단일로 - 기타,승용,남,21-30세,상해없음,원동기,남,31-40세,경상,2017,10
2017100000000000.0,2017년 10월,월요일,서울특별시 광진구 구의동,경상사고,0,0,2,0,차대차 - 충돌,신호위반,건조,맑음,교차로 - 교차로안,승용,여,31-40세,경상,승용,여,51-60세,경상,2017,10
2017100000000000.0,2017년 10월,월요일,서울특별시 광진구 구의동,부상신고사고,0,0,0,1,차대사람 - 기타,안전운전불이행,건조,맑음,단일로 - 기타,승용,남,41-50세,상해없음,보행자,남,31-40세,부상신고,2017,10
2017102400100036.0,2017년 10월,화요일,서울특별시 광진구 구의동,경상사고,0,0,1,0,차량단독 - 기타,안전운전불이행,건조,맑음,단일로 - 기타,승용,남,65세 이상,상해없음,,,,,2017,10
2017102400100132.8,2017년 10월,화요일,서울특별시 광진구 구의동,경상사고,0,0,1,0,차대차 - 기타,중앙선침범,건조,맑음,교차로 - 교차로부근,승용,남,65세 이상,상해없음,승합,남,51-60세,상해없음,2017,10
2017102400100212.0,2017년 10월,화요일,서울특별시 광진구 중곡동,경상사고,0,0,1,0,차대사람 - 기타,신호위반,건조,맑음,단일로 - 기타,승용,남,31-40세,기타불명,보행자,여,12세 이하,경상,2017,10
2017102400100212.8,2017년 10월,화요일,서울특별시 광진구 구의동,중상사고,0,1,1,0,차대차 - 충돌,안전거리미확보,건조,맑음,단일로 - 기타,승용,남,51-60세,중상,승용,남,31-40세,경상,2017,10
2017102400100318.0,2017년 10월,화요일,서울특별시 광진구 자양동,경상사고,0,0,3,0,차대차 - 충돌,안전거리미확보,건조,맑음,교차로 - 교차로부근,승용,남,21-30세,경상,승용,남,51-60세,경상,2017,10
2017102400100487.2,2017년 10월,화요일,서울특별시 광진구 중곡동,부상신고사고,0,0,0,1,차대차 - 충돌,신호위반,건조,맑음,교차로 - 교차로안,이륜,여,41-50세,상해없음,이륜,남,51-60세,부상신고,2017,10
2017102400100688.0,2017년 10월,화요일,서울특별시 광진구 구의동,경상사고,0,0,1,0,차대차 - 충돌,신호위반,건조,맑음,교차로 - 교차로안,이륜,남,21-30세,경상,승용,남,61-64세,상해없음,2017,10
2017102500100175.2,2017년 10월,수요일,서울특별시 광진구 구의동,경상사고,0,0,1,0,차대차 - 추돌,안전운전불이행,건조,맑음,교차로 - 교차로부근,화물,남,51-60세,상해없음,승용,여,51-60세,경상,2017,10
2017102500100388.0,2017년 10월,수요일,서울특별시 광진구 중곡동,중상사고,0,1,0,0,차대사람 - 횡단중,안전운전불이행,건조,맑음,단일로 - 기타,승용,여,61-64세,상해없음,보행자,여,65세 이상,중상,2017,10
2017102500100432.8,2017년 10월,수요일,서울특별시 광진구 자양동,경상사고,0,0,1,0,차대사람 - 기타,안전운전불이행,건조,맑음,단일로 - 기타,승용,남,51-60세,상해없음,보행자,여,61-64세,경상,2017,10
2017102500100664.8,2017년 10월,수요일,서울특별시 광진구 구의동,중상사고,0,1,0,0,차대차 - 추돌,안전운전불이행,건조,맑음,교차로 - 교차로부근,승용,남,31-40세,상해없음,승용,남,31-40세,상해없음,2017,10
2017102600100368.8,2017년 10월,목요일,서울특별시 광진구 중곡동,중상사고,0,1,0,0,차대차 - 기타,안전거리미확보,건조,맑음,단일로 - 기타,승용,여,41-50세,상해없음,이륜,여,31-40세,중상,2017,10
2017102600100439.2,2017년 10월,목요일,서울특별시 광진구 중곡동,경상사고,0,0,1,0,차대차 - 추돌,안전운전불이행,건조,맑음,교차로 - 교차로부근,승용,남,41-50세,상해없음,승용,남,21-30세,경상,2017,10
2017102600100551.2,2017년 10월,목요일,서울특별시 광진구 중곡동,경상사고,0,0,1,0,차대차 - 충돌,안전거리미확보,건조,흐림,단일로 - 기타,승합,남,41-50세,상해없음,승용,남,51-60세,경상,2017,10
2017102700100427.2,2017년 10월,금요일,서울특별시 광진구 중곡동,경상사고,0,0,3,0,차대사람 - 기타,안전운전불이행,건조,맑음,단일로 - 기타,승용,남,65세 이상,상해없음,보행자,여,51-60세,경상,2017,10
2017102800100082.0,2017년 10월,토요일,서울특별시 광진구 화양동,경상사고,0,0,1,0,차대사람 - 기타,안전운전불이행,건조,맑음,단일로 - 기타,기타불명,기타불명,기타불명,기타불명,보행자,여,21-30세,경상,2017,10
2017102800100180.8,2017년 10월,토요일,서울특별시 광진구 중곡동,경상사고,0,0,1,0,차대사람 - 차도통행중,안전운전불이행,건조,맑음,단일로 - 기타,승용,남,61-64세,상해없음,보행자,남,61-64세,경상,2017,10
2017102800100264.0,2017년 10월,토요일,서울특별시 광진구 광장동,경상사고,0,0,4,0,차대차 - 추돌,안전거리미확보,건조,맑음,단일로 - 기타,승용,남,65세 이상,상해없음,승용,남,41-50세,경상,2017,10
2017102800100420.8,2017년 10월,토요일,서울특별시 광진구 구의동,경상사고,0,0,1,0,차량단독 - 기타,안전운전불이행,건조,맑음,단일로 - 기타,승합,남,41-50세,상해없음,,,,,2017,10
2017102800100478.0,2017년 10월,토요일,서울특별시 광진구 군자동,경상사고,0,0,1,0,차대차 - 기타,안전거리미확보,건조,맑음,단일로 - 기타,승용,남,65세 이상,상해없음,승용,남,51-60세,상해없음,2017,10