사고번호,발생년월,요일,시군구,사고내용,사망자수,중상자수,경상자수,부상신고자수,사고유형,법규위반,노면상태,기상상태,도로형태,가해운전자 차종,가해운전자 성별,가해운전자 연령대,가해운전자 상해정도,피해운전자 차종,피해운전자 성별,피해운전자 연령대,피해운전자 상해정도,발생년도,발생월
2017102800100776.8,2017년 10월,토요일,서울특별시 광진구 자양동,경상사고,0,0,2,0,차대차 - 추돌,안전운전불이행,건조,맑음,단일로 - 기타,승용,남,21-30세,상해없음,승용,여,31-40세,경상,2017,10
2017102900100439.2,2017년 10월,일요일,서울특별시 광진구 광장동,경상사고,0,0,2,0,차대차 - 추돌,안전운전불이행,건조,맑음,단일로 - 기타,승용,남,51-60세,상해없음,화물,남,51-60세,경상,2017,10
2017100000000000.0,2017년 10월,일요일,서울특별시 광진구 광장동,경상사고,0,0,1,0,차대차 - 충돌,안전거리미확보,건조,맑음,교차로 - 교차로부근,화물,남,51-60세,상해없음,승용,남,61-64세,경상,2017,10
2017100000000000.0,2017년 10월,월요일,서울특별시 광진구 중곡동,사망사고,1,0,0,0,차대사람 - 횡단중,안전운전불이행,건조,맑음,교차로 - 교차로안,화물,남,51-60세,상해없음,보행자,여,61-64세,사망,2017,10
2017103000100303.2,2017년 10월,월요일,서울특별시 광진구 화양동,경상사고,0,0,1,0,차대사람 - 길가장자리구역통행중,안전운전불이행,건조,맑음,단일로 - 기타,기타불명,기타불명,기타불명,기타불명,보행자,여,13-20세,경상,2017,10
2017103000100559.2,2017년 10월,월요일,서울특별시 광진구 중곡동,중상사고,0,1,1,0,차대사람 - 횡단중,안전운전불이행,건조,맑음,교차로 - 교차로부근,원동기,남,41-50세,중상,보행자,여,12세 이하,경상,2017,10
2017103000100728.0,2017년 10월,월요일,서울특별시 광진구 화양동,경상사고,0,0,2,0,차대차 - 추돌,안전운전불이행,건조,맑음,단일로 - 기타,승용,남,21-30세,상해없음,승용,남,21-30세,경상,2017,10
2017103100100123.2,2017년 10월,화요일,서울특별시 광진구 자양동,경상사고,0,0,1,0,차대차 - 추돌,안전운전불이행,건조,맑음,단일로 - 기타,기타불명,기타불명,기타불명,기타불명,자전거,남,13-20세,경상,2017,10
2017100000000000.0,2017년 10월,화요일,서울특별시 광진구 광장동,중상사고,0,1,0,0,차대사람 - 횡단중,보행자보호의무위반,건조,맑음,교차로 - 교차로횡단보도내,승용,남,65세 이상,상해없음,보행자,여,51-60세,상해없음,2017,10
2017103100100256.8,2017년 10월,화요일,서울특별시 광진구 자양동,중상사고,0,1,0,0,차대사람 - 횡단중,신호위반,건조,맑음,단일로 - 기타,승합,남,65세 이상,상해없음,보행자,여,51-60세,중상,2017,10
2017103100100324.8,2017년 10월,화요일,서울특별시 광진구 중곡동,중상사고,0,1,0,0,차대차 - 기타,안전운전불이행,건조,맑음,교차로 - 교차로횡단보도내,자전거,여,65세 이상,중상,승합,남,61-64세,상해없음,2017,10
2017103100100412.8,2017년 10월,화요일,서울특별시 광진구 화양동,중상사고,0,1,0,0,차대사람 - 횡단중,보행자보호의무위반,건조,맑음,교차로 - 교차로횡단보도내,화물,남,61-64세,상해없음,보행자,여,13-20세,중상,2017,10
2017100000000000.0,2017년 10월,화요일,서울특별시 광진구 구의동,경상사고,0,0,1,0,차대차 - 기타,안전운전불이행,건조,맑음,교차로 - 교차로안,원동기,남,41-50세,상해없음,원동기,남,13-20세,경상,2017,10
2017103100100715.2,2017년 10월,화요일,서울특별시 광진구 화양동,중상사고,0,2,0,0,차대차 - 충돌,안전운전불이행,건조,맑음,교차로 - 교차로부근,원동기,남,21-30세,상해없음,승용,남,21-30세,중상,2017,10
2017103100100744.0,2017년 10월,화요일,서울특별시 광진구 군자동,중상사고,0,2,2,0,차대차 - 충돌,신호위반,건조,맑음,교차로 - 교차로안,승용,남,41-50세,상해없음,승용,남,51-60세,중상,2017,10
2017110300100024.0,2017년 11월,금요일,서울특별시 광진구 능동,경상사고,0,0,2,0,차대차 - 추돌,안전운전불이행,건조,맑음,단일로 - 기타,승용,여,21-30세,상해없음,승용,여,21-30세,경상,2017,11
2017110300100046.0,2017년 11월,금요일,서울특별시 광진구 중곡동,경상사고,0,0,3,0,차대차 - 추돌,안전운전불이행,건조,맑음,단일로 - 기타,승용,남,61-64세,상해없음,승용,남,61-64세,경상,2017,11
2017110300100187.2,2017년 11월,금요일,서울특별시 광진구 구의동,중상사고,0,1,0,0,차대차 - 추돌,안전운전불이행,건조,맑음,단일로 - 기타,승용,남,21-30세,상해없음,승용,남,41-50세,중상,2017,11
2017110400100152.0,2017년 11월,토요일,서울특별시 광진구 자양동,경상사고,0,0,1,0,차대차 - 기타,안전운전불이행,건조,맑음,단일로 - 기타,화물,남,31-40세,상해없음,승용,남,31-40세,경상,2017,11
2017110400100307.2,2017년 11월,토요일,서울특별시 광진구 구의동,경상사고,0,0,1,0,차대사람 - 횡단중,보행자보호의무위반,건조,맑음,교차로 - 교차로안,승용,여,41-50세,상해없음,보행자,여,65세 이상,경상,2017,11
2017110400100340.8,2017년 11월,토요일,서울특별시 광진구 군자동,중상사고,0,1,0,0,차대사람 - 기타,안전운전불이행,건조,맑음,단일로 - 기타,승용,여,31-40세,상해없음,보행자,여,65세 이상,중상,2017,11
2017110400100374.0,2017년 11월,토요일,서울특별시 광진구 군자동,경상사고,0,0,2,1,차대차 - 추돌,안전운전불이행,건조,맑음,단일로 - 기타,승용,여,41-50세,상해없음,승용,남,41-50세,부상신고,2017,11
2017110500100075.2,2017년 11월,일요일,서울특별시 광진구 자양동,경상사고,0,0,1,0,차대차 - 충돌,신호위반,건조,맑음,교차로 - 교차로안,승용,남,21-30세,상해없음,승용,남,41-50세,경상,2017,11
2017110500100371.2,2017년 11월,일요일,서울특별시 광진구 중곡동,중상사고,0,1,0,0,차대사람 - 횡단중,안전운전불이행,건조,맑음,단일로 - 기타,이륜,남,21-30세,상해없음,보행자,여,65세 이상,중상,2017,11
2017110500100499.2,2017년 11월,일요일,서울특별시 광진구 군자동,경상사고,0,0,1,0,차대차 - 충돌,안전거리미확보,건조,맑음,단일로 - 기타,이륜,남,31-40세,경상,승용,남,65세 이상,상해없음,2017,11
2017110600100080.8,2017년 11월,월요일,서울특별시 광진구 광장동,경상사고,0,0,1,0,차대차 - 충돌,안전거리미확보,건조,맑음,단일로 - 기타,승용,남,51-60세,상해없음,화물,남,51-60세,경상,2017,11
2017110600100416.8,2017년 11월,월요일,서울특별시 광진구 구의동,중상사고,0,1,0,0,차대차 - 충돌,안전운전불이행,건조,맑음,단일로 - 기타,승용,여,61-64세,상해없음,승용,여,31-40세,중상,2017,11
2017110600100634.0,2017년 11월,월요일,서울특별시 광진구 화양동,경상사고,0,0,1,0,차대차 - 추돌,안전운전불이행,건조,맑음,교차로 - 교차로부근,승용,남,31-40세,상해없음,승용,남,41-50세,경상,2017,11
2017110700100055.2,2017년 11월,화요일,서울특별시 광진구 중곡동,중상사고,0,1,0,0,차대차 - 충돌,신호위반,건조,맑음,교차로 - 교차로안,승용,남,65세 이상,상해없음,이륜,남,65세 이상,중상,2017,11
2017110700100167.2,2017년 11월,화요일,서울특별시 광진구 구의동,경상사고,0,0,1,0,차대사람 - 횡단중,보행자보호의무위반,건조,맑음,교차로 - 교차로횡단보도내,승용,남,31-40세,상해없음,보행자,남,31-40세,경상,2017,11
2017110700100588.8,2017년 11월,화요일,서울특별시 광진구 군자동,중상사고,0,3,0,1,차대사람 - 횡단중,신호위반,건조,맑음,단일로 - 기타,승용,남,51-60세,상해없음,보행자,여,41-50세,중상,2017,11
2017110800100339.2,2017년 11월,수요일,서울특별시 광진구 광장동,경상사고,0,0,1,0,차대차 - 기타,기타,건조,맑음,교차로 - 교차로안,승용,남,61-64세,상해없음,자전거,남,41-50세,경상,2017,11
2017110800100604.0,2017년 11월,수요일,서울특별시 광진구 구의동,경상사고,0,0,1,0,차대차 - 기타,안전운전불이행,건조,맑음,교차로 - 교차로안,기타불명,기타불명,기타불명,기타불명,원동기,남,51-60세,경상,2017,11
2017110800100604.8,2017년 11월,수요일,서울특별시 광진구 군자동,경상사고,0,0,1,0,차대차 - 기타,안전운전불이행,건조,기타,단일로 - 기타,기타불명,기타불명,기타불명,기타불명,원동기,남,13-20세,경상,2017,11
2017110900100036.8,2017년 11월,목요일,서울특별시 광진구 화양동,중상사고,0,1,0,0,차대사람 - 길가장자리구역통행중,안전운전불이행,건조,맑음,단일로 - 기타,승용,남,31-40세,상해없음,보행자,남,21-30세,중상,2017,11
2017110900100046.0,2017년 11월,목요일,서울특별시 광진구 능동,중상사고,0,1,0,0,차대차 - 기타,신호위반,건조,맑음,교차로 - 교차로안,승용,남,41-50세,상해없음,화물,남,31-40세,중상,2017,11
2017110900100063.2,2017년 11월,목요일,서울특별시 광진구 자양동,경상사고,0,0,1,0,차대차 - 기타,신호위반,건조,맑음,단일로 - 기타,승용,남,61-64세,상해없음,자전거,여,41-50세,경상,2017,11
2017110900100419.2,2017년 11월,목요일,서울특별시 광진구 중곡동,중상사고,0,1,0,0,차대사람 - 횡단중,신호위반,건조,맑음,단일로 - 기타,승용,남,31-40세,상해없음,보행자,여,65세 이상,중상,2017,11
2017111000100404.8,2017년 11월,금요일,서울특별시 광진구 능동,경상사고,0,0,1,0,차대차 - 충돌,신호위반,건조,맑음,교차로 - 교차로안,원동기,남,65세 이상,경상,승용,여,21-30세,상해없음,2017,11
2017111000100624.8,2017년 11월,금요일,서울특별시 광진구 광장동,경상사고,0,0,1,0,차대차 - 추돌,안전운전불이행,건조,맑음,단일로 - 기타,승용,남,41-50세,상해없음,승용,남,31-40세,경상,2017,11
2017111100100192.0,2017년 11월,토요일,서울특별시 광진구 자양동,경상사고,0,0,1,0,차대차 - 기타,안전운전불이행,건조,맑음,교차로 - 교차로안,원동기,남,41-50세,경상,승용,남,41-50세,상해없음,2017,11
2017111100100308.8,2017년 11월,토요일,서울특별시 광진구 군자동,중상사고,0,1,0,0,차대차 - 추돌,안전운전불이행,건조,맑음,단일로 - 기타,승용,남,61-64세,상해없음,승용,남,31-40세,중상,2017,11
2017111100100476.8,2017년 11월,토요일,서울특별시 광진구 구의동,경상사고,0,0,2,0,차대차 - 추돌,안전운전불이행,건조,맑음,단일로 - 기타,승용,남,51-60세,상해없음,승용,남,21-30세,경상,2017,11
2017111100100524.0,2017년 11월,토요일,서울특별시 광진구 중곡동,부상신고사고,0,0,0,1,차대사람 - 기타,안전운전불이행,건조,맑음,단일로 - 기타,승용,남,31-40세,상해없음,보행자,남,65세 이상,부상신고,2017,11
2017111100100667.2,2017년 11월,토요일,서울특별시 광진구 자양동,중상사고,0,1,0,0,차량단독 - 전도전복,안전운전불이행,건조,맑음,단일로 - 기타,승용,남,21-30세,상해없음,,,,,2017,11
2017111200100023.2,2017년 11월,일요일,서울특별시 광진구 화양동,중상사고,0,2,1,0,차대차 - 충돌,안전운전불이행,건조,맑음,단일로 - 기타,승용,남,51-60세,상해없음,승용,남,61-64세,중상,2017,11
2017111200100226.0,2017년 11월,일요일,서울특별시 광진구 구의동,부상신고사고,0,0,0,1,차대차 - 기타,안전운전불이행,건조,맑음,교차로 - 교차로안,이륜,남,21-30세,부상신고,승용,남,41-50세,상해없음,2017,11
2017111200100328.0,2017년 11월,일요일,서울특별시 광진구 화양동,중상사고,0,1,0,0,차대차 - 충돌,기타,건조,맑음,단일로 - 기타,승용,남,51-60세,상해없음,이륜,남,41-50세,중상,2017,11
2017110000000000.0,2017년 11월,월요일,서울특별시 광진구 화양동,중상사고,0,1,3,0,차대차 - 추돌,안전운전불이행,건조,맑음,단일로 - 기타,승용,남,21-30세,상해없음,승용,남,31-40세,경상,2017,11
2017111300100579.2,2017년 11월,월요일,서울특별시 광진구 중곡동,중상사고,0,1,0,0,차대사람 - 기타,안전운전불이행,건조,맑음,단일로 - 기타,승용,남,21-30세,상해없음,보행자,여,61-64세,중상,2017,11
2017111400100108.8,2017년 11월,화요일,서울특별시 광진구 중곡동,경상사고,0,0,1,0,차대사람 - 길가장자리구역통행중,안전운전불이행,건조,맑음,단일로 - 기타,승용,남,65세 이상,상해없음,보행자,여,61-64세,경상,2017,11
2017111400100352.8,2017년 11월,화요일,서울특별시 광진구 구의동,경상사고,0,0,3,0,차대차 - 충돌,교차로운행방법위반,건조,맑음,교차로 - 교차로부근,승용,남,21-30세,상해없음,승합,남,41-50세,상해없음,2017,11
2017111400100428.0,2017년 11월,화요일,서울특별시 광진구 광장동,중상사고,0,1,0,0,차대사람 - 차도통행중,안전운전불이행,건조,맑음,교차로 - 교차로안,승용,남,65세 이상,상해없음,보행자,남,65세 이상,중상,2017,11
2017111400100576.8,2017년 11월,화요일,서울특별시 광진구 자양동,경상사고,0,0,1,0,차대차 - 추돌,안전운전불이행,건조,맑음,단일로 - 기타,승용,남,61-64세,상해없음,승용,남,41-50세,경상,2017,11
2017111400100663.2,2017년 11월,화요일,서울특별시 광진구 자양동,경상사고,0,0,1,0,차대차 - 충돌,안전거리미확보,건조,맑음,단일로 - 기타,화물,남,31-40세,상해없음,화물,남,31-40세,경상,2017,11
2017111500100052.8,2017년 11월,수요일,서울특별시 광진구 화양동,중상사고,0,1,0,0,차대사람 - 차도통행중,안전운전불이행,건조,맑음,단일로 - 기타,승용,남,51-60세,상해없음,보행자,남,51-60세,중상,2017,11
2017111500100504.0,2017년 11월,수요일,서울특별시 광진구 중곡동,경상사고,0,0,2,0,차대차 - 기타,안전운전불이행,건조,맑음,교차로 - 교차로안,승용,남,51-60세,경상,승용,남,41-50세,경상,2017,11
2017110000000000.0,2017년 11월,수요일,서울특별시 광진구 중곡동,중상사고,0,1,0,0,차대사람 - 길가장자리구역통행중,안전운전불이행,건조,맑음,단일로 - 기타,승용,여,41-50세,상해없음,보행자,여,65세 이상,중상,2017,11
2017111500100594.0,2017년 11월,수요일,서울특별시 광진구 자양동,경상사고,0,0,1,0,차대사람 - 횡단중,보행자보호의무위반,건조,맑음,단일로 - 기타,승용,여,21-30세,상해없음,보행자,여,31-40세,경상,2017,11
2017111600100036.0,2017년 11월,목요일,서울특별시 광진구 중곡동,중상사고,0,1,0,0,차대차 - 충돌,직진우회전진행방해,건조,맑음,교차로 - 교차로안,원동기,남,41-50세,상해없음,승용,남,51-60세,상해없음,2017,11
2017111700100056.8,2017년 11월,금요일,서울특별시 광진구 능동,경상사고,0,0,1,0,차대차 - 기타,신호위반,건조,맑음,단일로 - 기타,승용,남,51-60세,상해없음,자전거,남,21-30세,경상,2017,11
2017111700100075.2,2017년 11월,금요일,서울특별시 광진구 능동,중상사고,0,1,0,0,차대사람 - 기타,안전운전불이행,건조,맑음,단일로 - 기타,승용,남,51-60세,상해없음,보행자,여,65세 이상,중상,2017,11
2017111700100414.0,2017년 11월,금요일,서울특별시 광진구 구의동,경상사고,0,0,1,0,차대차 - 기타,신호위반,건조,맑음,교차로 - 교차로안,승용,남,65세 이상,상해없음,자전거,남,51-60세,경상,2017,11
2017111700100624.0,2017년 11월,금요일,서울특별시 광진구 구의동,중상사고,0,1,0,1,차대사람 - 보도통행중,신호위반,건조,맑음,단일로 - 기타,이륜,남,31-40세,부상신고,보행자,여,13-20세,중상,2017,11
2017111800100040.8,2017년 11월,토요일,서울특별시 광진구 광장동,경상사고,0,0,3,0,차대차 - 추돌,안전운전불이행,건조,맑음,단일로 - 기타,승용,남,31-40세,상해없음,승용,남,51-60세,경상,2017,11
2017111800100272.8,2017년 11월,토요일,서울특별시 광진구 자양동,부상신고사고,0,0,0,1,차대차 - 충돌,안전운전불이행,건조,맑음,단일로 - 기타,자전거,남,20세 이하,부상신고,화물,남,21-30세,상해없음,2017,11
2017111800100482.0,2017년 11월,토요일,서울특별시 광진구 군자동,경상사고,0,0,1,0,차대차 - 추돌,안전운전불이행,건조,맑음,단일로 - 기타,승용,남,51-60세,상해없음,승용,남,21-30세,경상,2017,11
2017111800100655.2,2017년 11월,토요일,서울특별시 광진구 화양동,경상사고,0,0,1,0,차대차 - 추돌,안전거리미확보,건조,맑음,교차로 - 교차로안,원동기,남,21-30세,상해없음,승용,남,21-30세,경상,2017,11
2017111900100012.8,2017년 11월,일요일,서울특별시 광진구 화양동,부상신고사고,0,0,0,1,차대사람 - 기타,안전운전불이행,건조,맑음,단일로 - 기타,승용,남,21-30세,상해없음,보행자,여,13-20세,부상신고,2017,11
2017111900100304.8,2017년 11월,일요일,서울특별시 광진구 화양동,부상신고사고,0,0,0,1,차대사람 - 기타,안전운전불이행,건조,맑음,기타 - 기타,자전거,남,21-30세,상해없음,보행자,남,65세 이상,부상신고,2017,11
2017111900100508.8,2017년 11월,일요일,서울특별시 광진구 능동,경상사고,0,0,1,0,차대차 - 충돌,차로위반,건조,맑음,단일로 - 기타,승용,남,61-64세,상해없음,승용,남,31-40세,경상,2017,11
2017112000100414.0,2017년 11월,월요일,서울특별시 광진구 자양동,중상사고,0,1,0,0,차대사람 - 기타,보행자보호의무위반,젖음/습기,눈,교차로 - 교차로안,승용,남,21-30세,상해없음,보행자,남,12세 이하,중상,2017,11
2017112100100294.0,2017년 11월,화요일,서울특별시 광진구 중곡동,경상사고,0,0,1,0,차대차 - 추돌,안전거리미확보,건조,맑음,단일로 - 기타,승합,남,51-60세,상해없음,화물,남,21-30세,경상,2017,11
2017112200100022.0,2017년 11월,수요일,서울특별시 광진구 화양동,중상사고,0,1,2,0,차대차 - 추돌,안전운전불이행,건조,맑음,단일로 - 기타,승용,남,31-40세,상해없음,승용,남,51-60세,중상,2017,11
2017112200100380.8,2017년 11월,수요일,서울특별시 광진구 화양동,경상사고,0,0,4,0,차대차 - 추돌,안전운전불이행,건조,맑음,단일로 - 기타,승합,남,41-50세,상해없음,승용,여,41-50세,경상,2017,11
2017112200100496.8,2017년 11월,수요일,서울특별시 광진구 구의동,경상사고,0,0,1,0,차대사람 - 횡단중,안전운전불이행,건조,흐림,단일로 - 기타,승용,남,51-60세,상해없음,보행자,여,12세 이하,경상,2017,11
2017112200100556.8,2017년 11월,수요일,서울특별시 광진구 중곡동,경상사고,0,0,1,0,차대차 - 충돌,안전운전불이행,건조,맑음,교차로 - 교차로부근,승용,남,21-30세,경상,승용,남,61-64세,상해없음,2017,11
2017112300100118.0,2017년 11월,목요일,서울특별시 광진구 군자동,경상사고,0,0,1,0,차대차 - 충돌,안전운전불이행,건조,맑음,교차로 - 교차로안,화물,남,65세 이상,상해없음,승용,남,65세 이상,경상,2017,11
2017112300100218.0,2017년 11월,목요일,서울특별시 광진구 자양동,경상사고,0,0,2,0,차대차 - 충돌,차로위반,건조,맑음,단일로 - 기타,승용,남,41-50세,상해없음,승용,남,21-30세,경상,2017,11
2017112300100546.0,2017년 11월,목요일,서울특별시 광진구 자양동,중상사고,0,1,1,0,차대사람 - 횡단중,안전운전불이행,건조,맑음,단일로 - 기타,이륜,남,31-40세,경상,보행자,여,61-64세,중상,2017,11
2017112300100647.2,2017년 11월,목요일,서울특별시 광진구 화양동,경상사고,0,0,1,0,차대사람 - 길가장자리구역통행중,안전운전불이행,건조,기타,단일로 - 기타,화물,남,31-40세,상해없음,보행자,남,21-30세,경상,2017,11
2017112400100024.8,2017년 11월,금요일,서울특별시 광진구 화양동,경상사고,0,0,1,1,차대차 - 추돌,안전운전불이행,건조,맑음,단일로 - 기타,이륜,남,31-40세,부상신고,이륜,남,21-30세,경상,2017,11
2017112400100136.0,2017년 11월,금요일,서울특별시 광진구 자양동,경상사고,0,0,1,0,차대차 - 충돌,안전운전불이행,건조,맑음,교차로 - 교차로부근,원동기,남,31-40세,상해없음,자전거,여,51-60세,경상,2017,11
2017112400100252.0,2017년 11월,금요일,서울특별시 광진구 자양동,중상사고,0,2,1,0,차대차 - 추돌,과속,건조,맑음,단일로 - 기타,승용,여,51-60세,상해없음,승용,남,65세 이상,중상,2017,11
2017112400100339.2,2017년 11월,금요일,서울특별시 광진구 구의동,경상사고,0,0,1,0,차대사람 - 횡단중,신호위반,건조,맑음,교차로 - 교차로부근,승용,남,31-40세,상해없음,보행자,여,13-20세,경상,2017,11
2017112400100488.0,2017년 11월,금요일,서울특별시 광진구 중곡동,경상사고,0,0,1,0,차대사람 - 기타,안전운전불이행,건조,맑음,단일로 - 기타,승용,여,31-40세,상해없음,보행자,남,65세 이상,경상,2017,11
2017112400100584.0,2017년 11월,금요일,서울특별시 광진구 광장동,중상사고,0,1,0,0,차대차 - 기타,중앙선침범,건조,맑음,단일로 - 기타,이륜,남,41-50세,상해없음,이륜,남,41-50세,중상,2017,11
2017112400100732.0,2017년 11월,금요일,서울특별시 광진구 중곡동,경상사고,0,0,2,0,차량단독 - 기타,안전운전불이행,서리/결빙,맑음,단일로 - 기타,승용,남,41-50세,상해없음,,,,,2017,11
2017112500100379.2,2017년 11월,토요일,서울특별시 광진구 광장동,중상사고,0,2,0,0,차대차 - 충돌,신호위반,젖음/습기,비,단일로 - 기타,승용,남,65세 이상,상해없음,승용,여,31-40세,중상,2017,11
2017112500100595.2,2017년 11월,토요일,서울특별시 광진구 화양동,경상사고,0,0,1,0,차대사람 - 차도통행중,안전운전불이행,젖음/습기,흐림,단일로 - 기타,승용,여,31-40세,상해없음,보행자,남,51-60세,경상,2017,11
2017112600100048.0,2017년 11월,일요일,서울특별시 광진구 광장동,중상사고,0,1,0,0,차대차 - 추돌,안전운전불이행,건조,맑음,단일로 - 기타,승용,남,21-30세,상해없음,승용,남,41-50세,중상,2017,11
2017112600100263.2,2017년 11월,일요일,서울특별시 광진구 중곡동,경상사고,0,0,1,0,차대사람 - 길가장자리구역통행중,안전운전불이행,건조,맑음,교차로 - 교차로부근,승용,남,51-60세,상해없음,보행자,여,65세 이상,경상,2017,11
2017112700100119.2,2017년 11월,월요일,서울특별시 광진구 자양동,부상신고사고,0,0,0,1,차대사람 - 기타,안전운전불이행,건조,맑음,단일로 - 기타,승용,여,31-40세,상해없음,보행자,남,12세 이하,부상신고,2017,11
2017112700100532.8,2017년 11월,월요일,서울특별시 광진구 자양동,부상신고사고,0,0,0,1,차대차 - 충돌,안전운전불이행,건조,맑음,교차로 - 교차로부근,이륜,남,41-50세,부상신고,승합,남,51-60세,상해없음,2017,11
2017112800100092.8,2017년 11월,화요일,서울특별시 광진구 자양동,경상사고,0,0,1,0,차대차 - 충돌,중앙선침범,건조,맑음,교차로 - 교차로부근,승용,남,41-50세,상해없음,자전거,남,65세 이상,경상,2017,11
2017110000000000.0,2017년 11월,화요일,서울특별시 광진구 능동,경상사고,0,0,1,0,차대차 - 기타,안전거리미확보,건조,맑음,단일로 - 기타,승용,남,21-30세,상해없음,승용,남,51-60세,상해없음,2017,11
2017112900100064.8,2017년 11월,수요일,서울특별시 광진구 능동,경상사고,0,0,2,0,차대차 - 추돌,안전운전불이행,건조,맑음,교차로 - 교차로부근,승용,남,21-30세,상해없음,승용,남,41-50세,경상,2017,11
2017112900100146.0,2017년 11월,수요일,서울특별시 광진구 군자동,중상사고,0,1,0,0,차대사람 - 기타,안전운전불이행,건조,맑음,교차로 - 교차로안,기타불명,기타불명,기타불명,기타불명,보행자,여,65세 이상,중상,2017,11
2017112900100172.0,2017년 11월,수요일,서울특별시 광진구 중곡동,경상사고,0,0,4,0,차대차 - 추돌,안전운전불이행,건조,맑음,단일로 - 기타,승합,남,31-40세,상해없음,승용,여,41-50세,경상,2017,11
2017112900100172.8,2017년 11월,수요일,서울특별시 광진구 자양동,경상사고,0,0,1,0,차대차 - 충돌,안전거리미확보,건조,맑음,단일로 - 기타,승용,남,61-64세,상해없음,건설기계,남,61-64세,경상,2017,11
2017110000000000.0,2017년 11월,목요일,서울특별시 광진구 자양동,중상사고,0,1,0,0,차대차 - 추돌,안전운전불이행,젖음/습기,맑음,단일로 - 기타,승용,남,31-40세,상해없음,승용,여,41-50세,중상,2017,11
2017113000100020.8,2017년 11월,목요일,서울특별시 광진구 자양동,중상사고,0,1,0,0,차대차 - 추돌,안전운전불이행,건조,맑음,단일로 - 기타,승용,남,21-30세,상해없음,승용,여,41-50세,중상,2017,11
2017113000100184.0,2017년 11월,목요일,서울특별시 광진구 광장동,중상사고,0,1,2,0,차대차 - 추돌,안전거리미확보,건조,맑음,교차로 - 교차로부근,화물,남,51-60세,상해없음,승용,여,51-60세,중상,2017,11
2017113000100415.2,2017년 11월,목요일,서울특별시 광진구 중곡동,경상사고,0,0,1,0,차대사람 - 횡단중,안전운전불이행,건조,맑음,교차로 - 교차로부근,이륜,기타불명,기타불명,기타불명,보행자,남,13-20세,경상,2017,11
2017120100100318.0,2017년 12월,금요일,서울특별시 광진구 군자동,중상사고,0,1,0,0,차대차 - 기타,기타,건조,맑음,단일로 - 기타,승용,남,51-60세,상해없음,원동기,남,31-40세,중상,2018,12
2017120200100024.0,2017년 12월,토요일,서울특별시 광진구 화양동,경상사고,0,0,1,0,차대차 - 추돌,안전운전불이행,건조,맑음,단일로 - 기타,승용,남,61-64세,상해없음,승용,남,21-30세,상해없음,2018,12
2017120200100047.2,2017년 12월,토요일,서울특별시 광진구 구의동,경상사고,0,0,3,0,차대차 - 충돌,신호위반,건조,맑음,교차로 - 교차로안,승용,남,31-40세,상해없음,승용,남,51-60세,경상,2018,12
2017120200100331.2,2017년 12월,토요일,서울특별시 광진구 군자동,경상사고,0,0,1,0,차대차 - 기타,안전운전불이행,건조,맑음,단일로 - 기타,승용,남,31-40세,상해없음,승용,남,41-50세,상해없음,2018,12
2017120200100368.8,2017년 12월,토요일,서울특별시 광진구 화양동,경상사고,0,0,1,0,차대사람 - 길가장자리구역통행중,안전운전불이행,건조,맑음,단일로 - 기타,승용,여,31-40세,상해없음,보행자,남,21-30세,경상,2018,12
2017120200100606.0,2017년 12월,토요일,서울특별시 광진구 자양동,경상사고,0,0,1,0,차대차 - 충돌,차로위반,건조,맑음,교차로 - 교차로부근,승용,남,51-60세,상해없음,승용,남,21-30세,경상,2018,12
2017120300100074.0,2017년 12월,일요일,서울특별시 광진구 구의동,경상사고,0,0,1,0,차대차 - 추돌,안전운전불이행,건조,맑음,단일로 - 기타,승용,남,21-30세,상해없음,승용,남,65세 이상,경상,2018,12
2017120000000000.0,2017년 12월,일요일,서울특별시 광진구 자양동,경상사고,0,0,1,0,차대차 - 충돌,안전운전불이행,건조,맑음,교차로 - 교차로안,승용,여,21-30세,상해없음,승용,남,65세 이상,경상,2018,12
2017120300100242.0,2017년 12월,일요일,서울특별시 광진구 구의동,중상사고,0,1,1,0,차대차 - 충돌,교차로운행방법위반,건조,맑음,교차로 - 교차로안,승용,남,31-40세,경상,승용,여,41-50세,중상,2018,12
2017120400100172.0,2017년 12월,월요일,서울특별시 광진구 중곡동,부상신고사고,0,0,0,1,차대차 - 충돌,중앙선침범,건조,맑음,교차로 - 교차로횡단보도내,자전거,여,31-40세,부상신고,원동기,남,41-50세,상해없음,2018,12
2017120400100306.0,2017년 12월,월요일,서울특별시 광진구 화양동,경상사고,0,0,1,0,차대차 - 기타,안전운전불이행,건조,맑음,단일로 - 기타,건설기계,남,41-50세,상해없음,승용,남,65세 이상,경상,2018,12
2017120400100372.8,2017년 12월,월요일,서울특별시 광진구 구의동,경상사고,0,0,1,0,차대사람 - 차도통행중,안전운전불이행,건조,맑음,단일로 - 기타,승용,남,51-60세,상해없음,보행자,남,51-60세,경상,2018,12