사고번호,발생년월,요일,시군구,사고내용,사망자수,중상자수,경상자수,부상신고자수,사고유형,법규위반,노면상태,기상상태,도로형태,가해운전자 차종,가해운전자 성별,가해운전자 연령대,가해운전자 상해정도,피해운전자 차종,피해운전자 성별,피해운전자 연령대,피해운전자 상해정도,발생년도,발생월
2017120000000000.0,2017년 12월,월요일,서울특별시 광진구 화양동,경상사고,0,0,3,0,차대차 - 기타,안전운전불이행,건조,맑음,단일로 - 기타,화물,남,51-60세,상해없음,승용,남,21-30세,경상,2018,12
2017120500100564.8,2017년 12월,화요일,서울특별시 광진구 중곡동,중상사고,0,1,0,0,차대사람 - 횡단중,안전운전불이행,건조,맑음,단일로 - 기타,이륜,남,20세 이하,상해없음,보행자,여,31-40세,중상,2018,12
2017120600100204.0,2017년 12월,수요일,서울특별시 광진구 광장동,경상사고,0,0,1,0,차대차 - 기타,안전거리미확보,건조,맑음,단일로 - 기타,승용,여,31-40세,상해없음,승합,남,41-50세,상해없음,2018,12
2017120600100488.0,2017년 12월,수요일,서울특별시 광진구 중곡동,중상사고,0,1,0,0,차대차 - 기타,안전거리미확보,젖음/습기,비,단일로 - 기타,승용,남,51-60세,상해없음,이륜,남,21-30세,중상,2018,12
2017120600100488.8,2017년 12월,수요일,서울특별시 광진구 자양동,경상사고,0,0,3,1,차대차 - 추돌,안전운전불이행,건조,맑음,단일로 - 기타,승용,남,61-64세,상해없음,승용,여,41-50세,경상,2018,12
2017120700100055.2,2017년 12월,목요일,서울특별시 광진구 자양동,부상신고사고,0,0,0,1,차대차 - 기타,안전운전불이행,건조,맑음,단일로 - 교량,자전거,남,65세 이상,부상신고,승용,남,41-50세,상해없음,2018,12
2017120700100060.8,2017년 12월,목요일,서울특별시 광진구 화양동,경상사고,0,0,1,0,차대차 - 기타,안전운전불이행,건조,맑음,교차로 - 교차로안,승용,남,65세 이상,상해없음,승용,남,51-60세,경상,2018,12
2017120700100186.0,2017년 12월,목요일,서울특별시 광진구 구의동,중상사고,0,2,2,0,차대차 - 충돌,안전거리미확보,건조,맑음,단일로 - 고가도로위,승용,남,65세 이상,상해없음,승용,여,41-50세,경상,2018,12
2017120700100378.0,2017년 12월,목요일,서울특별시 광진구 화양동,경상사고,0,0,5,0,차대차 - 추돌,안전운전불이행,건조,맑음,교차로 - 교차로부근,승용,여,41-50세,상해없음,승용,여,21-30세,경상,2018,12
2017120700100588.8,2017년 12월,목요일,서울특별시 광진구 구의동,경상사고,0,0,1,0,차대차 - 기타,안전거리미확보,건조,맑음,단일로 - 기타,원동기,남,31-40세,경상,승용,남,51-60세,상해없음,2018,12
2017120800100131.2,2017년 12월,금요일,서울특별시 광진구 구의동,경상사고,0,0,2,0,차대차 - 충돌,안전거리미확보,건조,맑음,단일로 - 기타,화물,남,51-60세,경상,승용,남,51-60세,경상,2018,12
2017120800100158.0,2017년 12월,금요일,서울특별시 광진구 광장동,경상사고,0,0,2,0,차대차 - 추돌,안전운전불이행,건조,맑음,단일로 - 기타,승용,남,31-40세,상해없음,승용,남,41-50세,경상,2018,12
2017120800100159.2,2017년 12월,금요일,서울특별시 광진구 구의동,경상사고,0,0,1,0,차대사람 - 횡단중,신호위반,건조,맑음,단일로 - 기타,기타불명,기타불명,기타불명,기타불명,보행자,여,31-40세,경상,2018,12
2017120800100460.8,2017년 12월,금요일,서울특별시 광진구 광장동,중상사고,0,1,1,0,차대차 - 충돌,안전거리미확보,건조,맑음,교차로 - 교차로부근,승용,남,20세 이하,상해없음,승용,여,51-60세,중상,2018,12
2017120800100518.0,2017년 12월,금요일,서울특별시 광진구 중곡동,경상사고,0,0,1,0,차대사람 - 기타,안전운전불이행,건조,맑음,단일로 - 기타,승용,여,31-40세,상해없음,보행자,여,12세 이하,경상,2018,12
2017120800100575.2,2017년 12월,금요일,서울특별시 광진구 광장동,경상사고,0,0,1,0,차대차 - 추돌,안전운전불이행,건조,기타,단일로 - 기타,승용,남,21-30세,상해없음,승용,여,41-50세,경상,2018,12
2017120800100576.8,2017년 12월,금요일,서울특별시 광진구 광장동,경상사고,0,0,2,0,차대차 - 충돌,안전거리미확보,건조,맑음,단일로 - 기타,승용,남,65세 이상,경상,승용,남,41-50세,경상,2018,12
2017120900100052.0,2017년 12월,토요일,서울특별시 광진구 화양동,중상사고,0,1,0,0,차대사람 - 길가장자리구역통행중,안전운전불이행,건조,맑음,단일로 - 기타,승용,남,21-30세,상해없음,보행자,여,21-30세,중상,2018,12
2017120900100302.0,2017년 12월,토요일,서울특별시 광진구 구의동,경상사고,0,0,2,0,차대차 - 충돌,안전거리미확보,건조,맑음,단일로 - 기타,승용,여,41-50세,상해없음,승용,남,31-40세,경상,2018,12
2017120900100343.2,2017년 12월,토요일,서울특별시 광진구 화양동,중상사고,0,1,0,0,차대차 - 충돌,신호위반,건조,맑음,교차로 - 교차로부근,승용,남,51-60세,상해없음,이륜,남,21-30세,중상,2018,12
2017120900100344.0,2017년 12월,토요일,서울특별시 광진구 군자동,경상사고,0,0,2,0,차대차 - 추돌,안전운전불이행,건조,맑음,단일로 - 기타,승용,남,31-40세,상해없음,승용,여,21-30세,경상,2018,12
2017120900100472.8,2017년 12월,토요일,서울특별시 광진구 자양동,중상사고,0,1,0,0,차대차 - 기타,중앙선침범,건조,맑음,단일로 - 기타,화물,남,51-60세,상해없음,이륜,남,21-30세,중상,2018,12
2017120900100474.0,2017년 12월,토요일,서울특별시 광진구 구의동,경상사고,0,0,1,0,차대차 - 기타,신호위반,건조,맑음,교차로 - 교차로안,승용,남,51-60세,상해없음,승용,남,41-50세,경상,2018,12
2017120900100544.0,2017년 12월,토요일,서울특별시 광진구 중곡동,경상사고,0,0,1,0,차대차 - 충돌,중앙선침범,건조,맑음,교차로 - 교차로부근,자전거,여,65세 이상,경상,승용,남,21-30세,상해없음,2018,12
2017120900100544.8,2017년 12월,토요일,서울특별시 광진구 중곡동,부상신고사고,0,0,0,1,차대차 - 기타,안전운전불이행,건조,맑음,단일로 - 기타,원동기,남,31-40세,부상신고,승용,남,61-64세,상해없음,2018,12
2017120900100582.0,2017년 12월,토요일,서울특별시 광진구 중곡동,중상사고,0,1,0,0,차대사람 - 횡단중,안전운전불이행,건조,맑음,단일로 - 기타,승용,남,51-60세,상해없음,보행자,여,61-64세,중상,2018,12
2017120900100679.2,2017년 12월,토요일,서울특별시 광진구 화양동,경상사고,0,0,1,0,차대사람 - 길가장자리구역통행중,안전운전불이행,건조,기타,단일로 - 기타,승용,남,31-40세,상해없음,보행자,남,13-20세,경상,2018,12
2017121000100128.8,2017년 12월,일요일,서울특별시 광진구 광장동,중상사고,0,1,0,0,차대사람 - 횡단중,신호위반,적설,눈,단일로 - 기타,승합,남,61-64세,상해없음,보행자,남,61-64세,중상,2018,12
2017120000000000.0,2017년 12월,일요일,서울특별시 광진구 자양동,경상사고,0,0,5,0,차대차 - 충돌,안전운전불이행,서리/결빙,눈,단일로 - 기타,승용,남,65세 이상,상해없음,승용,남,61-64세,경상,2018,12
2017121000100464.0,2017년 12월,일요일,서울특별시 광진구 구의동,경상사고,0,0,1,0,차대차 - 충돌,교차로운행방법위반,건조,맑음,교차로 - 교차로부근,승용,남,61-64세,상해없음,승용,남,41-50세,상해없음,2018,12
2017121100100084.0,2017년 12월,월요일,서울특별시 광진구 자양동,중상사고,0,1,1,0,차대차 - 충돌,안전거리미확보,건조,맑음,단일로 - 기타,승용,여,41-50세,상해없음,승합,남,61-64세,경상,2018,12
2017121100100316.0,2017년 12월,월요일,서울특별시 광진구 중곡동,중상사고,0,1,0,0,차대사람 - 기타,안전운전불이행,건조,맑음,단일로 - 기타,승합,남,51-60세,기타불명,보행자,여,65세 이상,중상,2018,12
2017121100100386.0,2017년 12월,월요일,서울특별시 광진구 구의동,경상사고,0,0,2,0,차대차 - 추돌,안전운전불이행,건조,맑음,단일로 - 기타,승용,남,51-60세,상해없음,승용,여,31-40세,경상,2018,12
2017121200100059.2,2017년 12월,화요일,서울특별시 광진구 화양동,경상사고,0,0,1,0,차대차 - 기타,신호위반,건조,맑음,단일로 - 기타,기타불명,기타불명,기타불명,기타불명,자전거,남,41-50세,경상,2018,12
2017121200100260.8,2017년 12월,화요일,서울특별시 광진구 중곡동,중상사고,0,1,1,0,차대차 - 추돌,안전운전불이행,건조,맑음,단일로 - 기타,승용,남,51-60세,상해없음,화물,남,51-60세,중상,2018,12
2017121200100496.0,2017년 12월,화요일,서울특별시 광진구 광장동,경상사고,0,0,1,0,차대차 - 기타,안전거리미확보,건조,맑음,교차로 - 교차로부근,승용,남,31-40세,상해없음,승용,남,51-60세,경상,2018,12
2017121300100080.8,2017년 12월,수요일,서울특별시 광진구 중곡동,경상사고,0,0,1,0,차대차 - 기타,안전거리미확보,건조,맑음,단일로 - 기타,화물,남,51-60세,상해없음,승용,남,41-50세,경상,2018,12
2017121300100427.2,2017년 12월,수요일,서울특별시 광진구 화양동,경상사고,0,0,1,0,차대사람 - 길가장자리구역통행중,안전운전불이행,건조,맑음,단일로 - 기타,승용,여,41-50세,상해없음,보행자,남,21-30세,경상,2018,12
2017121400100024.8,2017년 12월,목요일,서울특별시 광진구 자양동,부상신고사고,0,0,0,1,차대차 - 충돌,안전운전불이행,건조,맑음,교차로 - 교차로부근,승용,남,31-40세,상해없음,승용,남,61-64세,부상신고,2018,12
2017121500100204.0,2017년 12월,금요일,서울특별시 광진구 중곡동,경상사고,0,0,1,0,차대차 - 추돌,안전운전불이행,건조,맑음,단일로 - 기타,승용,남,31-40세,상해없음,승용,남,51-60세,경상,2018,12
2017121600100328.0,2017년 12월,토요일,서울특별시 광진구 군자동,경상사고,0,0,1,0,차대차 - 추돌,안전운전불이행,건조,맑음,단일로 - 기타,이륜,남,31-40세,상해없음,승용,남,41-50세,경상,2018,12
2017121600100360.8,2017년 12월,토요일,서울특별시 광진구 구의동,중상사고,0,1,0,0,차대차 - 충돌,중앙선침범,건조,맑음,단일로 - 기타,승용,남,61-64세,상해없음,이륜,남,31-40세,중상,2018,12
2017121700100060.8,2017년 12월,일요일,서울특별시 광진구 화양동,경상사고,0,0,1,0,차대사람 - 기타,안전운전불이행,건조,맑음,단일로 - 기타,승용,남,61-64세,상해없음,보행자,남,21-30세,경상,2018,12
2017121700100092.8,2017년 12월,일요일,서울특별시 광진구 자양동,중상사고,0,1,3,0,차대차 - 추돌,안전거리미확보,건조,맑음,단일로 - 기타,승용,남,61-64세,상해없음,승용,남,51-60세,경상,2018,12
2017121700100268.8,2017년 12월,일요일,서울특별시 광진구 자양동,중상사고,0,1,4,0,차대차 - 충돌,중앙선침범,건조,맑음,교차로 - 교차로부근,승용,여,61-64세,상해없음,승용,남,31-40세,경상,2018,12
2017121700100446.0,2017년 12월,일요일,서울특별시 광진구 자양동,경상사고,0,0,3,0,차대차 - 추돌,안전운전불이행,건조,맑음,교차로 - 교차로부근,승용,남,31-40세,상해없음,승합,남,61-64세,경상,2018,12
2017121700100462.0,2017년 12월,일요일,서울특별시 광진구 자양동,경상사고,0,0,2,0,차대차 - 추돌,안전거리미확보,건조,맑음,교차로 - 교차로안,승용,남,31-40세,상해없음,승용,남,61-64세,경상,2018,12
2017121700100463.2,2017년 12월,일요일,서울특별시 광진구 구의동,부상신고사고,0,0,0,1,차대사람 - 길가장자리구역통행중,안전운전불이행,건조,맑음,단일로 - 기타,기타불명,기타불명,기타불명,기타불명,보행자,여,21-30세,부상신고,2018,12
2017120000000000.0,2017년 12월,월요일,서울특별시 광진구 중곡동,중상사고,0,1,0,0,차대사람 - 횡단중,신호위반,적설,눈,교차로 - 교차로횡단보도내,승용,남,65세 이상,상해없음,보행자,남,21-30세,중상,2018,12
2017121800100482.0,2017년 12월,월요일,서울특별시 광진구 구의동,경상사고,0,0,1,0,차대차 - 기타,안전운전불이행,건조,맑음,단일로 - 기타,승용,남,65세 이상,상해없음,승용,남,31-40세,경상,2018,12
2017121900100131.2,2017년 12월,화요일,서울특별시 광진구 군자동,경상사고,0,0,1,0,차대차 - 기타,기타,건조,기타,단일로 - 기타,승용,남,51-60세,상해없음,원동기,남,21-30세,경상,2018,12
2017121900100292.8,2017년 12월,화요일,서울특별시 광진구 군자동,중상사고,0,1,0,0,차대차 - 추돌,안전운전불이행,건조,맑음,단일로 - 기타,승용,남,61-64세,상해없음,승용,여,61-64세,중상,2018,12
2017121900100419.2,2017년 12월,화요일,서울특별시 광진구 광장동,경상사고,0,0,1,0,차대차 - 추돌,안전운전불이행,건조,맑음,교차로 - 교차로부근,승용,여,31-40세,상해없음,승용,남,31-40세,경상,2018,12
2017120000000000.0,2017년 12월,화요일,서울특별시 광진구 중곡동,중상사고,0,1,0,0,차대차 - 기타,안전운전불이행,건조,맑음,단일로 - 기타,승합,남,65세 이상,상해없음,승용,남,21-30세,중상,2018,12
2017122000100148.0,2017년 12월,수요일,서울특별시 광진구 군자동,부상신고사고,0,0,0,1,차대차 - 충돌,안전운전불이행,건조,맑음,교차로 - 교차로부근,이륜,남,31-40세,부상신고,승용,남,41-50세,상해없음,2018,12
2017122000100364.0,2017년 12월,수요일,서울특별시 광진구 구의동,경상사고,0,0,1,0,차대차 - 충돌,안전거리미확보,건조,맑음,교차로 - 교차로부근,승용,남,51-60세,상해없음,승용,여,31-40세,경상,2018,12
2017122000100463.2,2017년 12월,수요일,서울특별시 광진구 구의동,경상사고,0,0,1,0,차대차 - 충돌,안전거리미확보,건조,맑음,단일로 - 기타,승용,여,41-50세,경상,승용,여,61-64세,상해없음,2018,12
2017122100100424.0,2017년 12월,목요일,서울특별시 광진구 화양동,경상사고,0,0,2,0,차대차 - 기타,안전거리미확보,적설,맑음,단일로 - 기타,이륜,남,31-40세,경상,승용,남,21-30세,경상,2018,12
2017122100100531.2,2017년 12월,목요일,서울특별시 광진구 자양동,중상사고,0,2,0,0,차대차 - 기타,신호위반,건조,맑음,단일로 - 기타,승용,남,31-40세,상해없음,자전거,남,21-30세,중상,2018,12
2017122200100064.0,2017년 12월,금요일,서울특별시 광진구 구의동,경상사고,0,0,1,0,차대사람 - 기타,안전운전불이행,건조,맑음,교차로 - 교차로부근,승용,남,51-60세,상해없음,보행자,남,41-50세,경상,2018,12
2017122200100268.0,2017년 12월,금요일,서울특별시 광진구 구의동,사망사고,1,0,0,0,차대차 - 기타,안전운전불이행,서리/결빙,맑음,기타 - 기타,원동기,남,31-40세,사망,건설기계,남,61-64세,상해없음,2018,12
2017120000000000.0,2017년 12월,금요일,서울특별시 광진구 자양동,중상사고,0,1,0,0,차대차 - 기타,안전거리미확보,건조,맑음,단일로 - 기타,승용,남,61-64세,상해없음,승용,남,31-40세,중상,2018,12
2017122200100642.0,2017년 12월,금요일,서울특별시 광진구 구의동,경상사고,0,0,1,0,차대사람 - 길가장자리구역통행중,안전운전불이행,건조,맑음,교차로 - 교차로부근,승용,남,41-50세,상해없음,보행자,여,41-50세,경상,2018,12
2017122300100032.8,2017년 12월,토요일,서울특별시 광진구 구의동,중상사고,0,1,0,0,차대차 - 충돌,안전운전불이행,건조,맑음,교차로 - 교차로안,승용,남,51-60세,상해없음,원동기,남,31-40세,중상,2018,12
2017122300100302.0,2017년 12월,토요일,서울특별시 광진구 구의동,중상사고,0,1,0,0,차대차 - 충돌,안전운전불이행,건조,맑음,단일로 - 기타,기타불명,기타불명,기타불명,기타불명,기타불명,기타불명,기타불명,기타불명,2018,12
2017122300100568.8,2017년 12월,토요일,서울특별시 광진구 광장동,경상사고,0,0,1,0,차대차 - 충돌,안전운전불이행,건조,맑음,교차로 - 교차로부근,승용,남,61-64세,상해없음,승용,남,31-40세,경상,2018,12
2017122300100676.8,2017년 12월,토요일,서울특별시 광진구 중곡동,중상사고,0,1,0,0,차대사람 - 기타,보행자보호의무위반,건조,맑음,교차로 - 교차로횡단보도내,승용,남,51-60세,상해없음,보행자,남,61-64세,중상,2018,12
2017122400100024.8,2017년 12월,일요일,서울특별시 광진구 자양동,중상사고,0,1,0,0,차대사람 - 횡단중,안전운전불이행,건조,맑음,단일로 - 기타,승용,남,61-64세,상해없음,보행자,남,51-60세,중상,2018,12
2017122400100026.0,2017년 12월,일요일,서울특별시 광진구 구의동,경상사고,0,0,1,0,차대사람 - 기타,안전운전불이행,건조,맑음,단일로 - 기타,승용,남,51-60세,상해없음,보행자,남,21-30세,경상,2018,12
2017122400100064.0,2017년 12월,일요일,서울특별시 광진구 화양동,경상사고,0,0,3,0,차대차 - 기타,안전운전불이행,건조,맑음,단일로 - 기타,승용,남,51-60세,상해없음,승용,남,51-60세,경상,2018,12
2017122400100436.0,2017년 12월,일요일,서울특별시 광진구 광장동,경상사고,0,0,2,0,차대차 - 기타,안전거리미확보,건조,맑음,단일로 - 기타,기타불명,기타불명,기타불명,기타불명,승용,남,51-60세,상해없음,2018,12
2017122500100096.8,2017년 12월,월요일,서울특별시 광진구 자양동,경상사고,0,0,1,0,차대차 - 기타,안전운전불이행,건조,맑음,기타 - 기타,승용,남,51-60세,상해없음,자전거,여,41-50세,경상,2018,12
2017120000000000.0,2017년 12월,월요일,서울특별시 광진구 자양동,중상사고,0,1,0,0,차대차 - 충돌,안전운전불이행,건조,맑음,단일로 - 기타,자전거,여,51-60세,중상,승용,여,31-40세,상해없음,2018,12
2017122500100228.8,2017년 12월,월요일,서울특별시 광진구 자양동,부상신고사고,0,0,0,1,차대사람 - 기타,안전운전불이행,건조,맑음,단일로 - 기타,승용,남,31-40세,상해없음,보행자,남,12세 이하,부상신고,2018,12
2017122500100252.8,2017년 12월,월요일,서울특별시 광진구 능동,경상사고,0,0,1,0,차대차 - 기타,안전거리미확보,건조,맑음,단일로 - 기타,승용,남,61-64세,상해없음,이륜,남,51-60세,경상,2018,12
2017122500100308.8,2017년 12월,월요일,서울특별시 광진구 중곡동,중상사고,0,1,0,0,차대사람 - 횡단중,안전운전불이행,건조,기타,단일로 - 기타,화물,남,31-40세,상해없음,보행자,남,41-50세,중상,2018,12
2017122700100287.2,2017년 12월,수요일,서울특별시 광진구 광장동,부상신고사고,0,0,0,1,차대차 - 추돌,안전운전불이행,건조,맑음,단일로 - 기타,화물,남,41-50세,상해없음,화물,남,51-60세,부상신고,2018,12
2017122700100428.8,2017년 12월,수요일,서울특별시 광진구 화양동,경상사고,0,0,1,0,차대사람 - 기타,안전운전불이행,기타,기타,단일로 - 기타,승용,남,21-30세,상해없음,보행자,여,21-30세,경상,2018,12
2017122800100056.8,2017년 12월,목요일,서울특별시 광진구 능동,중상사고,0,2,8,0,차대차 - 충돌,신호위반,건조,맑음,교차로 - 교차로안,승용,남,61-64세,경상,승합,남,41-50세,경상,2018,12
2017122800100058.0,2017년 12월,목요일,서울특별시 광진구 자양동,경상사고,0,0,2,0,차대차 - 충돌,안전거리미확보,건조,맑음,단일로 - 기타,승용,남,51-60세,상해없음,승용,남,51-60세,경상,2018,12
2017122800100320.8,2017년 12월,목요일,서울특별시 광진구 자양동,부상신고사고,0,0,0,1,차대사람 - 기타,안전운전불이행,건조,맑음,기타 - 기타,승용,남,51-60세,상해없음,보행자,여,51-60세,부상신고,2018,12
2017120000000000.0,2017년 12월,금요일,서울특별시 광진구 중곡동,경상사고,0,0,6,0,차대차 - 기타,신호위반,건조,맑음,교차로 - 교차로부근,승용,남,65세 이상,상해없음,승용,여,41-50세,경상,2018,12
2017123000100414.0,2017년 12월,토요일,서울특별시 광진구 자양동,경상사고,0,0,3,0,차대차 - 기타,안전운전불이행,건조,맑음,교차로 - 교차로안,승용,남,21-30세,상해없음,승용,남,31-40세,경상,2018,12
2017123100100023.2,2017년 12월,일요일,서울특별시 광진구 화양동,중상사고,0,1,0,0,차대사람 - 기타,안전운전불이행,건조,맑음,단일로 - 기타,승용,남,65세 이상,상해없음,보행자,남,61-64세,중상,2018,12
2017123100100068.8,2017년 12월,일요일,서울특별시 광진구 화양동,중상사고,0,1,0,0,차대차 - 기타,안전거리미확보,젖음/습기,맑음,단일로 - 기타,승용,남,61-64세,상해없음,원동기,남,31-40세,중상,2018,12
2017123100100106.0,2017년 12월,일요일,서울특별시 광진구 중곡동,중상사고,0,1,4,0,차대차 - 충돌,안전운전불이행,서리/결빙,흐림,단일로 - 기타,화물,남,65세 이상,상해없음,승용,남,41-50세,중상,2018,12
2018010100100024.8,2018년 1월,월요일,서울특별시 광진구 광장동,중상사고,0,1,0,0,차대차 - 충돌,신호위반,건조,맑음,교차로 - 교차로안,이륜,남,20세 이하,중상,승용,남,51-60세,상해없음,2018,1
2018010100100252.8,2018년 1월,월요일,서울특별시 광진구 중곡동,중상사고,0,1,0,0,차대사람 - 기타,안전운전불이행,건조,맑음,단일로 - 기타,승용,여,41-50세,상해없음,보행자,여,41-50세,중상,2018,1
2018010200100211.2,2018년 1월,화요일,서울특별시 광진구 능동,중상사고,0,1,0,0,차대사람 - 횡단중,안전운전불이행,건조,맑음,교차로 - 교차로부근,승합,남,51-60세,상해없음,보행자,남,65세 이상,중상,2018,1
2018010200100212.0,2018년 1월,화요일,서울특별시 광진구 구의동,중상사고,0,1,0,0,차대차 - 추돌,안전운전불이행,건조,맑음,단일로 - 기타,승용,남,61-64세,상해없음,자전거,남,13-20세,중상,2018,1
2018010300100104.8,2018년 1월,수요일,서울특별시 광진구 자양동,중상사고,0,1,0,0,차대사람 - 보도통행중,안전운전불이행,건조,맑음,주차장 - 주차장,승용,여,51-60세,상해없음,보행자,여,31-40세,중상,2018,1
2018010300100256.8,2018년 1월,수요일,서울특별시 광진구 자양동,경상사고,0,0,1,0,차대사람 - 기타,안전운전불이행,건조,맑음,단일로 - 기타,승용,여,21-30세,기타불명,보행자,여,13-20세,경상,2018,1
2018010300100307.2,2018년 1월,수요일,서울특별시 광진구 자양동,부상신고사고,0,0,0,1,차량단독 - 전도전복,안전운전불이행,서리/결빙,맑음,단일로 - 기타,원동기,남,21-30세,부상신고,,,,,2018,1
2018010400100422.0,2018년 1월,목요일,서울특별시 광진구 중곡동,경상사고,0,0,1,0,차대차 - 추돌,안전운전불이행,건조,기타,단일로 - 기타,승용,남,51-60세,상해없음,승용,남,41-50세,경상,2018,1
2018010500100000.8,2018년 1월,금요일,서울특별시 광진구 자양동,경상사고,0,0,1,0,차대차 - 충돌,안전운전불이행,건조,맑음,교차로 - 교차로안,승용,남,51-60세,상해없음,화물,남,21-30세,경상,2018,1
2018010500100051.2,2018년 1월,금요일,서울특별시 광진구 능동,경상사고,0,0,1,0,차대차 - 충돌,신호위반,건조,맑음,교차로 - 교차로안,승용,남,41-50세,상해없음,승용,여,41-50세,경상,2018,1
2018010500100256.0,2018년 1월,금요일,서울특별시 광진구 능동,경상사고,0,0,1,0,차대차 - 추돌,안전운전불이행,건조,맑음,단일로 - 기타,이륜,남,20세 이하,상해없음,승용,여,41-50세,경상,2018,1
2018010000000000.0,2018년 1월,금요일,서울특별시 광진구 군자동,경상사고,0,0,2,0,차대차 - 기타,안전운전불이행,건조,맑음,단일로 - 기타,승용,남,41-50세,상해없음,승용,남,41-50세,경상,2018,1
2018010600100128.0,2018년 1월,토요일,서울특별시 광진구 자양동,경상사고,0,0,1,0,차대차 - 추돌,안전운전불이행,건조,맑음,단일로 - 기타,화물,남,61-64세,상해없음,화물,남,31-40세,경상,2018,1
2018010000000000.0,2018년 1월,토요일,서울특별시 광진구 자양동,중상사고,0,1,0,0,차대사람 - 차도통행중,안전운전불이행,건조,맑음,교차로 - 교차로부근,승용,남,51-60세,상해없음,보행자,남,21-30세,중상,2018,1
2018010600100494.0,2018년 1월,토요일,서울특별시 광진구 자양동,경상사고,0,0,1,0,차대차 - 추돌,안전운전불이행,건조,맑음,단일로 - 기타,승용,남,41-50세,상해없음,화물,남,41-50세,상해없음,2018,1
2018010700100002.0,2018년 1월,일요일,서울특별시 광진구 광장동,경상사고,0,0,1,0,차대차 - 충돌,안전운전불이행,건조,흐림,단일로 - 기타,승용,남,65세 이상,상해없음,승용,남,51-60세,경상,2018,1
2018010000000000.0,2018년 1월,일요일,서울특별시 광진구 중곡동,중상사고,0,1,0,0,차대차 - 충돌,중앙선침범,건조,맑음,교차로 - 교차로부근,승용,남,31-40세,상해없음,이륜,남,51-60세,중상,2018,1
2018010700100056.8,2018년 1월,일요일,서울특별시 광진구 자양동,경상사고,0,0,2,0,차대차 - 추돌,안전운전불이행,건조,맑음,교차로 - 교차로부근,승용,남,21-30세,상해없음,승용,남,51-60세,경상,2018,1
2018010700100108.0,2018년 1월,일요일,서울특별시 광진구 구의동,경상사고,0,0,1,0,차대차 - 충돌,안전운전불이행,건조,맑음,교차로 - 교차로안,승합,남,61-64세,상해없음,원동기,남,21-30세,경상,2018,1
2018010000000000.0,2018년 1월,일요일,서울특별시 광진구 중곡동,중상사고,0,1,1,0,차대차 - 충돌,신호위반,건조,맑음,교차로 - 교차로안,승용,남,65세 이상,상해없음,승용,여,51-60세,중상,2018,1
2018010900100376.8,2018년 1월,화요일,서울특별시 광진구 자양동,경상사고,0,0,1,0,차대차 - 추돌,안전운전불이행,건조,맑음,단일로 - 기타,승용,남,31-40세,상해없음,승용,남,65세 이상,경상,2018,1
2018011000100092.8,2018년 1월,수요일,서울특별시 광진구 광장동,경상사고,0,0,1,0,차대차 - 충돌,안전운전불이행,젖음/습기,맑음,교차로 - 교차로안,승용,여,65세 이상,상해없음,승용,남,31-40세,경상,2018,1
2018011000100275.2,2018년 1월,수요일,서울특별시 광진구 화양동,경상사고,0,0,1,0,차대사람 - 횡단중,신호위반,건조,맑음,교차로 - 교차로부근,원동기,남,65세 이상,상해없음,보행자,남,65세 이상,경상,2018,1
2018011000100579.2,2018년 1월,수요일,서울특별시 광진구 중곡동,경상사고,0,0,2,0,차대차 - 충돌,교차로운행방법위반,건조,맑음,교차로 - 교차로안,승용,남,65세 이상,경상,승용,남,41-50세,경상,2018,1
2018010000000000.0,2018년 1월,수요일,서울특별시 광진구 군자동,중상사고,0,1,0,0,차대차 - 기타,안전운전불이행,서리/결빙,기타,단일로 - 기타,이륜,남,20세 이하,중상,승용,남,21-30세,상해없음,2018,1
2018011000100711.2,2018년 1월,수요일,서울특별시 광진구 자양동,중상사고,0,1,0,0,차대차 - 기타,안전운전불이행,서리/결빙,흐림,단일로 - 기타,원동기,남,41-50세,중상,승용,남,21-30세,상해없음,2018,1
2018011000100712.0,2018년 1월,수요일,서울특별시 광진구 자양동,경상사고,0,0,1,0,차대차 - 충돌,직진우회전진행방해,건조,맑음,교차로 - 교차로안,승용,남,31-40세,상해없음,승용,남,51-60세,상해없음,2018,1
2018011100100218.0,2018년 1월,목요일,서울특별시 광진구 중곡동,경상사고,0,0,1,0,차대사람 - 횡단중,안전운전불이행,건조,맑음,단일로 - 기타,승용,남,51-60세,상해없음,보행자,남,12세 이하,경상,2018,1
2018010000000000.0,2018년 1월,목요일,서울특별시 광진구 중곡동,경상사고,0,0,1,0,차대차 - 충돌,안전운전불이행,건조,맑음,단일로 - 기타,승용,여,31-40세,상해없음,자전거,여,21-30세,경상,2018,1
2018011100100618.0,2018년 1월,목요일,서울특별시 광진구 광장동,중상사고,0,1,0,0,차대차 - 충돌,안전거리미확보,건조,맑음,단일로 - 기타,승용,남,21-30세,상해없음,승용,남,31-40세,중상,2018,1
2018011100100619.2,2018년 1월,목요일,서울특별시 광진구 광장동,중상사고,0,1,3,0,차대차 - 충돌,안전거리미확보,건조,맑음,단일로 - 기타,승용,남,31-40세,상해없음,승용,여,21-30세,경상,2018,1