사고번호,발생년월,요일,시군구,사고내용,사망자수,중상자수,경상자수,부상신고자수,사고유형,법규위반,노면상태,기상상태,도로형태,가해운전자 차종,가해운전자 성별,가해운전자 연령대,가해운전자 상해정도,피해운전자 차종,피해운전자 성별,피해운전자 연령대,피해운전자 상해정도,발생년도,발생월
2018021900100204.8,2018년 2월,월요일,서울특별시 광진구 구의동,경상사고,0,0,1,0,차대차 - 충돌,직진우회전진행방해,건조,맑음,교차로 - 교차로안,승용,여,41-50세,상해없음,승용,여,31-40세,경상,2018,2
2018021900100496.8,2018년 2월,월요일,서울특별시 광진구 자양동,경상사고,0,0,2,0,차대차 - 추돌,안전거리미확보,건조,맑음,단일로 - 기타,기타불명,기타불명,기타불명,기타불명,승용,남,65세 이상,경상,2018,2
2018022000100068.0,2018년 2월,화요일,서울특별시 광진구 화양동,경상사고,0,0,1,0,차대차 - 추돌,안전거리미확보,건조,맑음,단일로 - 기타,승용,남,61-64세,상해없음,승용,남,65세 이상,상해없음,2018,2
2018022000100303.2,2018년 2월,화요일,서울특별시 광진구 화양동,경상사고,0,0,2,0,차대차 - 추돌,안전운전불이행,건조,맑음,교차로 - 교차로안,승용,남,21-30세,상해없음,승용,남,21-30세,경상,2018,2
2018022000100400.8,2018년 2월,화요일,서울특별시 광진구 자양동,경상사고,0,0,1,0,차대차 - 충돌,신호위반,건조,맑음,교차로 - 교차로안,승용,남,51-60세,상해없음,이륜,남,13-20세,경상,2018,2
2018022000100402.0,2018년 2월,화요일,서울특별시 광진구 구의동,경상사고,0,0,2,0,차대차 - 충돌,안전운전불이행,건조,맑음,단일로 - 기타,승용,남,41-50세,상해없음,승용,남,41-50세,경상,2018,2
2018022100100044.0,2018년 2월,수요일,서울특별시 광진구 자양동,부상신고사고,0,0,0,1,차대차 - 기타,신호위반,건조,맑음,교차로 - 교차로안,자전거,남,61-64세,부상신고,승용,남,51-60세,상해없음,2018,2
2018022200100003.2,2018년 2월,목요일,서울특별시 광진구 자양동,경상사고,0,0,1,0,차대차 - 충돌,교차로운행방법위반,건조,맑음,교차로 - 교차로안,승용,남,31-40세,상해없음,승용,남,61-64세,경상,2018,2
2018022200100004.0,2018년 2월,목요일,서울특별시 광진구 군자동,경상사고,0,0,1,0,차대사람 - 기타,안전운전불이행,건조,맑음,단일로 - 기타,승용,남,51-60세,상해없음,보행자,남,21-30세,경상,2018,2
2018022200100132.8,2018년 2월,목요일,서울특별시 광진구 중곡동,부상신고사고,0,0,0,1,차대사람 - 횡단중,안전운전불이행,건조,맑음,단일로 - 기타,승용,남,41-50세,상해없음,보행자,남,13-20세,부상신고,2018,2
2018022200100279.2,2018년 2월,목요일,서울특별시 광진구 자양동,중상사고,0,1,0,0,차대사람 - 길가장자리구역통행중,안전운전불이행,건조,맑음,단일로 - 기타,승용,여,51-60세,상해없음,보행자,여,65세 이상,중상,2018,2
2018022300100332.0,2018년 2월,금요일,서울특별시 광진구 자양동,부상신고사고,0,0,0,1,차대차 - 기타,교차로운행방법위반,건조,맑음,교차로 - 교차로안,자전거,남,65세 이상,부상신고,승용,남,65세 이상,상해없음,2018,2
2018022300100367.2,2018년 2월,금요일,서울특별시 광진구 군자동,부상신고사고,0,0,0,1,차대차 - 충돌,안전운전불이행,건조,맑음,교차로 - 교차로안,승용,남,65세 이상,상해없음,승용,남,21-30세,부상신고,2018,2
2018022300100538.0,2018년 2월,금요일,서울특별시 광진구 광장동,경상사고,0,0,1,0,차대차 - 기타,직진우회전진행방해,건조,맑음,교차로 - 교차로안,승용,여,31-40세,상해없음,승용,남,51-60세,경상,2018,2
2018022300100607.2,2018년 2월,금요일,서울특별시 광진구 중곡동,중상사고,0,1,0,0,차대차 - 기타,중앙선침범,건조,기타,단일로 - 기타,이륜,남,51-60세,중상,승용,남,51-60세,상해없음,2018,2
2018020000000000.0,2018년 2월,토요일,서울특별시 광진구 중곡동,경상사고,0,0,1,0,차대차 - 추돌,안전거리미확보,건조,맑음,단일로 - 기타,승용,남,65세 이상,상해없음,승용,남,31-40세,경상,2018,2
2018022400100020.8,2018년 2월,토요일,서울특별시 광진구 중곡동,경상사고,0,0,1,0,차대차 - 충돌,안전운전불이행,건조,맑음,단일로 - 기타,승용,남,41-50세,상해없음,승용,남,51-60세,경상,2018,2
2018022400100272.8,2018년 2월,토요일,서울특별시 광진구 화양동,경상사고,0,0,1,0,차대차 - 추돌,안전운전불이행,건조,맑음,단일로 - 기타,승용,남,21-30세,상해없음,승용,남,31-40세,경상,2018,2
2018022600100083.2,2018년 2월,월요일,서울특별시 광진구 구의동,경상사고,0,0,1,0,차대차 - 기타,안전운전불이행,건조,맑음,교차로 - 교차로안,승용,여,41-50세,상해없음,승용,여,41-50세,경상,2018,2
2018022600100248.8,2018년 2월,월요일,서울특별시 광진구 구의동,중상사고,0,1,0,0,차대차 - 충돌,신호위반,건조,맑음,교차로 - 교차로안,자전거,여,65세 이상,중상,승용,여,31-40세,상해없음,2018,2
2018020000000000.0,2018년 2월,화요일,서울특별시 광진구 자양동,경상사고,0,0,1,0,차량단독 - 충돌,안전운전불이행,건조,맑음,단일로 - 고가도로위,승용,남,31-40세,경상,,,,,2018,2
2018022700100208.0,2018년 2월,화요일,서울특별시 광진구 자양동,중상사고,0,1,0,0,차대사람 - 기타,안전운전불이행,건조,맑음,단일로 - 기타,승용,남,65세 이상,상해없음,보행자,여,65세 이상,중상,2018,2
2018022700100476.0,2018년 2월,화요일,서울특별시 광진구 화양동,경상사고,0,0,2,0,차대차 - 추돌,안전운전불이행,건조,맑음,단일로 - 기타,화물,남,51-60세,상해없음,승용,여,41-50세,경상,2018,2
2018022800100608.0,2018년 2월,수요일,서울특별시 광진구 중곡동,경상사고,0,0,1,0,차대사람 - 횡단중,보행자보호의무위반,젖음/습기,비,교차로 - 교차로횡단보도내,승용,남,51-60세,상해없음,보행자,여,21-30세,경상,2018,2
2018022800100724.0,2018년 2월,수요일,서울특별시 광진구 구의동,중상사고,0,1,0,0,차대사람 - 횡단중,안전운전불이행,젖음/습기,비,교차로 - 교차로부근,승합,남,51-60세,상해없음,보행자,여,21-30세,중상,2018,2
2018030100100058.0,2018년 3월,목요일,서울특별시 광진구 화양동,경상사고,0,0,1,0,차대차 - 충돌,안전운전불이행,젖음/습기,흐림,교차로 - 교차로부근,승용,남,51-60세,상해없음,원동기,남,31-40세,경상,2018,3
2018030100100099.2,2018년 3월,목요일,서울특별시 광진구 군자동,부상신고사고,0,0,0,1,차대차 - 추돌,안전거리미확보,건조,맑음,단일로 - 지하차도(도로)내,승용,남,65세 이상,상해없음,승용,남,51-60세,부상신고,2018,3
2018030200100595.2,2018년 3월,금요일,서울특별시 광진구 구의동,경상사고,0,0,2,0,차대차 - 충돌,안전운전불이행,건조,맑음,단일로 - 교량,기타불명,기타불명,기타불명,기타불명,승용,남,21-30세,경상,2018,3
2018030300100087.2,2018년 3월,토요일,서울특별시 광진구 광장동,사망사고,1,0,0,0,차량단독 - 충돌,안전운전불이행,건조,맑음,단일로 - 교량,승용,남,41-50세,사망,,,,,2018,3
2018030400100084.0,2018년 3월,일요일,서울특별시 광진구 구의동,경상사고,0,0,1,0,차대차 - 충돌,신호위반,젖음/습기,비,교차로 - 교차로안,승용,남,31-40세,상해없음,승용,남,61-64세,상해없음,2018,3
2018030400100084.8,2018년 3월,일요일,서울특별시 광진구 자양동,중상사고,0,1,0,1,차대차 - 충돌,중앙선침범,젖음/습기,비,단일로 - 교량,기타불명,기타불명,기타불명,기타불명,승용,남,65세 이상,부상신고,2018,3
2018030400100156.8,2018년 3월,일요일,서울특별시 광진구 중곡동,경상사고,0,0,2,0,차대차 - 추돌,안전운전불이행,건조,맑음,단일로 - 기타,승용,남,51-60세,기타불명,승용,남,61-64세,경상,2018,3
2018030400100438.0,2018년 3월,일요일,서울특별시 광진구 자양동,경상사고,0,0,1,0,차대차 - 추돌,안전운전불이행,젖음/습기,비,단일로 - 기타,승용,남,41-50세,상해없음,승용,남,65세 이상,상해없음,2018,3
2018030500100108.0,2018년 3월,월요일,서울특별시 광진구 자양동,경상사고,0,0,1,0,차대차 - 기타,안전운전불이행,건조,맑음,교차로 - 교차로안,승용,남,31-40세,상해없음,승용,여,41-50세,경상,2018,3
2018030500100283.2,2018년 3월,월요일,서울특별시 광진구 구의동,경상사고,0,0,1,0,차량단독 - 기타,안전운전불이행,건조,맑음,단일로 - 기타,승용,남,65세 이상,상해없음,,,,,2018,3
2018030500100396.0,2018년 3월,월요일,서울특별시 광진구 중곡동,중상사고,0,1,0,0,차대차 - 충돌,안전운전불이행,건조,맑음,단일로 - 기타,기타불명,기타불명,기타불명,기타불명,원동기,남,41-50세,중상,2018,3
2018030600100162.0,2018년 3월,화요일,서울특별시 광진구 구의동,중상사고,0,2,2,0,차대사람 - 횡단중,신호위반,건조,맑음,단일로 - 기타,승용,여,31-40세,상해없음,보행자,여,61-64세,중상,2018,3
2018030700100206.0,2018년 3월,수요일,서울특별시 광진구 자양동,경상사고,0,0,1,0,차대차 - 기타,안전거리미확보,건조,맑음,단일로 - 기타,승용,여,31-40세,상해없음,이륜,남,21-30세,경상,2018,3
2018030700100372.8,2018년 3월,수요일,서울특별시 광진구 중곡동,경상사고,0,0,2,0,차대차 - 충돌,신호위반,젖음/습기,비,교차로 - 교차로안,이륜,남,51-60세,경상,이륜,남,31-40세,경상,2018,3
2018030700100442.0,2018년 3월,수요일,서울특별시 광진구 군자동,경상사고,0,0,1,0,차대차 - 기타,안전운전불이행,건조,맑음,단일로 - 기타,승용,남,21-30세,상해없음,승용,남,31-40세,경상,2018,3
2018030700100535.2,2018년 3월,수요일,서울특별시 광진구 구의동,경상사고,0,0,1,0,차대차 - 충돌,안전운전불이행,젖음/습기,비,교차로 - 교차로안,승용,남,65세 이상,상해없음,이륜,남,61-64세,경상,2018,3
2018030800100268.0,2018년 3월,목요일,서울특별시 광진구 자양동,경상사고,0,0,1,0,차대사람 - 기타,안전운전불이행,건조,맑음,단일로 - 기타,화물,남,61-64세,상해없음,보행자,남,12세 이하,경상,2018,3
2018030800100296.0,2018년 3월,목요일,서울특별시 광진구 화양동,중상사고,0,1,0,0,차대차 - 충돌,안전운전불이행,건조,맑음,단일로 - 기타,자전거,여,61-64세,중상,승용,남,61-64세,상해없음,2018,3
2018030900100067.2,2018년 3월,금요일,서울특별시 광진구 자양동,경상사고,0,0,1,0,차대차 - 충돌,안전운전불이행,건조,맑음,교차로 - 교차로안,승용,남,65세 이상,상해없음,승용,남,31-40세,경상,2018,3
2018030900100471.2,2018년 3월,금요일,서울특별시 광진구 자양동,중상사고,0,1,0,0,차대차 - 충돌,기타,건조,맑음,단일로 - 기타,승용,남,41-50세,상해없음,이륜,남,13-20세,중상,2018,3
2018030900100472.0,2018년 3월,금요일,서울특별시 광진구 자양동,경상사고,0,0,1,0,차대차 - 충돌,신호위반,건조,맑음,교차로 - 교차로안,승용,남,65세 이상,상해없음,원동기,남,21-30세,경상,2018,3
2018031000100207.2,2018년 3월,토요일,서울특별시 광진구 자양동,경상사고,0,0,2,0,차대차 - 충돌,안전운전불이행,건조,맑음,단일로 - 기타,승용,남,61-64세,상해없음,승용,남,65세 이상,경상,2018,3
2018031100100042.0,2018년 3월,일요일,서울특별시 광진구 중곡동,경상사고,0,0,1,0,차량단독 - 기타,안전운전불이행,건조,맑음,단일로 - 기타,이륜,남,31-40세,경상,,,,,2018,3
2018031200100071.2,2018년 3월,월요일,서울특별시 광진구 군자동,경상사고,0,0,1,0,차대차 - 추돌,안전운전불이행,건조,맑음,단일로 - 교량,이륜,남,21-30세,상해없음,승용,남,65세 이상,상해없음,2018,3
2018031200100114.0,2018년 3월,월요일,서울특별시 광진구 자양동,부상신고사고,0,0,0,1,차량단독 - 충돌,안전운전불이행,건조,맑음,단일로 - 고가도로위,화물,남,41-50세,부상신고,,,,,2018,3
2018031300100052.0,2018년 3월,화요일,서울특별시 광진구 화양동,경상사고,0,0,1,0,차대차 - 기타,안전거리미확보,건조,맑음,단일로 - 기타,기타불명,기타불명,기타불명,기타불명,원동기,남,31-40세,경상,2018,3
2018031500100036.0,2018년 3월,목요일,서울특별시 광진구 화양동,경상사고,0,0,2,0,차대차 - 충돌,안전운전불이행,건조,맑음,단일로 - 기타,승용,남,51-60세,상해없음,승용,남,41-50세,경상,2018,3
2018031500100159.2,2018년 3월,목요일,서울특별시 광진구 광장동,중상사고,0,1,0,0,차대차 - 추돌,안전운전불이행,젖음/습기,비,교차로 - 교차로부근,승용,남,21-30세,상해없음,승용,남,41-50세,중상,2018,3
2018030000000000.0,2018년 3월,목요일,서울특별시 광진구 화양동,중상사고,0,1,0,0,차대사람 - 기타,안전운전불이행,건조,맑음,단일로 - 기타,승용,남,41-50세,상해없음,보행자,남,61-64세,중상,2018,3
2018031500100422.0,2018년 3월,목요일,서울특별시 광진구 자양동,경상사고,0,0,1,0,차대차 - 기타,직진우회전진행방해,건조,맑음,교차로 - 교차로안,승용,남,65세 이상,상해없음,승용,여,65세 이상,경상,2018,3
2018031500100604.0,2018년 3월,목요일,서울특별시 광진구 중곡동,경상사고,0,0,1,0,차대차 - 충돌,안전운전불이행,건조,흐림,단일로 - 기타,승용,남,31-40세,상해없음,승용,남,41-50세,경상,2018,3
2018031600100003.2,2018년 3월,금요일,서울특별시 광진구 자양동,중상사고,0,1,0,0,차대차 - 충돌,신호위반,건조,맑음,교차로 - 교차로부근,승용,남,51-60세,상해없음,원동기,남,65세 이상,중상,2018,3
2018031600100278.0,2018년 3월,금요일,서울특별시 광진구 구의동,중상사고,0,1,0,0,차대차 - 충돌,안전운전불이행,건조,맑음,교차로 - 교차로안,자전거,여,41-50세,중상,승용,남,61-64세,상해없음,2018,3
2018031600100544.8,2018년 3월,금요일,서울특별시 광진구 자양동,중상사고,0,1,0,0,차대차 - 기타,신호위반,건조,맑음,단일로 - 기타,승용,남,41-50세,상해없음,이륜,남,51-60세,중상,2018,3
2018030000000000.0,2018년 3월,토요일,서울특별시 광진구 중곡동,중상사고,0,1,1,0,차대차 - 충돌,안전운전불이행,건조,맑음,단일로 - 기타,승용,남,41-50세,상해없음,승용,남,21-30세,경상,2018,3
2018031700100351.2,2018년 3월,토요일,서울특별시 광진구 자양동,경상사고,0,0,1,0,차대차 - 충돌,안전운전불이행,건조,맑음,단일로 - 기타,화물,남,41-50세,상해없음,자전거,여,51-60세,경상,2018,3
2018030000000000.0,2018년 3월,일요일,서울특별시 광진구 자양동,경상사고,0,0,2,0,차대차 - 충돌,안전운전불이행,건조,맑음,단일로 - 기타,승용,남,65세 이상,상해없음,승용,남,61-64세,경상,2018,3
2018031800100219.2,2018년 3월,일요일,서울특별시 광진구 구의동,경상사고,0,0,2,0,차대차 - 충돌,안전거리미확보,건조,맑음,단일로 - 기타,승용,남,51-60세,상해없음,승용,남,21-30세,경상,2018,3
2018031900100000.8,2018년 3월,월요일,서울특별시 광진구 화양동,중상사고,0,2,0,0,차대차 - 충돌,신호위반,젖음/습기,비,교차로 - 교차로안,승용,남,31-40세,상해없음,이륜,남,21-30세,중상,2018,3
2018031900100188.8,2018년 3월,월요일,서울특별시 광진구 자양동,경상사고,0,0,1,0,차대차 - 추돌,안전운전불이행,건조,맑음,단일로 - 기타,승용,남,41-50세,상해없음,승용,여,21-30세,경상,2018,3
2018032000100506.0,2018년 3월,화요일,서울특별시 광진구 자양동,중상사고,0,1,1,0,차대차 - 충돌,안전운전불이행,건조,맑음,교차로 - 교차로안,승용,여,31-40세,상해없음,승합,남,51-60세,중상,2018,3
2018032100100000.8,2018년 3월,수요일,서울특별시 광진구 화양동,중상사고,0,1,0,0,차대차 - 충돌,안전운전불이행,건조,맑음,단일로 - 기타,승용,남,61-64세,상해없음,원동기,남,31-40세,중상,2018,3
2018032100100183.2,2018년 3월,수요일,서울특별시 광진구 군자동,경상사고,0,0,1,0,차대차 - 추돌,안전거리미확보,건조,맑음,단일로 - 기타,승용,남,65세 이상,상해없음,이륜,남,31-40세,경상,2018,3
2018032100100184.0,2018년 3월,수요일,서울특별시 광진구 자양동,경상사고,0,0,2,0,차대차 - 충돌,교차로운행방법위반,건조,맑음,교차로 - 교차로안,승용,남,61-64세,상해없음,화물,여,61-64세,경상,2018,3
2018032100100207.2,2018년 3월,수요일,서울특별시 광진구 광장동,경상사고,0,0,1,0,차량단독 - 기타,안전운전불이행,건조,맑음,단일로 - 기타,승합,남,31-40세,상해없음,,,,,2018,3
2018032100100312.0,2018년 3월,수요일,서울특별시 광진구 자양동,경상사고,0,0,1,0,차대사람 - 횡단중,보행자보호의무위반,건조,맑음,단일로 - 기타,승용,남,41-50세,상해없음,보행자,여,21-30세,경상,2018,3
2018032100100492.0,2018년 3월,수요일,서울특별시 광진구 자양동,경상사고,0,0,1,0,차대차 - 추돌,안전거리미확보,젖음/습기,비,단일로 - 기타,승용,남,41-50세,상해없음,승용,남,41-50세,경상,2018,3
2018030000000000.0,2018년 3월,목요일,서울특별시 광진구 자양동,경상사고,0,0,2,0,차대차 - 기타,안전거리미확보,건조,맑음,단일로 - 기타,승용,남,65세 이상,경상,승용,남,41-50세,경상,2018,3
2018030000000000.0,2018년 3월,목요일,서울특별시 광진구 중곡동,중상사고,0,1,0,0,차대사람 - 보도통행중,안전운전불이행,건조,맑음,단일로 - 기타,승용,남,65세 이상,상해없음,보행자,여,51-60세,중상,2018,3
2018032200100472.8,2018년 3월,목요일,서울특별시 광진구 광장동,경상사고,0,0,1,0,차대차 - 추돌,안전운전불이행,건조,맑음,단일로 - 기타,승용,남,61-64세,상해없음,승용,여,31-40세,경상,2018,3
2018032300100000.8,2018년 3월,금요일,서울특별시 광진구 자양동,경상사고,0,0,1,0,차대차 - 추돌,안전운전불이행,건조,맑음,단일로 - 기타,승용,남,31-40세,상해없음,승용,남,41-50세,경상,2018,3
2018032300100002.0,2018년 3월,금요일,서울특별시 광진구 구의동,경상사고,0,0,2,0,차대차 - 추돌,안전운전불이행,건조,맑음,단일로 - 기타,승용,남,31-40세,상해없음,승용,남,51-60세,경상,2018,3
2018030000000000.0,2018년 3월,금요일,서울특별시 광진구 자양동,경상사고,0,0,2,0,차대차 - 기타,안전운전불이행,건조,맑음,단일로 - 기타,승용,여,41-50세,상해없음,승합,남,61-64세,상해없음,2018,3
2018032300100566.0,2018년 3월,금요일,서울특별시 광진구 구의동,부상신고사고,0,0,0,2,차대차 - 추돌,안전운전불이행,건조,맑음,교차로 - 교차로부근,승용,남,21-30세,상해없음,승용,여,41-50세,부상신고,2018,3
2018032500100002.0,2018년 3월,일요일,서울특별시 광진구 화양동,경상사고,0,0,1,0,차대사람 - 기타,안전운전불이행,건조,맑음,단일로 - 기타,승용,여,31-40세,상해없음,보행자,남,21-30세,경상,2018,3
2018032500100132.0,2018년 3월,일요일,서울특별시 광진구 화양동,중상사고,0,1,0,0,차대차 - 기타,신호위반,건조,맑음,교차로 - 교차로부근,승용,여,31-40세,상해없음,원동기,남,21-30세,중상,2018,3
2018032500100132.8,2018년 3월,일요일,서울특별시 광진구 구의동,경상사고,0,0,2,0,차대차 - 기타,안전운전불이행,건조,맑음,교차로 - 교차로안,승용,남,65세 이상,상해없음,승용,남,21-30세,경상,2018,3
2018032500100406.0,2018년 3월,일요일,서울특별시 광진구 화양동,경상사고,0,0,1,0,차대사람 - 길가장자리구역통행중,안전운전불이행,건조,맑음,단일로 - 기타,개인형이동수단(PM),남,21-30세,상해없음,보행자,여,41-50세,경상,2018,3
2018032600100206.0,2018년 3월,월요일,서울특별시 광진구 중곡동,경상사고,0,0,1,0,차대차 - 충돌,안전운전불이행,건조,맑음,교차로 - 교차로안,승합,남,21-30세,상해없음,승용,남,31-40세,경상,2018,3
2018032600100372.8,2018년 3월,월요일,서울특별시 광진구 자양동,중상사고,0,1,0,0,차대차 - 충돌,신호위반,건조,맑음,교차로 - 교차로안,이륜,남,31-40세,상해없음,승용,남,41-50세,중상,2018,3
2018032600100374.0,2018년 3월,월요일,서울특별시 광진구 자양동,중상사고,0,1,0,0,차대차 - 충돌,중앙선침범,건조,맑음,단일로 - 기타,자전거,남,20세 이하,상해없음,자전거,남,51-60세,중상,2018,3
2018032700100022.0,2018년 3월,화요일,서울특별시 광진구 능동,중상사고,0,1,1,0,차대차 - 추돌,안전운전불이행,건조,맑음,단일로 - 기타,승용,남,61-64세,상해없음,승용,남,51-60세,경상,2018,3
2018032700100378.0,2018년 3월,화요일,서울특별시 광진구 능동,중상사고,0,1,0,0,차대차 - 충돌,안전운전불이행,건조,맑음,단일로 - 기타,승용,여,41-50세,상해없음,승용,여,41-50세,중상,2018,3
2018032800100046.0,2018년 3월,수요일,서울특별시 광진구 화양동,중상사고,0,1,2,0,차대차 - 추돌,안전운전불이행,건조,맑음,단일로 - 기타,승용,남,21-30세,상해없음,승용,남,61-64세,중상,2018,3
2018032800100348.8,2018년 3월,수요일,서울특별시 광진구 중곡동,경상사고,0,0,1,0,차대사람 - 횡단중,보행자보호의무위반,건조,맑음,교차로 - 교차로횡단보도내,화물,남,41-50세,상해없음,보행자,남,65세 이상,경상,2018,3
2018032800100583.2,2018년 3월,수요일,서울특별시 광진구 구의동,중상사고,0,1,2,0,차대차 - 충돌,안전거리미확보,건조,맑음,단일로 - 기타,승용,남,51-60세,상해없음,승용,남,21-30세,경상,2018,3
2018032900100498.0,2018년 3월,목요일,서울특별시 광진구 광장동,경상사고,0,0,2,0,차대차 - 기타,안전거리미확보,건조,맑음,단일로 - 기타,승용,여,21-30세,상해없음,승용,여,51-60세,경상,2018,3
2018033000100294.0,2018년 3월,금요일,서울특별시 광진구 구의동,경상사고,0,0,1,0,차대차 - 충돌,차로위반,건조,맑음,교차로 - 교차로부근,승용,남,51-60세,경상,승용,남,31-40세,상해없음,2018,3
2018033000100404.8,2018년 3월,금요일,서울특별시 광진구 중곡동,경상사고,0,0,1,0,차대사람 - 보도통행중,기타,건조,맑음,단일로 - 기타,자전거,남,65세 이상,상해없음,보행자,남,41-50세,경상,2018,3
2018033000100608.8,2018년 3월,금요일,서울특별시 광진구 구의동,경상사고,0,0,1,0,차대차 - 기타,안전운전불이행,건조,맑음,교차로 - 교차로안,승용,남,51-60세,상해없음,이륜,남,41-50세,경상,2018,3
2018033100100002.0,2018년 3월,토요일,서울특별시 광진구 중곡동,경상사고,0,0,3,0,차대차 - 충돌,신호위반,건조,맑음,교차로 - 교차로부근,승용,남,65세 이상,상해없음,승합,남,51-60세,상해없음,2018,3
2018030000000000.0,2018년 3월,토요일,서울특별시 광진구 광장동,경상사고,0,0,1,0,차대차 - 충돌,기타,건조,흐림,단일로 - 기타,승용,남,51-60세,상해없음,원동기,남,21-30세,경상,2018,3
2018033100100500.8,2018년 3월,토요일,서울특별시 광진구 중곡동,중상사고,0,1,1,0,차량단독 - 기타,안전운전불이행,건조,맑음,단일로 - 기타,승합,남,51-60세,상해없음,,,,,2018,3
2018040100100079.2,2018년 4월,일요일,서울특별시 광진구 자양동,경상사고,0,0,1,0,차대차 - 충돌,안전운전불이행,건조,맑음,단일로 - 기타,기타불명,기타불명,기타불명,기타불명,자전거,남,65세 이상,경상,2018,4
2018040100100278.0,2018년 4월,일요일,서울특별시 광진구 중곡동,경상사고,0,0,1,0,차대차 - 충돌,안전운전불이행,건조,맑음,교차로 - 교차로횡단보도내,승용,남,51-60세,상해없음,자전거,여,61-64세,경상,2018,4
2018040200100098.0,2018년 4월,월요일,서울특별시 광진구 자양동,경상사고,0,0,1,0,차대차 - 기타,안전운전불이행,건조,맑음,단일로 - 기타,원동기,남,41-50세,경상,승용,남,31-40세,상해없음,2018,4
2018040200100574.0,2018년 4월,월요일,서울특별시 광진구 중곡동,경상사고,0,0,1,0,차대차 - 충돌,기타,건조,맑음,단일로 - 기타,승용,남,51-60세,상해없음,자전거,여,41-50세,경상,2018,4
2018040200100599.2,2018년 4월,월요일,서울특별시 광진구 중곡동,경상사고,0,0,1,0,차대차 - 충돌,차로위반,건조,맑음,단일로 - 기타,승용,남,31-40세,상해없음,이륜,남,31-40세,경상,2018,4
2018040300100260.8,2018년 4월,화요일,서울특별시 광진구 능동,중상사고,0,1,0,0,차대차 - 충돌,안전운전불이행,건조,맑음,교차로 - 교차로부근,자전거,남,61-64세,중상,화물,남,65세 이상,상해없음,2018,4
2018040400100066.0,2018년 4월,수요일,서울특별시 광진구 구의동,중상사고,0,1,0,0,차대사람 - 보도통행중,신호위반,젖음/습기,맑음,단일로 - 기타,승용,남,41-50세,상해없음,보행자,여,51-60세,중상,2018,4
2018040400100298.0,2018년 4월,수요일,서울특별시 광진구 자양동,중상사고,0,1,0,0,차대사람 - 횡단중,보행자보호의무위반,건조,맑음,단일로 - 기타,승용,남,65세 이상,상해없음,보행자,여,61-64세,중상,2018,4
2018040400100476.8,2018년 4월,수요일,서울특별시 광진구 구의동,경상사고,0,0,1,0,차대사람 - 기타,안전운전불이행,건조,맑음,단일로 - 기타,승합,남,51-60세,상해없음,보행자,남,13-20세,경상,2018,4
2018040500100252.0,2018년 4월,목요일,서울특별시 광진구 중곡동,경상사고,0,0,1,0,차대사람 - 기타,안전운전불이행,건조,맑음,단일로 - 기타,승용,여,31-40세,상해없음,보행자,남,65세 이상,경상,2018,4
2018040500100331.2,2018년 4월,목요일,서울특별시 광진구 중곡동,경상사고,0,0,1,0,차대사람 - 기타,안전운전불이행,젖음/습기,비,단일로 - 기타,승용,남,51-60세,상해없음,보행자,남,12세 이하,경상,2018,4
2018040500100643.2,2018년 4월,목요일,서울특별시 광진구 화양동,경상사고,0,0,1,0,차대사람 - 기타,안전운전불이행,젖음/습기,비,단일로 - 기타,승용,남,31-40세,상해없음,보행자,남,51-60세,경상,2018,4
2018040500100644.0,2018년 4월,목요일,서울특별시 광진구 자양동,중상사고,0,1,0,0,차대사람 - 횡단중,안전운전불이행,젖음/습기,비,단일로 - 기타,화물,남,31-40세,상해없음,보행자,남,31-40세,중상,2018,4
2018040500100644.8,2018년 4월,목요일,서울특별시 광진구 구의동,중상사고,0,3,0,0,차대차 - 추돌,안전운전불이행,건조,맑음,단일로 - 기타,승용,남,51-60세,상해없음,승용,남,21-30세,중상,2018,4
2018040500100646.0,2018년 4월,목요일,서울특별시 광진구 중곡동,경상사고,0,0,1,0,차대차 - 추돌,안전운전불이행,젖음/습기,비,교차로 - 교차로부근,승용,남,51-60세,상해없음,승용,남,65세 이상,경상,2018,4
2018040600100235.2,2018년 4월,금요일,서울특별시 광진구 자양동,경상사고,0,0,1,0,차대차 - 기타,안전운전불이행,건조,맑음,단일로 - 기타,이륜,남,21-30세,경상,승용,남,65세 이상,상해없음,2018,4
2018040600100292.8,2018년 4월,금요일,서울특별시 광진구 자양동,중상사고,0,1,0,0,차대사람 - 길가장자리구역통행중,안전운전불이행,건조,맑음,단일로 - 기타,기타불명,기타불명,기타불명,기타불명,보행자,여,65세 이상,중상,2018,4
2018040600100378.0,2018년 4월,금요일,서울특별시 광진구 광장동,경상사고,0,0,1,0,차대차 - 기타,안전운전불이행,건조,맑음,단일로 - 기타,화물,남,51-60세,상해없음,승용,남,31-40세,경상,2018,4
2018040600100448.8,2018년 4월,금요일,서울특별시 광진구 자양동,경상사고,0,0,1,0,차대사람 - 차도통행중,안전운전불이행,건조,맑음,교차로 - 교차로안,승용,여,21-30세,상해없음,보행자,남,41-50세,경상,2018,4
2018040600100556.0,2018년 4월,금요일,서울특별시 광진구 군자동,경상사고,0,0,1,0,차대차 - 기타,안전운전불이행,건조,맑음,교차로 - 교차로안,승용,남,41-50세,상해없음,원동기,남,21-30세,경상,2018,4