사고번호,발생년월,요일,시군구,사고내용,사망자수,중상자수,경상자수,부상신고자수,사고유형,법규위반,노면상태,기상상태,도로형태,가해운전자 차종,가해운전자 성별,가해운전자 연령대,가해운전자 상해정도,피해운전자 차종,피해운전자 성별,피해운전자 연령대,피해운전자 상해정도,발생년도,발생월
2018040600100592.8,2018년 4월,금요일,서울특별시 광진구 화양동,경상사고,0,0,1,0,차대사람 - 횡단중,안전운전불이행,건조,흐림,단일로 - 기타,승용,남,51-60세,상해없음,보행자,남,21-30세,경상,2018,4
2018040700100026.0,2018년 4월,토요일,서울특별시 광진구 중곡동,경상사고,0,0,1,0,차대차 - 충돌,안전운전불이행,젖음/습기,비,교차로 - 교차로안,승용,남,41-50세,상해없음,이륜,남,51-60세,경상,2018,4
2018040700100108.0,2018년 4월,토요일,서울특별시 광진구 자양동,경상사고,0,0,3,0,차대차 - 추돌,안전운전불이행,건조,맑음,단일로 - 기타,승용,남,65세 이상,상해없음,승용,남,61-64세,상해없음,2018,4
2018040700100164.0,2018년 4월,토요일,서울특별시 광진구 구의동,경상사고,0,0,1,0,차대차 - 추돌,안전거리미확보,건조,맑음,단일로 - 기타,승용,남,21-30세,상해없음,승용,남,31-40세,상해없음,2018,4
2018040700100432.8,2018년 4월,토요일,서울특별시 광진구 군자동,경상사고,0,0,1,0,차대차 - 충돌,안전거리미확보,건조,맑음,단일로 - 기타,이륜,남,21-30세,상해없음,이륜,남,31-40세,경상,2018,4
2018040700100434.0,2018년 4월,토요일,서울특별시 광진구 중곡동,경상사고,0,0,1,0,차대차 - 충돌,안전거리미확보,건조,맑음,단일로 - 기타,승용,여,51-60세,상해없음,승용,남,31-40세,경상,2018,4
2018040700100524.0,2018년 4월,토요일,서울특별시 광진구 자양동,중상사고,0,1,0,0,차량단독 - 기타,기타,건조,맑음,단일로 - 기타,승합,남,41-50세,상해없음,,,,,2018,4
2018040700100592.8,2018년 4월,토요일,서울특별시 광진구 능동,경상사고,0,0,1,0,차대사람 - 길가장자리구역통행중,안전운전불이행,건조,맑음,단일로 - 기타,승용,남,41-50세,상해없음,보행자,여,21-30세,경상,2018,4
2018040800100226.0,2018년 4월,일요일,서울특별시 광진구 구의동,중상사고,0,1,0,0,차대차 - 충돌,중앙선침범,건조,맑음,단일로 - 기타,승용,여,65세 이상,상해없음,원동기,남,61-64세,중상,2018,4
2018040800100432.0,2018년 4월,일요일,서울특별시 광진구 중곡동,중상사고,0,1,0,0,차대차 - 충돌,안전운전불이행,젖음/습기,비,단일로 - 기타,승용,남,51-60세,상해없음,이륜,남,13-20세,중상,2018,4
2018040900100016.8,2018년 4월,월요일,서울특별시 광진구 자양동,중상사고,0,1,0,0,차대사람 - 횡단중,안전운전불이행,건조,맑음,교차로 - 교차로안,승용,남,61-64세,상해없음,보행자,남,21-30세,중상,2018,4
2018040000000000.0,2018년 4월,월요일,서울특별시 광진구 구의동,중상사고,0,1,0,0,차대사람 - 횡단중,안전운전불이행,건조,맑음,단일로 - 기타,승합,남,41-50세,상해없음,보행자,여,65세 이상,중상,2018,4
2018040000000000.0,2018년 4월,월요일,서울특별시 광진구 구의동,중상사고,0,1,0,0,차대차 - 추돌,안전운전불이행,건조,맑음,단일로 - 기타,승합,남,51-60세,상해없음,승용,남,65세 이상,중상,2018,4
2018040900100384.0,2018년 4월,월요일,서울특별시 광진구 구의동,경상사고,0,0,1,1,차대사람 - 기타,안전운전불이행,건조,맑음,교차로 - 교차로안,이륜,남,21-30세,부상신고,보행자,여,12세 이하,경상,2018,4
2018041000100632.8,2018년 4월,화요일,서울특별시 광진구 중곡동,중상사고,0,1,0,0,차대사람 - 기타,안전운전불이행,건조,맑음,단일로 - 기타,승용,남,51-60세,상해없음,보행자,남,61-64세,중상,2018,4
2018041100100284.0,2018년 4월,수요일,서울특별시 광진구 중곡동,경상사고,0,0,1,0,차대사람 - 횡단중,안전운전불이행,건조,맑음,단일로 - 기타,화물,남,41-50세,상해없음,보행자,여,51-60세,경상,2018,4
2018041100100392.8,2018년 4월,수요일,서울특별시 광진구 화양동,경상사고,0,0,1,0,차대차 - 추돌,안전운전불이행,건조,맑음,단일로 - 기타,승용,남,51-60세,상해없음,승용,여,61-64세,경상,2018,4
2018041100100446.0,2018년 4월,수요일,서울특별시 광진구 구의동,경상사고,0,0,1,0,차대차 - 기타,기타,건조,맑음,단일로 - 기타,승용,남,65세 이상,상해없음,이륜,남,21-30세,경상,2018,4
2018041100100600.8,2018년 4월,수요일,서울특별시 광진구 구의동,경상사고,0,0,3,0,차대차 - 추돌,안전운전불이행,건조,맑음,단일로 - 기타,승용,남,31-40세,상해없음,승용,남,41-50세,경상,2018,4
2018041200100167.2,2018년 4월,목요일,서울특별시 광진구 자양동,중상사고,0,1,0,0,차대차 - 충돌,안전운전불이행,건조,맑음,단일로 - 기타,자전거,남,31-40세,중상,승용,남,41-50세,상해없음,2018,4
2018041200100168.0,2018년 4월,목요일,서울특별시 광진구 광장동,경상사고,0,0,2,0,차대차 - 충돌,안전운전불이행,건조,맑음,단일로 - 기타,승용,남,65세 이상,상해없음,승용,남,31-40세,경상,2018,4
2018041200100267.2,2018년 4월,목요일,서울특별시 광진구 구의동,중상사고,0,1,0,0,차대차 - 기타,안전거리미확보,건조,맑음,단일로 - 기타,이륜,남,20세 이하,상해없음,승합,남,31-40세,상해없음,2018,4
2018041300100014.0,2018년 4월,금요일,서울특별시 광진구 능동,경상사고,0,0,2,0,차대차 - 추돌,안전운전불이행,건조,맑음,단일로 - 기타,승용,남,31-40세,상해없음,승용,여,51-60세,경상,2018,4
2018041300100072.0,2018년 4월,금요일,서울특별시 광진구 자양동,중상사고,0,1,0,0,차대차 - 충돌,신호위반,건조,맑음,교차로 - 교차로부근,승용,남,51-60세,상해없음,이륜,남,31-40세,중상,2018,4
2018041300100146.0,2018년 4월,금요일,서울특별시 광진구 자양동,경상사고,0,0,1,0,차대차 - 기타,안전운전불이행,건조,맑음,단일로 - 기타,기타불명,남,41-50세,상해없음,승용,남,31-40세,경상,2018,4
2018041300100636.8,2018년 4월,금요일,서울특별시 광진구 군자동,부상신고사고,0,0,0,2,차대차 - 기타,안전거리미확보,건조,맑음,단일로 - 기타,승용,남,31-40세,상해없음,승용,남,51-60세,부상신고,2018,4
2018041400100218.0,2018년 4월,토요일,서울특별시 광진구 자양동,경상사고,0,0,1,0,차대차 - 충돌,직진우회전진행방해,젖음/습기,비,교차로 - 교차로안,승용,남,31-40세,상해없음,승용,남,51-60세,상해없음,2018,4
2018040000000000.0,2018년 4월,토요일,서울특별시 광진구 능동,경상사고,0,0,1,0,차대차 - 충돌,기타,건조,맑음,단일로 - 기타,승용,남,65세 이상,상해없음,원동기,남,21-30세,경상,2018,4
2018040000000000.0,2018년 4월,일요일,서울특별시 광진구 구의동,경상사고,0,0,1,0,차대차 - 충돌,안전거리미확보,건조,맑음,단일로 - 기타,자전거,남,21-30세,경상,승용,남,51-60세,상해없음,2018,4
2018041600100032.0,2018년 4월,월요일,서울특별시 광진구 구의동,경상사고,0,0,1,0,차대차 - 기타,안전거리미확보,건조,맑음,단일로 - 기타,승용,남,41-50세,상해없음,승용,남,65세 이상,경상,2018,4
2018041600100516.8,2018년 4월,월요일,서울특별시 광진구 화양동,부상신고사고,0,0,0,1,차대차 - 충돌,안전거리미확보,건조,맑음,교차로 - 교차로안,승용,남,61-64세,상해없음,승용,남,21-30세,상해없음,2018,4
2018041600100518.0,2018년 4월,월요일,서울특별시 광진구 자양동,경상사고,0,0,2,0,차대차 - 충돌,교차로운행방법위반,건조,맑음,교차로 - 교차로안,승용,여,51-60세,상해없음,승용,남,51-60세,상해없음,2018,4
2018041600100578.0,2018년 4월,월요일,서울특별시 광진구 구의동,중상사고,0,1,0,0,차대차 - 충돌,신호위반,건조,맑음,교차로 - 교차로부근,이륜,남,51-60세,상해없음,승용,남,31-40세,상해없음,2018,4
2018041700100015.2,2018년 4월,화요일,서울특별시 광진구 구의동,중상사고,0,1,1,0,차대차 - 추돌,안전운전불이행,건조,맑음,단일로 - 기타,승용,남,21-30세,상해없음,승용,남,51-60세,경상,2018,4
2018041700100362.0,2018년 4월,화요일,서울특별시 광진구 구의동,중상사고,0,1,0,0,차대차 - 충돌,안전운전불이행,건조,맑음,단일로 - 기타,승용,남,61-64세,상해없음,승용,남,41-50세,중상,2018,4
2018041700100404.8,2018년 4월,화요일,서울특별시 광진구 구의동,부상신고사고,0,0,0,1,차대차 - 충돌,안전운전불이행,건조,맑음,교차로 - 교차로횡단보도내,자전거,남,51-60세,부상신고,승용,남,21-30세,상해없음,2018,4
2018041700100444.0,2018년 4월,화요일,서울특별시 광진구 자양동,중상사고,0,1,0,0,차대차 - 충돌,안전거리미확보,건조,맑음,단일로 - 기타,승용,남,51-60세,상해없음,승용,남,21-30세,중상,2018,4
2018041800100003.2,2018년 4월,수요일,서울특별시 광진구 화양동,경상사고,0,0,1,0,차대차 - 충돌,신호위반,건조,맑음,교차로 - 교차로안,이륜,남,21-30세,상해없음,이륜,남,21-30세,경상,2018,4
2018040000000000.0,2018년 4월,수요일,서울특별시 광진구 자양동,경상사고,0,0,2,0,차대차 - 추돌,안전운전불이행,건조,맑음,단일로 - 기타,승용,남,41-50세,상해없음,화물,남,31-40세,경상,2018,4
2018041800100151.2,2018년 4월,수요일,서울특별시 광진구 화양동,경상사고,0,0,1,0,차대차 - 충돌,안전운전불이행,건조,맑음,교차로 - 교차로안,이륜,남,21-30세,경상,화물,남,51-60세,상해없음,2018,4
2018041800100554.0,2018년 4월,수요일,서울특별시 광진구 능동,경상사고,0,0,1,0,차대차 - 추돌,안전운전불이행,건조,맑음,단일로 - 기타,이륜,남,31-40세,경상,승용,남,51-60세,상해없음,2018,4
2018041900100104.0,2018년 4월,목요일,서울특별시 광진구 중곡동,중상사고,0,1,2,0,차대차 - 충돌,신호위반,건조,맑음,교차로 - 교차로안,이륜,남,21-30세,중상,승용,여,65세 이상,경상,2018,4
2018041900100144.0,2018년 4월,목요일,서울특별시 광진구 화양동,경상사고,0,0,1,0,차대차 - 충돌,안전운전불이행,건조,맑음,교차로 - 교차로안,이륜,남,21-30세,경상,이륜,남,31-40세,상해없음,2018,4
2018041900100168.0,2018년 4월,목요일,서울특별시 광진구 광장동,경상사고,0,0,1,0,차대사람 - 기타,안전운전불이행,건조,맑음,교차로 - 교차로부근,승용,남,51-60세,상해없음,보행자,여,61-64세,경상,2018,4
2018042000100048.8,2018년 4월,금요일,서울특별시 광진구 자양동,경상사고,0,0,1,0,차대차 - 추돌,안전운전불이행,건조,맑음,단일로 - 기타,승용,남,51-60세,상해없음,승용,남,61-64세,경상,2018,4
2018042000100468.8,2018년 4월,금요일,서울특별시 광진구 중곡동,경상사고,0,0,1,0,차대차 - 충돌,안전거리미확보,건조,맑음,단일로 - 기타,이륜,남,65세 이상,경상,승용,남,51-60세,상해없음,2018,4
2018042000100600.8,2018년 4월,금요일,서울특별시 광진구 자양동,경상사고,0,0,1,0,차대차 - 기타,안전운전불이행,건조,맑음,교차로 - 교차로안,승용,남,51-60세,상해없음,승용,남,21-30세,경상,2018,4
2018042000100628.0,2018년 4월,금요일,서울특별시 광진구 자양동,중상사고,0,1,0,0,차대사람 - 기타,안전운전불이행,건조,맑음,단일로 - 기타,승용,남,51-60세,상해없음,보행자,남,31-40세,중상,2018,4
2018042100100175.2,2018년 4월,토요일,서울특별시 광진구 자양동,경상사고,0,0,1,0,차대차 - 충돌,안전운전불이행,건조,맑음,단일로 - 기타,승용,여,51-60세,상해없음,승용,남,41-50세,경상,2018,4
2018042100100176.0,2018년 4월,토요일,서울특별시 광진구 광장동,경상사고,0,0,1,0,차량단독 - 기타,안전운전불이행,건조,맑음,교차로 - 교차로안,승합,남,51-60세,상해없음,,,,,2018,4
2018042100100354.0,2018년 4월,토요일,서울특별시 광진구 군자동,경상사고,0,0,1,0,차대차 - 충돌,기타,건조,맑음,단일로 - 기타,이륜,남,41-50세,경상,승용,남,65세 이상,상해없음,2018,4
2018042100100554.0,2018년 4월,토요일,서울특별시 광진구 자양동,경상사고,0,0,1,0,차대차 - 충돌,안전운전불이행,건조,맑음,단일로 - 기타,승용,남,21-30세,상해없음,승합,남,51-60세,경상,2018,4
2018042200100478.0,2018년 4월,일요일,서울특별시 광진구 화양동,중상사고,0,1,1,0,차대차 - 충돌,안전운전불이행,젖음/습기,비,교차로 - 교차로부근,승용,남,51-60세,상해없음,승용,남,51-60세,상해없음,2018,4
2018042300100000.8,2018년 4월,월요일,서울특별시 광진구 구의동,경상사고,0,0,1,0,차대사람 - 횡단중,안전운전불이행,젖음/습기,비,단일로 - 기타,기타불명,기타불명,기타불명,기타불명,보행자,여,21-30세,경상,2018,4
2018042300100044.8,2018년 4월,월요일,서울특별시 광진구 화양동,경상사고,0,0,4,0,차대사람 - 기타,안전운전불이행,젖음/습기,비,단일로 - 기타,승용,남,51-60세,상해없음,보행자,남,21-30세,경상,2018,4
2018042300100098.0,2018년 4월,월요일,서울특별시 광진구 자양동,부상신고사고,0,0,0,1,차대사람 - 길가장자리구역통행중,안전운전불이행,건조,맑음,교차로 - 교차로부근,화물,남,51-60세,상해없음,보행자,남,12세 이하,부상신고,2018,4
2018042300100375.2,2018년 4월,월요일,서울특별시 광진구 화양동,경상사고,0,0,1,0,차대차 - 기타,안전운전불이행,건조,맑음,단일로 - 기타,승용,남,31-40세,상해없음,승용,여,31-40세,경상,2018,4
2018042400100000.8,2018년 4월,화요일,서울특별시 광진구 중곡동,경상사고,0,0,1,0,차대차 - 추돌,안전운전불이행,건조,맑음,단일로 - 기타,승용,남,21-30세,상해없음,승용,남,61-64세,경상,2018,4
2018042400100103.2,2018년 4월,화요일,서울특별시 광진구 중곡동,경상사고,0,0,2,0,차대차 - 기타,안전운전불이행,건조,맑음,단일로 - 기타,승용,남,41-50세,경상,화물,남,51-60세,경상,2018,4
2018042400100454.0,2018년 4월,화요일,서울특별시 광진구 구의동,경상사고,0,0,1,0,차대차 - 충돌,안전운전불이행,건조,맑음,단일로 - 기타,승용,남,61-64세,상해없음,승용,남,51-60세,경상,2018,4
2018042400100520.8,2018년 4월,화요일,서울특별시 광진구 화양동,경상사고,0,0,1,0,차대사람 - 길가장자리구역통행중,안전운전불이행,건조,맑음,단일로 - 기타,승용,남,41-50세,상해없음,보행자,여,21-30세,경상,2018,4
2018042500100028.0,2018년 4월,수요일,서울특별시 광진구 자양동,경상사고,0,0,1,0,차대차 - 충돌,안전운전불이행,건조,맑음,단일로 - 기타,승용,남,31-40세,상해없음,승용,남,41-50세,경상,2018,4
2018042500100086.0,2018년 4월,수요일,서울특별시 광진구 자양동,중상사고,0,1,1,0,차대차 - 충돌,안전운전불이행,건조,맑음,교차로 - 교차로안,이륜,남,20세 이하,중상,승용,여,31-40세,경상,2018,4
2018042500100087.2,2018년 4월,수요일,서울특별시 광진구 자양동,중상사고,0,1,0,0,차대사람 - 길가장자리구역통행중,안전운전불이행,건조,맑음,단일로 - 기타,승용,남,61-64세,상해없음,보행자,남,51-60세,중상,2018,4
2018042500100164.8,2018년 4월,수요일,서울특별시 광진구 구의동,경상사고,0,0,1,0,차대차 - 기타,불법유턴,건조,맑음,교차로 - 교차로횡단보도내,자전거,여,31-40세,경상,승용,남,41-50세,상해없음,2018,4
2018042500100292.0,2018년 4월,수요일,서울특별시 광진구 광장동,경상사고,0,0,1,0,차대차 - 충돌,안전거리미확보,건조,맑음,단일로 - 기타,승용,남,61-64세,상해없음,승용,남,51-60세,상해없음,2018,4
2018042500100328.0,2018년 4월,수요일,서울특별시 광진구 중곡동,경상사고,0,0,2,0,차대차 - 추돌,안전운전불이행,건조,맑음,단일로 - 기타,승용,남,65세 이상,상해없음,승용,남,41-50세,경상,2018,4
2018040000000000.0,2018년 4월,수요일,서울특별시 광진구 화양동,경상사고,0,0,1,0,차대차 - 충돌,신호위반,건조,맑음,교차로 - 교차로부근,원동기,남,21-30세,상해없음,자전거,여,13-20세,경상,2018,4
2018042600100160.8,2018년 4월,목요일,서울특별시 광진구 중곡동,경상사고,0,0,1,0,차대차 - 기타,안전운전불이행,건조,맑음,단일로 - 기타,자전거,남,65세 이상,경상,승합,남,41-50세,상해없음,2018,4
2018042600100463.2,2018년 4월,목요일,서울특별시 광진구 자양동,부상신고사고,0,0,0,1,차대사람 - 기타,안전운전불이행,건조,맑음,단일로 - 기타,승합,남,61-64세,상해없음,보행자,남,41-50세,부상신고,2018,4
2018042700100062.0,2018년 4월,금요일,서울특별시 광진구 자양동,중상사고,0,2,1,0,차대차 - 충돌,안전거리미확보,건조,맑음,단일로 - 기타,승용,남,51-60세,중상,승용,남,21-30세,경상,2018,4
2018042800100079.2,2018년 4월,토요일,서울특별시 광진구 군자동,경상사고,0,0,1,0,차대차 - 추돌,안전운전불이행,건조,맑음,교차로 - 교차로안,승용,남,61-64세,상해없음,승용,남,51-60세,경상,2018,4
2018040000000000.0,2018년 4월,토요일,서울특별시 광진구 화양동,중상사고,0,2,0,0,차대차 - 추돌,안전거리미확보,건조,맑음,단일로 - 기타,승용,남,21-30세,상해없음,승용,남,31-40세,중상,2018,4
2018040000000000.0,2018년 4월,토요일,서울특별시 광진구 구의동,중상사고,0,1,1,0,차대차 - 추돌,안전거리미확보,건조,맑음,단일로 - 기타,승용,남,51-60세,상해없음,승용,남,41-50세,경상,2018,4
2018042800100392.8,2018년 4월,토요일,서울특별시 광진구 자양동,부상신고사고,0,0,0,1,차대차 - 기타,안전운전불이행,건조,맑음,기타 - 기타,자전거,여,41-50세,부상신고,자전거,여,41-50세,상해없음,2018,4
2018042800100628.8,2018년 4월,토요일,서울특별시 광진구 구의동,경상사고,0,0,1,0,차대차 - 추돌,안전운전불이행,건조,맑음,단일로 - 기타,승용,남,65세 이상,상해없음,승합,남,41-50세,상해없음,2018,4
2018042900100019.2,2018년 4월,일요일,서울특별시 광진구 구의동,중상사고,0,1,0,0,차대사람 - 횡단중,신호위반,건조,맑음,교차로 - 교차로부근,승용,남,61-64세,상해없음,보행자,여,13-20세,중상,2018,4
2018040000000000.0,2018년 4월,일요일,서울특별시 광진구 화양동,경상사고,0,0,1,0,차대차 - 기타,안전운전불이행,건조,맑음,단일로 - 기타,승용,남,65세 이상,상해없음,승용,여,31-40세,경상,2018,4
2018043000100167.2,2018년 4월,월요일,서울특별시 광진구 자양동,중상사고,0,1,0,0,차대사람 - 길가장자리구역통행중,안전운전불이행,건조,맑음,단일로 - 기타,승용,남,31-40세,상해없음,보행자,여,51-60세,중상,2018,4
2018043000100544.8,2018년 4월,월요일,서울특별시 광진구 자양동,중상사고,0,1,0,0,차대사람 - 길가장자리구역통행중,안전운전불이행,건조,맑음,교차로 - 교차로안,승용,남,51-60세,상해없음,보행자,남,31-40세,중상,2018,4
2018050100100106.0,2018년 5월,화요일,서울특별시 광진구 화양동,경상사고,0,0,2,0,차대차 - 추돌,안전운전불이행,건조,맑음,단일로 - 기타,승용,남,51-60세,상해없음,승합,남,61-64세,경상,2018,5
2018050100100474.0,2018년 5월,화요일,서울특별시 광진구 중곡동,경상사고,0,0,1,0,차대사람 - 보도통행중,보행자보호의무위반,건조,맑음,교차로 - 교차로횡단보도내,승용,남,51-60세,상해없음,보행자,남,51-60세,경상,2018,5
2018050200100608.8,2018년 5월,수요일,서울특별시 광진구 구의동,경상사고,0,0,1,0,차대차 - 충돌,신호위반,젖음/습기,비,교차로 - 교차로안,이륜,남,21-30세,기타불명,승용,남,51-60세,경상,2018,5
2018050000000000.0,2018년 5월,수요일,서울특별시 광진구 능동,중상사고,0,1,0,0,차대사람 - 횡단중,안전운전불이행,젖음/습기,흐림,교차로 - 교차로부근,승용,남,51-60세,상해없음,보행자,남,21-30세,중상,2018,5
2018050200100611.2,2018년 5월,수요일,서울특별시 광진구 화양동,경상사고,0,0,1,0,차대차 - 기타,안전거리미확보,건조,맑음,단일로 - 기타,승용,남,61-64세,상해없음,승용,남,21-30세,경상,2018,5
2018050300100308.8,2018년 5월,목요일,서울특별시 광진구 중곡동,경상사고,0,0,1,0,차대차 - 기타,교차로운행방법위반,건조,맑음,교차로 - 교차로안,원동기,남,21-30세,경상,승용,남,65세 이상,상해없음,2018,5
2018050300100615.2,2018년 5월,목요일,서울특별시 광진구 자양동,경상사고,0,0,1,0,차대차 - 충돌,안전운전불이행,건조,맑음,단일로 - 교량,승용,남,41-50세,상해없음,승용,남,51-60세,경상,2018,5
2018050400100000.8,2018년 5월,금요일,서울특별시 광진구 중곡동,중상사고,0,1,0,0,차대사람 - 횡단중,안전운전불이행,건조,맑음,단일로 - 기타,승용,남,21-30세,상해없음,보행자,남,51-60세,중상,2018,5
2018050400100618.0,2018년 5월,금요일,서울특별시 광진구 광장동,중상사고,0,1,1,0,차대차 - 기타,안전운전불이행,건조,맑음,단일로 - 기타,승용,남,61-64세,상해없음,승용,여,51-60세,경상,2018,5
2018050500100063.2,2018년 5월,토요일,서울특별시 광진구 광장동,경상사고,0,0,1,0,차대차 - 추돌,안전운전불이행,건조,맑음,교차로 - 교차로부근,승용,여,31-40세,상해없음,승용,남,51-60세,경상,2018,5
2018050500100164.8,2018년 5월,토요일,서울특별시 광진구 구의동,경상사고,0,0,1,0,차대차 - 충돌,교차로운행방법위반,건조,맑음,교차로 - 교차로안,승용,남,61-64세,상해없음,승용,남,61-64세,상해없음,2018,5
2018050500100166.0,2018년 5월,토요일,서울특별시 광진구 자양동,경상사고,0,0,1,0,차대차 - 추돌,안전운전불이행,건조,맑음,단일로 - 기타,승용,남,61-64세,상해없음,승용,남,31-40세,경상,2018,5
2018050500100424.0,2018년 5월,토요일,서울특별시 광진구 중곡동,중상사고,0,1,0,0,차대차 - 기타,기타,건조,맑음,단일로 - 기타,승용,남,51-60세,상해없음,이륜,남,51-60세,중상,2018,5
2018050500100600.8,2018년 5월,토요일,서울특별시 광진구 능동,경상사고,0,0,2,0,차대차 - 충돌,안전거리미확보,건조,맑음,단일로 - 기타,승용,남,65세 이상,기타불명,승용,남,61-64세,경상,2018,5
2018050600100043.2,2018년 5월,일요일,서울특별시 광진구 화양동,경상사고,0,0,1,0,차대차 - 추돌,안전운전불이행,건조,맑음,단일로 - 기타,승용,남,51-60세,기타불명,승용,남,61-64세,기타불명,2018,5
2018050600100232.8,2018년 5월,일요일,서울특별시 광진구 군자동,중상사고,0,1,0,0,차대차 - 기타,기타,젖음/습기,비,단일로 - 기타,승용,여,21-30세,상해없음,원동기,남,51-60세,중상,2018,5
2018050600100234.0,2018년 5월,일요일,서울특별시 광진구 군자동,경상사고,0,0,1,0,차대차 - 기타,안전운전불이행,건조,맑음,교차로 - 교차로안,승용,남,61-64세,상해없음,승용,남,41-50세,경상,2018,5
2018050600100384.8,2018년 5월,일요일,서울특별시 광진구 광장동,경상사고,0,0,1,0,차대차 - 기타,안전운전불이행,건조,맑음,단일로 - 기타,승용,남,61-64세,상해없음,승용,남,41-50세,상해없음,2018,5
2018050700100051.2,2018년 5월,월요일,서울특별시 광진구 중곡동,경상사고,0,0,1,0,차대사람 - 기타,안전운전불이행,건조,기타,교차로 - 교차로부근,승용,여,21-30세,상해없음,보행자,남,31-40세,경상,2018,5
2018050700100098.0,2018년 5월,월요일,서울특별시 광진구 자양동,경상사고,0,0,1,0,차대차 - 추돌,안전운전불이행,건조,맑음,단일로 - 기타,승용,남,21-30세,상해없음,승용,남,65세 이상,경상,2018,5
2018050700100099.2,2018년 5월,월요일,서울특별시 광진구 중곡동,경상사고,0,0,1,0,차대차 - 기타,안전거리미확보,건조,맑음,단일로 - 기타,승용,여,51-60세,상해없음,자전거,남,41-50세,경상,2018,5
2018050000000000.0,2018년 5월,화요일,서울특별시 광진구 화양동,경상사고,0,0,1,0,차대차 - 추돌,안전운전불이행,건조,맑음,단일로 - 기타,승합,여,41-50세,상해없음,승용,남,65세 이상,경상,2018,5
2018050800100088.8,2018년 5월,화요일,서울특별시 광진구 광장동,경상사고,0,0,1,0,차대사람 - 차도통행중,안전운전불이행,건조,맑음,단일로 - 기타,승용,남,61-64세,상해없음,보행자,여,51-60세,경상,2018,5
2018050800100128.0,2018년 5월,화요일,서울특별시 광진구 중곡동,경상사고,0,0,1,0,차대차 - 충돌,안전운전불이행,건조,맑음,단일로 - 기타,승용,여,41-50세,상해없음,승용,남,21-30세,경상,2018,5
2018050800100162.0,2018년 5월,화요일,서울특별시 광진구 화양동,경상사고,0,0,1,0,차대차 - 기타,안전운전불이행,건조,맑음,교차로 - 교차로안,자전거,남,61-64세,경상,승용,남,65세 이상,상해없음,2018,5
2018050000000000.0,2018년 5월,수요일,서울특별시 광진구 능동,경상사고,0,0,1,0,차대차 - 추돌,안전운전불이행,건조,맑음,단일로 - 기타,승용,남,51-60세,상해없음,승용,남,51-60세,경상,2018,5
2018050900100464.0,2018년 5월,수요일,서울특별시 광진구 자양동,중상사고,0,1,0,0,차대차 - 기타,안전운전불이행,건조,맑음,교차로 - 교차로안,승용,남,61-64세,상해없음,이륜,남,31-40세,중상,2018,5
2018051000100099.2,2018년 5월,목요일,서울특별시 광진구 광장동,중상사고,0,1,0,0,차대사람 - 횡단중,신호위반,건조,맑음,교차로 - 교차로횡단보도내,승용,남,65세 이상,상해없음,보행자,여,21-30세,중상,2018,5
2018051000100478.0,2018년 5월,목요일,서울특별시 광진구 군자동,경상사고,0,0,1,0,차대차 - 충돌,안전거리미확보,건조,맑음,단일로 - 기타,승용,남,21-30세,상해없음,승용,남,41-50세,경상,2018,5
2018051000100587.2,2018년 5월,목요일,서울특별시 광진구 구의동,경상사고,0,0,1,0,차대차 - 충돌,차로위반,건조,맑음,단일로 - 기타,승용,남,51-60세,상해없음,이륜,남,41-50세,경상,2018,5
2018051100100274.0,2018년 5월,금요일,서울특별시 광진구 자양동,경상사고,0,0,1,0,차대사람 - 길가장자리구역통행중,안전운전불이행,건조,맑음,단일로 - 기타,승용,여,31-40세,상해없음,보행자,여,65세 이상,경상,2018,5
2018051100100376.0,2018년 5월,금요일,서울특별시 광진구 군자동,경상사고,0,0,1,0,차대사람 - 보도통행중,기타,건조,맑음,단일로 - 기타,기타불명,남,21-30세,상해없음,보행자,여,61-64세,경상,2018,5
2018050000000000.0,2018년 5월,금요일,서울특별시 광진구 구의동,중상사고,0,1,0,0,차대차 - 충돌,안전운전불이행,건조,흐림,단일로 - 기타,자전거,남,21-30세,중상,자전거,남,31-40세,상해없음,2018,5
2018051200100071.2,2018년 5월,토요일,서울특별시 광진구 자양동,경상사고,0,0,1,0,차대사람 - 횡단중,안전운전불이행,건조,맑음,단일로 - 기타,승용,남,65세 이상,상해없음,보행자,여,41-50세,경상,2018,5
2018051200100095.2,2018년 5월,토요일,서울특별시 광진구 중곡동,중상사고,0,1,1,0,차대차 - 충돌,안전운전불이행,젖음/습기,비,교차로 - 교차로안,승합,남,51-60세,상해없음,자전거,남,41-50세,중상,2018,5
2018050000000000.0,2018년 5월,토요일,서울특별시 광진구 자양동,경상사고,0,0,1,0,차대사람 - 기타,안전운전불이행,건조,맑음,단일로 - 기타,승용,남,51-60세,상해없음,보행자,남,51-60세,경상,2018,5
2018051200100264.8,2018년 5월,토요일,서울특별시 광진구 구의동,중상사고,0,1,2,0,차대차 - 추돌,안전거리미확보,젖음/습기,비,단일로 - 터널,승용,남,61-64세,상해없음,승용,남,41-50세,중상,2018,5
2018051300100044.8,2018년 5월,일요일,서울특별시 광진구 광장동,중상사고,0,1,4,0,차대차 - 추돌,안전운전불이행,적설,흐림,단일로 - 기타,승용,남,41-50세,상해없음,승용,남,51-60세,중상,2018,5