사고번호,발생년월,요일,시군구,사고내용,사망자수,중상자수,경상자수,부상신고자수,사고유형,법규위반,노면상태,기상상태,도로형태,가해운전자 차종,가해운전자 성별,가해운전자 연령대,가해운전자 상해정도,피해운전자 차종,피해운전자 성별,피해운전자 연령대,피해운전자 상해정도,발생년도,발생월
2018080000000000.0,2018년 8월,화요일,서울특별시 광진구 구의동,경상사고,0,0,1,0,차대차 - 충돌,안전거리미확보,젖음/습기,흐림,단일로 - 기타,승용,남,51-60세,상해없음,승용,남,61-64세,경상,2018,8
2018082800100551.2,2018년 8월,화요일,서울특별시 광진구 능동,경상사고,0,0,2,0,차대차 - 추돌,차로위반,젖음/습기,비,단일로 - 기타,승용,남,65세 이상,상해없음,승용,남,31-40세,경상,2018,8
2018080000000000.0,2018년 8월,화요일,서울특별시 광진구 자양동,경상사고,0,0,1,0,차대차 - 추돌,안전운전불이행,젖음/습기,비,교차로 - 교차로안,승용,남,51-60세,상해없음,승용,남,51-60세,경상,2018,8
2018082900100002.0,2018년 8월,수요일,서울특별시 광진구 능동,중상사고,0,1,0,0,차대사람 - 횡단중,안전운전불이행,젖음/습기,비,단일로 - 기타,승용,남,51-60세,상해없음,보행자,여,21-30세,중상,2018,8
2018082900100222.0,2018년 8월,수요일,서울특별시 광진구 화양동,중상사고,0,1,0,0,차대사람 - 보도통행중,기타,젖음/습기,흐림,기타 - 기타,승용,여,41-50세,상해없음,보행자,여,65세 이상,중상,2018,8
2018083000100096.8,2018년 8월,목요일,서울특별시 광진구 능동,경상사고,0,0,1,0,차대차 - 충돌,안전운전불이행,건조,맑음,단일로 - 기타,승용,남,31-40세,상해없음,자전거,남,21-30세,경상,2018,8
2018083000100192.8,2018년 8월,목요일,서울특별시 광진구 자양동,경상사고,0,0,1,0,차대차 - 기타,안전운전불이행,건조,맑음,단일로 - 기타,승용,남,61-64세,상해없음,승용,남,31-40세,경상,2018,8
2018083000100243.2,2018년 8월,목요일,서울특별시 광진구 자양동,경상사고,0,0,1,0,차대차 - 충돌,안전거리미확보,건조,맑음,단일로 - 기타,승용,여,21-30세,상해없음,이륜,남,21-30세,경상,2018,8
2018083000100454.0,2018년 8월,목요일,서울특별시 광진구 광장동,중상사고,0,1,0,0,차대사람 - 횡단중,신호위반,건조,맑음,교차로 - 교차로부근,승용,남,61-64세,상해없음,보행자,여,21-30세,중상,2018,8
2018083100100003.2,2018년 8월,금요일,서울특별시 광진구 화양동,경상사고,0,0,3,0,차대차 - 추돌,안전운전불이행,젖음/습기,흐림,교차로 - 교차로안,승용,남,51-60세,상해없음,승용,남,31-40세,경상,2018,8
2018083100100296.0,2018년 8월,금요일,서울특별시 광진구 구의동,경상사고,0,0,1,0,차대차 - 충돌,안전거리미확보,건조,맑음,단일로 - 기타,승용,여,41-50세,상해없음,건설기계,남,41-50세,경상,2018,8
2018083100100402.0,2018년 8월,금요일,서울특별시 광진구 자양동,경상사고,0,0,1,0,차대차 - 추돌,안전운전불이행,건조,맑음,단일로 - 기타,승용,남,51-60세,상해없음,승용,여,31-40세,경상,2018,8
2018090100100026.0,2018년 9월,토요일,서울특별시 광진구 자양동,중상사고,0,1,1,0,차대차 - 추돌,안전운전불이행,건조,맑음,단일로 - 기타,승용,남,21-30세,상해없음,승용,남,61-64세,중상,2018,9
2018090100100604.8,2018년 9월,토요일,서울특별시 광진구 구의동,경상사고,0,0,1,0,차대사람 - 길가장자리구역통행중,안전운전불이행,건조,맑음,단일로 - 기타,승용,남,41-50세,상해없음,보행자,남,31-40세,경상,2018,9
2018090100100606.0,2018년 9월,토요일,서울특별시 광진구 중곡동,경상사고,0,0,1,0,차대차 - 충돌,기타,건조,맑음,단일로 - 기타,승용,남,21-30세,상해없음,원동기,남,41-50세,경상,2018,9
2018090200100079.2,2018년 9월,일요일,서울특별시 광진구 중곡동,부상신고사고,0,0,0,1,차대차 - 추돌,안전운전불이행,건조,맑음,단일로 - 기타,승용,여,51-60세,부상신고,승용,기타불명,기타불명,기타불명,2018,9
2018090200100192.8,2018년 9월,일요일,서울특별시 광진구 구의동,경상사고,0,0,2,0,차대차 - 추돌,차로위반,건조,맑음,단일로 - 기타,승용,남,61-64세,상해없음,승용,남,61-64세,경상,2018,9
2018090200100462.0,2018년 9월,일요일,서울특별시 광진구 구의동,경상사고,0,0,1,0,차대차 - 충돌,안전운전불이행,건조,맑음,단일로 - 기타,승용,남,65세 이상,기타불명,이륜,남,21-30세,경상,2018,9
2018090300100132.0,2018년 9월,월요일,서울특별시 광진구 화양동,경상사고,0,0,1,0,차대차 - 기타,안전운전불이행,건조,흐림,교차로 - 교차로부근,승용,남,21-30세,상해없음,승용,남,61-64세,경상,2018,9
2018090300100132.8,2018년 9월,월요일,서울특별시 광진구 화양동,경상사고,0,0,1,0,차대차 - 추돌,안전운전불이행,건조,맑음,단일로 - 기타,승용,남,65세 이상,상해없음,이륜,남,21-30세,경상,2018,9
2018090300100295.2,2018년 9월,월요일,서울특별시 광진구 광장동,경상사고,0,0,1,0,차대차 - 충돌,안전운전불이행,건조,맑음,단일로 - 교량,승용,여,51-60세,상해없음,승합,남,51-60세,경상,2018,9
2018090300100364.8,2018년 9월,월요일,서울특별시 광진구 중곡동,부상신고사고,0,0,0,1,차대사람 - 기타,안전운전불이행,젖음/습기,비,단일로 - 기타,승용,여,21-30세,상해없음,보행자,여,12세 이하,부상신고,2018,9
2018090300100554.0,2018년 9월,월요일,서울특별시 광진구 구의동,경상사고,0,0,1,0,차대차 - 추돌,안전운전불이행,건조,맑음,단일로 - 기타,승용,남,51-60세,상해없음,승용,남,41-50세,경상,2018,9
2018090300100612.8,2018년 9월,월요일,서울특별시 광진구 중곡동,경상사고,0,0,1,0,차대사람 - 기타,안전운전불이행,건조,맑음,단일로 - 기타,이륜,남,20세 이하,상해없음,보행자,여,51-60세,경상,2018,9
2018090400100256.0,2018년 9월,화요일,서울특별시 광진구 중곡동,경상사고,0,0,1,0,차대사람 - 횡단중,신호위반,건조,맑음,교차로 - 교차로안,승용,남,65세 이상,상해없음,보행자,여,41-50세,경상,2018,9
2018090400100592.8,2018년 9월,화요일,서울특별시 광진구 군자동,경상사고,0,0,2,0,차대차 - 충돌,안전운전불이행,건조,맑음,교차로 - 교차로안,승용,남,41-50세,상해없음,승용,남,21-30세,경상,2018,9
2018090500100022.0,2018년 9월,수요일,서울특별시 광진구 화양동,경상사고,0,0,1,0,차대차 - 기타,직진우회전진행방해,건조,맑음,교차로 - 교차로안,승용,남,31-40세,상해없음,이륜,남,41-50세,경상,2018,9
2018090600100002.0,2018년 9월,목요일,서울특별시 광진구 중곡동,경상사고,0,0,3,0,차대차 - 추돌,안전운전불이행,건조,맑음,교차로 - 교차로부근,승용,남,41-50세,상해없음,승용,남,51-60세,경상,2018,9
2018090600100091.2,2018년 9월,목요일,서울특별시 광진구 구의동,경상사고,0,0,1,0,차대차 - 충돌,안전운전불이행,건조,맑음,교차로 - 교차로안,화물,남,61-64세,상해없음,자전거,여,51-60세,경상,2018,9
2018090600100174.0,2018년 9월,목요일,서울특별시 광진구 군자동,경상사고,0,0,1,0,차대차 - 충돌,기타,건조,맑음,기타 - 기타,자전거,남,21-30세,경상,승용,남,31-40세,상해없음,2018,9
2018090600100287.2,2018년 9월,목요일,서울특별시 광진구 능동,중상사고,0,1,0,0,차대사람 - 횡단중,안전운전불이행,건조,맑음,교차로 - 교차로부근,승용,여,31-40세,상해없음,보행자,여,61-64세,중상,2018,9
2018090600100288.0,2018년 9월,목요일,서울특별시 광진구 자양동,경상사고,0,0,1,0,차대사람 - 차도통행중,안전운전불이행,젖음/습기,비,단일로 - 기타,승용,남,51-60세,상해없음,보행자,남,21-30세,경상,2018,9
2018090600100475.2,2018년 9월,목요일,서울특별시 광진구 중곡동,중상사고,0,1,0,0,차대사람 - 횡단중,안전운전불이행,건조,맑음,단일로 - 기타,이륜,남,20세 이하,상해없음,보행자,남,65세 이상,중상,2018,9
2018090700100384.0,2018년 9월,금요일,서울특별시 광진구 자양동,중상사고,0,1,0,0,차대차 - 추돌,안전운전불이행,건조,맑음,단일로 - 기타,승용,남,41-50세,상해없음,승용,남,61-64세,중상,2018,9
2018090700100599.2,2018년 9월,금요일,서울특별시 광진구 중곡동,경상사고,0,0,1,0,차대차 - 충돌,기타,건조,맑음,교차로 - 교차로부근,화물,남,31-40세,상해없음,자전거,남,21-30세,경상,2018,9
2018090700100684.0,2018년 9월,금요일,서울특별시 광진구 자양동,부상신고사고,0,0,0,1,차대차 - 추돌,안전운전불이행,건조,맑음,교차로 - 교차로부근,승용,남,31-40세,상해없음,승용,여,31-40세,부상신고,2018,9
2018090000000000.0,2018년 9월,토요일,서울특별시 광진구 능동,중상사고,0,1,0,0,차대차 - 충돌,안전운전불이행,건조,맑음,단일로 - 기타,자전거,여,65세 이상,중상,이륜,남,61-64세,상해없음,2018,9
2018090000000000.0,2018년 9월,토요일,서울특별시 광진구 군자동,경상사고,0,0,1,0,차대차 - 기타,안전운전불이행,건조,맑음,교차로 - 교차로부근,승용,여,41-50세,상해없음,이륜,남,21-30세,경상,2018,9
2018090900100251.2,2018년 9월,일요일,서울특별시 광진구 구의동,경상사고,0,0,3,0,차대차 - 추돌,안전운전불이행,건조,맑음,교차로 - 교차로부근,승용,남,65세 이상,상해없음,승용,남,41-50세,경상,2018,9
2018091000100592.0,2018년 9월,월요일,서울특별시 광진구 구의동,경상사고,0,0,1,0,차대사람 - 기타,안전운전불이행,건조,맑음,단일로 - 기타,승용,남,51-60세,상해없음,보행자,남,41-50세,경상,2018,9
2018091100100428.0,2018년 9월,화요일,서울특별시 광진구 구의동,경상사고,0,0,1,0,차대차 - 충돌,신호위반,건조,맑음,교차로 - 교차로부근,이륜,남,31-40세,기타불명,승용,남,51-60세,기타불명,2018,9
2018091100100512.0,2018년 9월,화요일,서울특별시 광진구 자양동,경상사고,0,0,1,0,차대차 - 충돌,안전운전불이행,건조,맑음,단일로 - 기타,승용,남,21-30세,상해없음,이륜,남,13-20세,경상,2018,9
2018091200100016.0,2018년 9월,수요일,서울특별시 광진구 광장동,중상사고,0,1,0,0,차대차 - 충돌,안전운전불이행,건조,맑음,단일로 - 기타,승용,남,31-40세,상해없음,승용,남,21-30세,중상,2018,9
2018091300100068.0,2018년 9월,목요일,서울특별시 광진구 구의동,중상사고,0,1,0,0,차대사람 - 기타,안전운전불이행,건조,맑음,교차로 - 교차로안,승용,남,51-60세,상해없음,보행자,남,65세 이상,중상,2018,9
2018091400100066.0,2018년 9월,금요일,서울특별시 광진구 구의동,경상사고,0,0,1,0,차대차 - 충돌,안전운전불이행,건조,맑음,단일로 - 기타,자전거,여,61-64세,경상,승용,여,41-50세,상해없음,2018,9
2018091400100067.2,2018년 9월,금요일,서울특별시 광진구 광장동,경상사고,0,0,2,0,차대차 - 충돌,중앙선침범,건조,맑음,기타 - 기타,승용,남,31-40세,상해없음,승용,남,51-60세,경상,2018,9
2018091400100488.8,2018년 9월,금요일,서울특별시 광진구 중곡동,중상사고,0,1,0,0,차대차 - 추돌,안전운전불이행,건조,맑음,단일로 - 기타,승용,남,41-50세,상해없음,이륜,남,31-40세,중상,2018,9
2018091400100643.2,2018년 9월,금요일,서울특별시 광진구 자양동,경상사고,0,0,1,0,차대차 - 기타,신호위반,젖음/습기,비,교차로 - 교차로안,기타불명,기타불명,기타불명,기타불명,이륜,남,41-50세,경상,2018,9
2018091500100016.8,2018년 9월,토요일,서울특별시 광진구 능동,중상사고,0,1,0,0,차량단독 - 기타,안전운전불이행,건조,맑음,단일로 - 기타,이륜,남,41-50세,중상,,,,,2018,9
2018091500100226.0,2018년 9월,토요일,서울특별시 광진구 중곡동,중상사고,0,1,0,0,차대사람 - 횡단중,신호위반,건조,맑음,교차로 - 교차로횡단보도내,승용,남,51-60세,상해없음,보행자,여,41-50세,중상,2018,9
2018090000000000.0,2018년 9월,토요일,서울특별시 광진구 화양동,경상사고,0,0,1,0,차대차 - 충돌,신호위반,건조,맑음,단일로 - 기타,자전거,남,65세 이상,경상,승용,남,51-60세,상해없음,2018,9
2018091500100368.8,2018년 9월,토요일,서울특별시 광진구 구의동,중상사고,0,1,0,0,차대사람 - 기타,안전운전불이행,건조,맑음,교차로 - 교차로부근,승용,남,41-50세,상해없음,보행자,남,65세 이상,중상,2018,9
2018091500100636.8,2018년 9월,토요일,서울특별시 광진구 화양동,중상사고,0,1,0,0,차대차 - 추돌,안전운전불이행,건조,맑음,교차로 - 교차로부근,승용,남,65세 이상,상해없음,원동기,남,21-30세,중상,2018,9
2018091600100019.2,2018년 9월,일요일,서울특별시 광진구 자양동,경상사고,0,0,2,0,차대차 - 충돌,신호위반,건조,맑음,교차로 - 교차로부근,승용,남,21-30세,상해없음,승합,남,51-60세,경상,2018,9
2018090000000000.0,2018년 9월,일요일,서울특별시 광진구 중곡동,중상사고,0,1,0,0,차대차 - 충돌,안전운전불이행,젖음/습기,비,단일로 - 기타,승용,남,61-64세,상해없음,원동기,남,13-20세,중상,2018,9
2018091700100066.0,2018년 9월,월요일,서울특별시 광진구 군자동,중상사고,0,1,0,0,차대차 - 기타,기타,건조,맑음,단일로 - 기타,승용,남,61-64세,상해없음,이륜,남,31-40세,중상,2018,9
2018091700100148.8,2018년 9월,월요일,서울특별시 광진구 중곡동,경상사고,0,0,1,0,차대차 - 기타,안전운전불이행,건조,맑음,교차로 - 교차로부근,화물,남,41-50세,상해없음,승용,남,21-30세,경상,2018,9
2018091700100212.0,2018년 9월,월요일,서울특별시 광진구 중곡동,중상사고,0,1,0,0,차대사람 - 길가장자리구역통행중,안전운전불이행,건조,맑음,단일로 - 기타,승용,여,65세 이상,상해없음,보행자,남,65세 이상,중상,2018,9
2018091800100015.2,2018년 9월,화요일,서울특별시 광진구 화양동,경상사고,0,0,3,0,차대차 - 충돌,안전운전불이행,건조,맑음,교차로 - 교차로안,승용,남,65세 이상,상해없음,승용,남,31-40세,경상,2018,9
2018091800100072.0,2018년 9월,화요일,서울특별시 광진구 중곡동,중상사고,0,1,0,1,차대차 - 충돌,차로위반,건조,맑음,단일로 - 기타,승용,남,51-60세,상해없음,이륜,남,21-30세,중상,2018,9
2018091800100107.2,2018년 9월,화요일,서울특별시 광진구 구의동,경상사고,0,0,1,0,차대차 - 기타,안전운전불이행,건조,맑음,단일로 - 기타,승용,남,65세 이상,상해없음,승용,남,41-50세,경상,2018,9
2018091800100372.8,2018년 9월,화요일,서울특별시 광진구 자양동,경상사고,0,0,1,0,차대차 - 충돌,안전운전불이행,건조,맑음,교차로 - 교차로부근,승용,남,41-50세,상해없음,승용,여,31-40세,경상,2018,9
2018090000000000.0,2018년 9월,화요일,서울특별시 광진구 자양동,경상사고,0,0,2,0,차대차 - 기타,안전운전불이행,건조,맑음,단일로 - 기타,자전거,남,41-50세,경상,이륜,남,51-60세,경상,2018,9
2018091900100078.0,2018년 9월,수요일,서울특별시 광진구 자양동,경상사고,0,0,1,0,차대차 - 충돌,안전거리미확보,건조,맑음,단일로 - 기타,승용,남,65세 이상,상해없음,승용,남,31-40세,경상,2018,9
2018091900100107.2,2018년 9월,수요일,서울특별시 광진구 자양동,중상사고,0,1,0,0,차대사람 - 차도통행중,안전운전불이행,건조,맑음,교차로 - 교차로부근,자전거,여,65세 이상,상해없음,보행자,여,65세 이상,중상,2018,9
2018091900100244.0,2018년 9월,수요일,서울특별시 광진구 자양동,경상사고,0,0,2,0,차대차 - 충돌,차로위반,건조,맑음,단일로 - 고가도로위,승용,남,31-40세,경상,승용,남,41-50세,경상,2018,9
2018091900100314.0,2018년 9월,수요일,서울특별시 광진구 구의동,경상사고,0,0,1,0,차대사람 - 횡단중,안전운전불이행,건조,맑음,미분류 - 미분류,승합,남,41-50세,상해없음,보행자,여,65세 이상,경상,2018,9
2018091900100456.0,2018년 9월,수요일,서울특별시 광진구 구의동,경상사고,0,0,1,0,차대차 - 추돌,안전운전불이행,건조,맑음,단일로 - 기타,화물,남,51-60세,상해없음,자전거,여,65세 이상,경상,2018,9
2018092000100003.2,2018년 9월,목요일,서울특별시 광진구 화양동,경상사고,0,0,1,0,차대사람 - 기타,안전운전불이행,건조,맑음,단일로 - 기타,이륜,기타불명,기타불명,기타불명,보행자,남,21-30세,경상,2018,9
2018092000100092.8,2018년 9월,목요일,서울특별시 광진구 자양동,경상사고,0,0,1,0,차대차 - 추돌,안전운전불이행,젖음/습기,비,단일로 - 기타,승용,여,21-30세,상해없음,승용,남,31-40세,경상,2018,9
2018092000100500.8,2018년 9월,목요일,서울특별시 광진구 화양동,경상사고,0,0,3,0,차대차 - 추돌,안전운전불이행,젖음/습기,비,단일로 - 기타,승용,남,31-40세,상해없음,승합,남,41-50세,경상,2018,9
2018092100100112.0,2018년 9월,금요일,서울특별시 광진구 자양동,경상사고,0,0,1,0,차대차 - 기타,안전운전불이행,젖음/습기,비,단일로 - 기타,화물,남,61-64세,상해없음,승용,남,31-40세,상해없음,2018,9
2018092100100482.0,2018년 9월,금요일,서울특별시 광진구 중곡동,중상사고,0,1,0,0,차대차 - 기타,기타,건조,맑음,단일로 - 기타,승용,남,65세 이상,상해없음,이륜,남,13-20세,중상,2018,9
2018092100100718.0,2018년 9월,금요일,서울특별시 광진구 광장동,경상사고,0,0,1,0,차대사람 - 보도통행중,안전운전불이행,건조,맑음,교차로 - 교차로부근,승합,남,65세 이상,상해없음,보행자,여,41-50세,경상,2018,9
2018092100100832.8,2018년 9월,금요일,서울특별시 광진구 군자동,중상사고,0,1,1,0,차대차 - 충돌,중앙선침범,건조,맑음,교차로 - 교차로안,이륜,남,21-30세,상해없음,이륜,여,41-50세,중상,2018,9
2018090000000000.0,2018년 9월,토요일,서울특별시 광진구 구의동,중상사고,0,2,3,0,차대차 - 기타,신호위반,건조,맑음,교차로 - 교차로안,승용,여,31-40세,상해없음,승용,남,31-40세,중상,2018,9
2018092200100659.2,2018년 9월,토요일,서울특별시 광진구 화양동,경상사고,0,0,1,0,차대차 - 충돌,안전운전불이행,건조,맑음,단일로 - 기타,승용,남,21-30세,상해없음,이륜,남,21-30세,경상,2018,9
2018092300100300.8,2018년 9월,일요일,서울특별시 광진구 자양동,경상사고,0,0,1,0,차대차 - 추돌,안전운전불이행,건조,맑음,단일로 - 기타,승용,남,65세 이상,상해없음,승용,남,51-60세,경상,2018,9
2018092500100027.2,2018년 9월,화요일,서울특별시 광진구 화양동,경상사고,0,0,1,0,차대사람 - 기타,안전운전불이행,건조,맑음,교차로 - 교차로부근,승용,남,51-60세,상해없음,보행자,여,21-30세,경상,2018,9
2018092600100451.2,2018년 9월,수요일,서울특별시 광진구 화양동,경상사고,0,0,1,0,차대차 - 추돌,안전운전불이행,건조,맑음,단일로 - 기타,승용,여,31-40세,상해없음,승용,남,51-60세,경상,2018,9
2018092700100076.8,2018년 9월,목요일,서울특별시 광진구 구의동,경상사고,0,0,1,0,차대차 - 충돌,안전거리미확보,건조,맑음,단일로 - 기타,화물,남,51-60세,상해없음,승용,남,21-30세,경상,2018,9
2018092700100078.0,2018년 9월,목요일,서울특별시 광진구 군자동,중상사고,0,2,0,0,차대차 - 충돌,신호위반,건조,맑음,교차로 - 교차로부근,이륜,남,51-60세,상해없음,이륜,여,41-50세,중상,2018,9
2018092700100079.2,2018년 9월,목요일,서울특별시 광진구 화양동,경상사고,0,0,1,0,차대차 - 충돌,교차로운행방법위반,건조,맑음,교차로 - 교차로안,승용,남,65세 이상,상해없음,승합,남,51-60세,경상,2018,9
2018092700100296.8,2018년 9월,목요일,서울특별시 광진구 중곡동,경상사고,0,0,2,0,차대차 - 충돌,안전운전불이행,건조,맑음,교차로 - 교차로안,화물,남,61-64세,상해없음,이륜,남,51-60세,경상,2018,9
2018092800100055.2,2018년 9월,금요일,서울특별시 광진구 구의동,경상사고,0,0,1,0,차대차 - 충돌,교차로운행방법위반,건조,맑음,교차로 - 교차로안,승용,남,61-64세,상해없음,화물,남,51-60세,경상,2018,9
2018092800100056.0,2018년 9월,금요일,서울특별시 광진구 자양동,경상사고,0,0,1,0,차대차 - 충돌,안전운전불이행,건조,맑음,단일로 - 기타,승용,남,31-40세,상해없음,승용,남,41-50세,경상,2018,9
2018092800100072.8,2018년 9월,금요일,서울특별시 광진구 군자동,경상사고,0,0,1,0,차대차 - 기타,기타,건조,맑음,단일로 - 기타,승용,여,31-40세,기타불명,이륜,남,21-30세,경상,2018,9
2018092800100538.0,2018년 9월,금요일,서울특별시 광진구 구의동,경상사고,0,0,1,0,차대사람 - 기타,안전운전불이행,건조,맑음,단일로 - 기타,승용,남,31-40세,상해없음,보행자,남,21-30세,경상,2018,9
2018092900100080.8,2018년 9월,토요일,서울특별시 광진구 화양동,경상사고,0,0,1,0,차대사람 - 기타,안전운전불이행,건조,맑음,단일로 - 기타,승용,남,21-30세,상해없음,보행자,여,21-30세,경상,2018,9
2018092900100219.2,2018년 9월,토요일,서울특별시 광진구 화양동,경상사고,0,0,1,0,차대차 - 기타,안전운전불이행,건조,맑음,단일로 - 기타,승용,남,21-30세,상해없음,승용,남,41-50세,경상,2018,9
2018090000000000.0,2018년 9월,토요일,서울특별시 광진구 구의동,경상사고,0,0,3,0,차대차 - 충돌,안전거리미확보,건조,맑음,단일로 - 기타,승합,남,51-60세,상해없음,승용,남,65세 이상,경상,2018,9
2018092900100452.0,2018년 9월,토요일,서울특별시 광진구 화양동,경상사고,0,0,1,0,차대차 - 충돌,차로위반,건조,맑음,단일로 - 기타,승용,남,65세 이상,기타불명,승용,남,21-30세,경상,2018,9
2018093000100052.0,2018년 9월,일요일,서울특별시 광진구 화양동,부상신고사고,0,0,0,1,차대사람 - 기타,안전운전불이행,건조,맑음,단일로 - 기타,이륜,남,20세 이하,부상신고,보행자,남,21-30세,상해없음,2018,9
2018093000100192.8,2018년 9월,일요일,서울특별시 광진구 자양동,중상사고,0,1,0,0,차대사람 - 횡단중,보행자보호의무위반,건조,맑음,교차로 - 교차로횡단보도내,승용,남,41-50세,상해없음,보행자,남,65세 이상,중상,2018,9
2018100100100079.2,2018년 10월,월요일,서울특별시 광진구 중곡동,중상사고,0,1,0,0,차대차 - 충돌,안전운전불이행,건조,맑음,교차로 - 교차로안,이륜,여,51-60세,중상,승용,여,51-60세,상해없음,2018,10
2018100000000000.0,2018년 10월,화요일,서울특별시 광진구 화양동,부상신고사고,0,0,0,1,차대차 - 충돌,차로위반,건조,맑음,단일로 - 기타,원동기,남,51-60세,부상신고,화물,남,41-50세,상해없음,2018,10
2018100200100666.0,2018년 10월,화요일,서울특별시 광진구 광장동,중상사고,0,1,0,0,차대사람 - 차도통행중,안전운전불이행,건조,맑음,교차로 - 교차로안,화물,남,41-50세,상해없음,보행자,남,51-60세,중상,2018,10
2018100300100102.0,2018년 10월,수요일,서울특별시 광진구 군자동,경상사고,0,0,3,0,차대차 - 추돌,안전운전불이행,건조,맑음,단일로 - 기타,이륜,남,41-50세,경상,승용,남,51-60세,경상,2018,10
2018100300100198.0,2018년 10월,수요일,서울특별시 광진구 자양동,중상사고,0,1,0,0,차대차 - 기타,안전거리미확보,건조,맑음,단일로 - 기타,승용,여,41-50세,상해없음,승용,남,41-50세,중상,2018,10
2018100300100288.8,2018년 10월,수요일,서울특별시 광진구 자양동,경상사고,0,0,1,0,차대차 - 기타,안전운전불이행,건조,맑음,교차로 - 교차로안,기타불명,기타불명,기타불명,기타불명,자전거,남,12세 이하,경상,2018,10
2018100300100324.0,2018년 10월,수요일,서울특별시 광진구 자양동,경상사고,0,0,1,0,차대차 - 충돌,안전운전불이행,건조,맑음,단일로 - 기타,자전거,여,21-30세,상해없음,원동기,남,31-40세,경상,2018,10
2018100400100238.0,2018년 10월,목요일,서울특별시 광진구 구의동,경상사고,0,0,1,0,차대사람 - 보도통행중,기타,건조,맑음,단일로 - 기타,화물,남,41-50세,상해없음,보행자,여,65세 이상,경상,2018,10
2018100000000000.0,2018년 10월,목요일,서울특별시 광진구 화양동,중상사고,0,1,0,0,차대사람 - 보도통행중,안전운전불이행,건조,맑음,기타 - 기타,이륜,남,51-60세,상해없음,보행자,여,31-40세,중상,2018,10
2018100500100002.0,2018년 10월,금요일,서울특별시 광진구 자양동,중상사고,0,1,0,0,차량단독 - 기타,안전운전불이행,기타,기타,미분류 - 미분류,승용,남,41-50세,상해없음,,,,,2018,10
2018100500100114.0,2018년 10월,금요일,서울특별시 광진구 자양동,경상사고,0,0,1,0,차대차 - 충돌,안전운전불이행,건조,맑음,교차로 - 교차로안,승용,남,31-40세,상해없음,승용,여,31-40세,경상,2018,10
2018100500100204.8,2018년 10월,금요일,서울특별시 광진구 자양동,경상사고,0,0,1,0,차대차 - 추돌,안전운전불이행,젖음/습기,흐림,단일로 - 고가도로위,화물,남,61-64세,상해없음,승용,여,51-60세,경상,2018,10
2018100500100699.2,2018년 10월,금요일,서울특별시 광진구 군자동,경상사고,0,0,1,0,차대차 - 충돌,안전거리미확보,젖음/습기,비,교차로 - 교차로부근,기타불명,기타불명,기타불명,기타불명,승용,여,61-64세,경상,2018,10
2018100600100000.8,2018년 10월,토요일,서울특별시 광진구 구의동,중상사고,0,1,1,0,차대차 - 추돌,안전운전불이행,젖음/습기,비,교차로 - 교차로부근,승용,남,21-30세,상해없음,승용,남,51-60세,경상,2018,10
2018100600100032.0,2018년 10월,토요일,서울특별시 광진구 광장동,중상사고,0,1,0,0,차량단독 - 충돌,과속,젖음/습기,비,단일로 - 기타,승용,남,51-60세,상해없음,,,,,2018,10
2018100600100032.8,2018년 10월,토요일,서울특별시 광진구 군자동,경상사고,0,0,1,0,차대차 - 추돌,안전운전불이행,건조,맑음,교차로 - 교차로부근,승용,남,21-30세,상해없음,승용,남,21-30세,경상,2018,10
2018100600100075.2,2018년 10월,토요일,서울특별시 광진구 화양동,경상사고,0,0,1,0,차대사람 - 보도통행중,안전운전불이행,젖음/습기,흐림,기타 - 기타,승용,남,21-30세,상해없음,보행자,남,21-30세,경상,2018,10
2018100600100346.0,2018년 10월,토요일,서울특별시 광진구 화양동,중상사고,0,1,0,0,차대차 - 기타,안전운전불이행,젖음/습기,비,교차로 - 교차로부근,원동기,남,61-64세,중상,승용,여,51-60세,상해없음,2018,10
2018100600100436.0,2018년 10월,토요일,서울특별시 광진구 자양동,경상사고,0,0,2,0,차대사람 - 길가장자리구역통행중,안전운전불이행,건조,맑음,교차로 - 교차로안,자전거,남,31-40세,경상,보행자,여,65세 이상,경상,2018,10
2018100700100035.2,2018년 10월,일요일,서울특별시 광진구 자양동,경상사고,0,0,3,0,차대차 - 추돌,안전거리미확보,건조,맑음,단일로 - 고가도로위,승용,남,41-50세,상해없음,승용,남,65세 이상,상해없음,2018,10
2018100700100374.0,2018년 10월,일요일,서울특별시 광진구 자양동,경상사고,0,0,1,0,차대차 - 충돌,안전운전불이행,건조,맑음,단일로 - 기타,승용,남,21-30세,상해없음,승용,남,31-40세,경상,2018,10
2018100700100523.2,2018년 10월,일요일,서울특별시 광진구 중곡동,부상신고사고,0,0,0,1,차대차 - 기타,신호위반,건조,맑음,교차로 - 교차로부근,자전거,남,51-60세,부상신고,이륜,남,21-30세,상해없음,2018,10
2018100800100076.8,2018년 10월,월요일,서울특별시 광진구 중곡동,경상사고,0,0,1,0,차대차 - 기타,안전운전불이행,건조,맑음,단일로 - 기타,이륜,남,21-30세,기타불명,이륜,남,21-30세,경상,2018,10
2018100800100203.2,2018년 10월,월요일,서울특별시 광진구 구의동,경상사고,0,0,6,0,차대차 - 추돌,안전운전불이행,건조,맑음,기타 - 기타,승용,남,41-50세,기타불명,화물,남,31-40세,경상,2018,10