사고번호,발생년월,요일,시군구,사고내용,사망자수,중상자수,경상자수,부상신고자수,사고유형,법규위반,노면상태,기상상태,도로형태,가해운전자 차종,가해운전자 성별,가해운전자 연령대,가해운전자 상해정도,피해운전자 차종,피해운전자 성별,피해운전자 연령대,피해운전자 상해정도,발생년도,발생월
2018111400100059.2,2018년 11월,수요일,서울특별시 광진구 자양동,경상사고,0,0,1,0,차대차 - 기타,안전운전불이행,건조,맑음,단일로 - 기타,자전거,남,20세 이하,경상,승용,남,65세 이상,상해없음,2018,11
2018111400100212.8,2018년 11월,수요일,서울특별시 광진구 중곡동,중상사고,0,1,0,0,차대차 - 충돌,신호위반,건조,맑음,단일로 - 기타,이륜,남,41-50세,중상,화물,남,61-64세,상해없음,2018,11
2018111400100254.0,2018년 11월,수요일,서울특별시 광진구 자양동,사망사고,1,0,0,0,차대차 - 충돌,안전운전불이행,건조,맑음,단일로 - 교량,자전거,남,65세 이상,사망,승용,여,41-50세,상해없음,2018,11
2018110000000000.0,2018년 11월,수요일,서울특별시 광진구 자양동,중상사고,0,1,0,0,차대차 - 충돌,안전운전불이행,건조,맑음,교차로 - 교차로안,자전거,여,61-64세,중상,승용,여,65세 이상,상해없음,2018,11
2018111400100346.0,2018년 11월,수요일,서울특별시 광진구 자양동,경상사고,0,0,1,0,차대차 - 충돌,안전운전불이행,건조,맑음,단일로 - 기타,기타불명,기타불명,기타불명,기타불명,자전거,남,12세 이하,경상,2018,11
2018111400100484.0,2018년 11월,수요일,서울특별시 광진구 구의동,경상사고,0,0,1,0,차대차 - 충돌,직진우회전진행방해,건조,맑음,교차로 - 교차로안,승용,여,31-40세,상해없음,이륜,남,13-20세,경상,2018,11
2018111400100611.2,2018년 11월,수요일,서울특별시 광진구 자양동,경상사고,0,0,2,0,차대차 - 추돌,안전운전불이행,건조,맑음,단일로 - 기타,승용,남,51-60세,상해없음,승용,남,21-30세,경상,2018,11
2018111500100100.8,2018년 11월,목요일,서울특별시 광진구 자양동,경상사고,0,0,1,0,차대차 - 충돌,안전거리미확보,건조,맑음,단일로 - 기타,승용,여,31-40세,상해없음,승용,남,31-40세,경상,2018,11
2018111500100172.8,2018년 11월,목요일,서울특별시 광진구 자양동,중상사고,0,1,3,0,차대차 - 추돌,안전운전불이행,건조,맑음,단일로 - 교량,승용,남,61-64세,상해없음,승용,여,51-60세,경상,2018,11
2018111500100259.2,2018년 11월,목요일,서울특별시 광진구 자양동,중상사고,0,2,0,0,차대차 - 충돌,안전운전불이행,건조,맑음,교차로 - 교차로안,승합,남,41-50세,상해없음,승용,여,51-60세,중상,2018,11
2018111600100108.8,2018년 11월,금요일,서울특별시 광진구 구의동,경상사고,0,0,1,0,차대차 - 충돌,안전거리미확보,건조,맑음,단일로 - 기타,화물,남,31-40세,상해없음,승용,여,21-30세,경상,2018,11
2018110000000000.0,2018년 11월,금요일,서울특별시 광진구 군자동,중상사고,0,1,0,0,차대차 - 충돌,불법유턴,건조,맑음,교차로 - 교차로부근,이륜,여,51-60세,중상,승용,남,41-50세,상해없음,2018,11
2018111600100652.0,2018년 11월,금요일,서울특별시 광진구 화양동,경상사고,0,0,1,0,차대사람 - 길가장자리구역통행중,안전운전불이행,건조,맑음,단일로 - 기타,승용,남,21-30세,상해없음,보행자,남,31-40세,경상,2018,11
2018111700100039.2,2018년 11월,토요일,서울특별시 광진구 광장동,중상사고,0,1,1,0,차대차 - 충돌,안전운전불이행,건조,맑음,교차로 - 교차로부근,승용,남,31-40세,상해없음,승용,남,61-64세,중상,2018,11
2018111700100091.2,2018년 11월,토요일,서울특별시 광진구 자양동,경상사고,0,0,4,0,차대차 - 기타,안전운전불이행,건조,맑음,단일로 - 기타,화물,남,41-50세,상해없음,승용,남,41-50세,경상,2018,11
2018111700100579.2,2018년 11월,토요일,서울특별시 광진구 광장동,경상사고,0,0,1,0,차대차 - 충돌,안전거리미확보,건조,맑음,단일로 - 기타,승용,남,21-30세,상해없음,승용,남,51-60세,경상,2018,11
2018111800100012.8,2018년 11월,일요일,서울특별시 광진구 구의동,경상사고,0,0,1,0,차대차 - 충돌,안전거리미확보,건조,맑음,단일로 - 기타,승용,남,61-64세,상해없음,승용,남,41-50세,경상,2018,11
2018110000000000.0,2018년 11월,일요일,서울특별시 광진구 중곡동,경상사고,0,0,1,0,차대차 - 충돌,기타,건조,맑음,교차로 - 교차로안,승용,여,41-50세,상해없음,이륜,남,31-40세,경상,2018,11
2018111800100228.8,2018년 11월,일요일,서울특별시 광진구 중곡동,중상사고,0,1,0,0,차대차 - 기타,기타,건조,맑음,교차로 - 교차로횡단보도내,승용,남,65세 이상,상해없음,자전거,남,61-64세,중상,2018,11
2018111800100376.0,2018년 11월,일요일,서울특별시 광진구 화양동,경상사고,0,0,1,0,차대사람 - 횡단중,안전운전불이행,건조,맑음,교차로 - 교차로부근,승용,남,21-30세,상해없음,보행자,여,21-30세,경상,2018,11
2018111800100400.8,2018년 11월,일요일,서울특별시 광진구 광장동,경상사고,0,0,1,0,차대차 - 충돌,차로위반,건조,맑음,교차로 - 교차로부근,승용,남,31-40세,상해없음,승용,여,61-64세,경상,2018,11
2018111900100018.0,2018년 11월,월요일,서울특별시 광진구 화양동,부상신고사고,0,0,0,1,차대사람 - 횡단중,안전운전불이행,건조,맑음,단일로 - 기타,화물,남,65세 이상,상해없음,보행자,남,51-60세,부상신고,2018,11
2018111900100299.2,2018년 11월,월요일,서울특별시 광진구 구의동,경상사고,0,0,1,0,차대차 - 충돌,안전운전불이행,건조,맑음,교차로 - 교차로횡단보도내,승용,여,21-30세,상해없음,승용,남,31-40세,경상,2018,11
2018110000000000.0,2018년 11월,화요일,서울특별시 광진구 구의동,경상사고,0,0,1,0,차대차 - 추돌,안전운전불이행,건조,맑음,교차로 - 교차로안,승용,남,61-64세,상해없음,승용,남,61-64세,경상,2018,11
2018112000100224.0,2018년 11월,화요일,서울특별시 광진구 중곡동,경상사고,0,0,1,0,차대차 - 충돌,신호위반,건조,맑음,교차로 - 교차로안,승용,남,65세 이상,상해없음,승용,남,31-40세,경상,2018,11
2018112000100308.8,2018년 11월,화요일,서울특별시 광진구 구의동,경상사고,0,0,2,0,차대차 - 충돌,중앙선침범,건조,맑음,단일로 - 기타,승용,남,65세 이상,상해없음,승용,남,41-50세,경상,2018,11
2018112000100404.0,2018년 11월,화요일,서울특별시 광진구 군자동,중상사고,0,1,0,0,차대사람 - 횡단중,보행자보호의무위반,건조,맑음,단일로 - 기타,승합,남,51-60세,상해없음,보행자,여,65세 이상,중상,2018,11
2018112000100404.8,2018년 11월,화요일,서울특별시 광진구 화양동,경상사고,0,0,1,0,차대차 - 기타,기타,건조,맑음,단일로 - 기타,승용,남,61-64세,상해없음,이륜,남,41-50세,경상,2018,11
2018112100100019.2,2018년 11월,수요일,서울특별시 광진구 자양동,경상사고,0,0,1,0,차대차 - 기타,안전거리미확보,젖음/습기,비,단일로 - 기타,승용,남,20세 이하,상해없음,승용,남,61-64세,상해없음,2018,11
2018112100100307.2,2018년 11월,수요일,서울특별시 광진구 자양동,경상사고,0,0,1,0,차대차 - 기타,안전거리미확보,건조,맑음,단일로 - 기타,기타불명,기타불명,기타불명,기타불명,이륜,남,13-20세,경상,2018,11
2018112100100380.8,2018년 11월,수요일,서울특별시 광진구 능동,중상사고,0,2,0,0,차대차 - 충돌,신호위반,건조,맑음,교차로 - 교차로안,승용,남,41-50세,상해없음,이륜,남,31-40세,중상,2018,11
2018112100100428.0,2018년 11월,수요일,서울특별시 광진구 자양동,경상사고,0,0,1,0,차대차 - 충돌,신호위반,건조,맑음,교차로 - 교차로안,승용,남,51-60세,상해없음,이륜,남,13-20세,경상,2018,11
2018112100100608.0,2018년 11월,수요일,서울특별시 광진구 중곡동,중상사고,0,1,0,0,차대차 - 기타,교차로운행방법위반,건조,맑음,교차로 - 교차로안,승용,남,31-40세,상해없음,이륜,남,31-40세,중상,2018,11
2018112200100336.0,2018년 11월,목요일,서울특별시 광진구 자양동,경상사고,0,0,1,0,차대차 - 추돌,안전운전불이행,건조,맑음,단일로 - 기타,승용,여,51-60세,상해없음,승용,남,41-50세,경상,2018,11
2018112200100616.0,2018년 11월,목요일,서울특별시 광진구 구의동,경상사고,0,0,1,0,차대차 - 충돌,안전운전불이행,건조,맑음,단일로 - 기타,자전거,남,51-60세,경상,승용,남,41-50세,상해없음,2018,11
2018112300100012.8,2018년 11월,금요일,서울특별시 광진구 자양동,경상사고,0,0,2,0,차대차 - 충돌,안전운전불이행,건조,맑음,교차로 - 교차로안,승용,남,41-50세,상해없음,승용,남,65세 이상,경상,2018,11
2018112300100055.2,2018년 11월,금요일,서울특별시 광진구 자양동,중상사고,0,1,0,0,차대사람 - 횡단중,안전운전불이행,건조,흐림,교차로 - 교차로안,화물,남,41-50세,상해없음,보행자,여,65세 이상,중상,2018,11
2018112300100624.8,2018년 11월,금요일,서울특별시 광진구 중곡동,경상사고,0,0,1,0,차대차 - 충돌,안전운전불이행,건조,맑음,단일로 - 기타,화물,남,51-60세,상해없음,화물,남,51-60세,경상,2018,11
2018112400100136.0,2018년 11월,토요일,서울특별시 광진구 화양동,경상사고,0,0,2,0,차대차 - 충돌,안전운전불이행,젖음/습기,눈,교차로 - 교차로안,승용,남,51-60세,경상,승용,남,31-40세,경상,2018,11
2018112500100026.0,2018년 11월,일요일,서울특별시 광진구 자양동,경상사고,0,0,1,0,차대차 - 충돌,안전운전불이행,건조,맑음,교차로 - 교차로안,승용,남,61-64세,상해없음,승용,남,65세 이상,경상,2018,11
2018112500100127.2,2018년 11월,일요일,서울특별시 광진구 광장동,경상사고,0,0,1,0,차대사람 - 차도통행중,안전운전불이행,건조,맑음,단일로 - 기타,자전거,여,31-40세,기타불명,보행자,여,65세 이상,경상,2018,11
2018110000000000.0,2018년 11월,일요일,서울특별시 광진구 구의동,경상사고,0,0,1,0,차대차 - 추돌,안전운전불이행,건조,맑음,교차로 - 교차로부근,승용,남,51-60세,상해없음,승용,남,51-60세,경상,2018,11
2018112500100307.2,2018년 11월,일요일,서울특별시 광진구 화양동,경상사고,0,0,1,0,차대차 - 충돌,기타,건조,맑음,단일로 - 기타,승용,남,41-50세,상해없음,원동기,남,21-30세,경상,2018,11
2018112600100023.2,2018년 11월,월요일,서울특별시 광진구 중곡동,경상사고,0,0,3,0,차대차 - 충돌,직진우회전진행방해,건조,맑음,교차로 - 교차로안,승용,남,31-40세,상해없음,승용,남,51-60세,경상,2018,11
2018112600100482.0,2018년 11월,월요일,서울특별시 광진구 화양동,중상사고,0,1,0,0,차대차 - 충돌,신호위반,건조,맑음,교차로 - 교차로안,승용,여,41-50세,상해없음,이륜,남,31-40세,중상,2018,11
2018112600100574.0,2018년 11월,월요일,서울특별시 광진구 구의동,경상사고,0,0,1,0,차대차 - 충돌,중앙선침범,건조,맑음,교차로 - 교차로부근,승용,남,61-64세,상해없음,이륜,남,13-20세,경상,2018,11
2018110000000000.0,2018년 11월,화요일,서울특별시 광진구 구의동,경상사고,0,0,2,0,차대차 - 충돌,안전운전불이행,건조,맑음,교차로 - 교차로안,승용,남,20세 이하,상해없음,원동기,남,51-60세,경상,2018,11
2018112700100478.0,2018년 11월,화요일,서울특별시 광진구 화양동,경상사고,0,0,1,0,차대사람 - 횡단중,신호위반,건조,맑음,단일로 - 기타,승용,여,41-50세,상해없음,보행자,남,21-30세,경상,2018,11
2018112700100568.0,2018년 11월,화요일,서울특별시 광진구 구의동,경상사고,0,0,1,0,차대차 - 추돌,안전운전불이행,건조,맑음,교차로 - 교차로안,화물,남,41-50세,상해없음,이륜,남,31-40세,경상,2018,11
2018112800100003.2,2018년 11월,수요일,서울특별시 광진구 화양동,중상사고,0,2,0,0,차대사람 - 차도통행중,안전운전불이행,건조,맑음,교차로 - 교차로부근,승용,남,65세 이상,상해없음,보행자,남,21-30세,중상,2018,11
2018112800100138.0,2018년 11월,수요일,서울특별시 광진구 군자동,중상사고,0,1,0,0,차대사람 - 기타,기타,건조,맑음,단일로 - 기타,승용,남,41-50세,상해없음,보행자,여,65세 이상,중상,2018,11
2018112800100139.2,2018년 11월,수요일,서울특별시 광진구 구의동,경상사고,0,0,1,0,차대차 - 추돌,안전운전불이행,건조,맑음,단일로 - 기타,승용,남,51-60세,상해없음,화물,남,51-60세,경상,2018,11
2018112800100207.2,2018년 11월,수요일,서울특별시 광진구 구의동,중상사고,0,1,1,0,차대차 - 충돌,안전운전불이행,건조,맑음,단일로 - 기타,승용,여,31-40세,상해없음,화물,여,51-60세,경상,2018,11
2018112800100244.8,2018년 11월,수요일,서울특별시 광진구 군자동,경상사고,0,0,1,0,차량단독 - 전도전복,안전운전불이행,건조,맑음,단일로 - 기타,이륜,남,21-30세,경상,,,,,2018,11
2018112800100411.2,2018년 11월,수요일,서울특별시 광진구 광장동,경상사고,0,0,1,0,차대사람 - 보도통행중,기타,건조,맑음,기타 - 기타,승용,여,21-30세,상해없음,보행자,여,31-40세,경상,2018,11
2018112900100071.2,2018년 11월,목요일,서울특별시 광진구 구의동,경상사고,0,0,1,0,차대차 - 충돌,안전운전불이행,건조,맑음,단일로 - 기타,승용,여,51-60세,상해없음,승용,남,21-30세,경상,2018,11
2018112900100208.0,2018년 11월,목요일,서울특별시 광진구 화양동,중상사고,0,1,0,0,차대사람 - 길가장자리구역통행중,안전운전불이행,건조,맑음,단일로 - 기타,승용,여,31-40세,상해없음,보행자,여,21-30세,중상,2018,11
2018112900100486.0,2018년 11월,목요일,서울특별시 광진구 능동,중상사고,0,1,0,0,차대사람 - 길가장자리구역통행중,안전운전불이행,건조,맑음,단일로 - 기타,승용,여,51-60세,상해없음,보행자,여,21-30세,중상,2018,11
2018113000100024.0,2018년 11월,금요일,서울특별시 광진구 중곡동,경상사고,0,0,2,0,차대차 - 추돌,안전운전불이행,건조,맑음,단일로 - 기타,승용,남,21-30세,상해없음,승용,남,65세 이상,경상,2018,11
2018113000100108.0,2018년 11월,금요일,서울특별시 광진구 구의동,중상사고,0,1,0,0,차대차 - 충돌,신호위반,건조,맑음,교차로 - 교차로안,승합,남,51-60세,상해없음,승용,여,41-50세,중상,2018,11
2018113000100211.2,2018년 11월,금요일,서울특별시 광진구 군자동,경상사고,0,0,6,0,차대차 - 충돌,중앙선침범,건조,맑음,단일로 - 기타,화물,남,65세 이상,상해없음,승용,남,31-40세,경상,2018,11
2018113000100275.2,2018년 11월,금요일,서울특별시 광진구 구의동,경상사고,0,0,1,0,차대차 - 충돌,중앙선침범,건조,맑음,단일로 - 기타,승용,남,61-64세,상해없음,승용,여,65세 이상,상해없음,2018,11
2018113000100600.8,2018년 11월,금요일,서울특별시 광진구 자양동,경상사고,0,0,1,0,차대차 - 충돌,안전운전불이행,건조,맑음,교차로 - 교차로안,승용,남,21-30세,상해없음,승용,남,31-40세,경상,2018,11
2018120100100056.8,2018년 12월,토요일,서울특별시 광진구 광장동,중상사고,0,1,0,0,차대사람 - 횡단중,안전운전불이행,건조,맑음,단일로 - 기타,승용,남,31-40세,상해없음,보행자,남,31-40세,중상,2019,12
2018120100100406.0,2018년 12월,토요일,서울특별시 광진구 구의동,사망사고,1,0,0,0,차대차 - 충돌,안전운전불이행,건조,맑음,단일로 - 기타,자전거,남,51-60세,사망,건설기계,남,51-60세,상해없음,2019,12
2018120100100407.2,2018년 12월,토요일,서울특별시 광진구 자양동,중상사고,0,1,0,0,차대사람 - 차도통행중,안전운전불이행,건조,맑음,단일로 - 기타,승용,남,65세 이상,기타불명,보행자,여,65세 이상,중상,2019,12
2018120200100088.8,2018년 12월,일요일,서울특별시 광진구 중곡동,경상사고,0,0,1,0,차대차 - 추돌,안전운전불이행,건조,맑음,교차로 - 교차로부근,승용,남,41-50세,상해없음,승용,남,61-64세,경상,2019,12
2018120300100102.0,2018년 12월,월요일,서울특별시 광진구 광장동,중상사고,0,1,1,0,차대차 - 충돌,안전운전불이행,젖음/습기,흐림,교차로 - 교차로안,승용,남,65세 이상,상해없음,승용,남,41-50세,경상,2019,12
2018120300100174.0,2018년 12월,월요일,서울특별시 광진구 자양동,경상사고,0,0,3,0,차대차 - 기타,안전운전불이행,건조,맑음,단일로 - 기타,승용,남,61-64세,상해없음,승합,남,21-30세,상해없음,2019,12
2018120300100216.8,2018년 12월,월요일,서울특별시 광진구 중곡동,경상사고,0,0,1,0,차대차 - 추돌,안전운전불이행,건조,맑음,교차로 - 교차로안,승용,여,41-50세,기타불명,화물,남,41-50세,경상,2019,12
2018120300100608.0,2018년 12월,월요일,서울특별시 광진구 자양동,경상사고,0,0,1,0,차대차 - 기타,안전거리미확보,건조,맑음,단일로 - 기타,승용,남,41-50세,상해없음,이륜,남,31-40세,경상,2019,12
2018120400100064.0,2018년 12월,화요일,서울특별시 광진구 광장동,경상사고,0,0,2,0,차대차 - 충돌,중앙선침범,젖음/습기,비,단일로 - 기타,승용,남,51-60세,상해없음,승용,남,41-50세,경상,2019,12
2018120400100288.8,2018년 12월,화요일,서울특별시 광진구 능동,경상사고,0,0,1,0,차대차 - 충돌,안전거리미확보,건조,맑음,단일로 - 기타,승용,남,51-60세,상해없음,승용,남,21-30세,경상,2019,12
2018120500100000.8,2018년 12월,수요일,서울특별시 광진구 중곡동,경상사고,0,0,1,0,차대차 - 충돌,교차로운행방법위반,건조,맑음,교차로 - 교차로안,승용,남,51-60세,상해없음,승용,남,51-60세,경상,2019,12
2018120500100104.8,2018년 12월,수요일,서울특별시 광진구 군자동,경상사고,0,0,1,0,차대사람 - 횡단중,안전운전불이행,건조,맑음,단일로 - 기타,이륜,남,21-30세,상해없음,보행자,남,31-40세,경상,2019,12
2018120500100163.2,2018년 12월,수요일,서울특별시 광진구 자양동,경상사고,0,0,1,0,차대차 - 충돌,기타,건조,맑음,단일로 - 기타,승용,여,41-50세,상해없음,이륜,남,41-50세,경상,2019,12
2018120600100196.8,2018년 12월,목요일,서울특별시 광진구 군자동,부상신고사고,0,0,0,2,차대차 - 충돌,안전운전불이행,건조,맑음,교차로 - 교차로안,승용,남,21-30세,상해없음,승용,남,65세 이상,부상신고,2019,12
2018120600100252.0,2018년 12월,목요일,서울특별시 광진구 구의동,사망사고,1,0,0,0,차대사람 - 횡단중,안전운전불이행,건조,맑음,교차로 - 교차로횡단보도내,승합,남,51-60세,상해없음,보행자,남,65세 이상,사망,2019,12
2018120600100452.8,2018년 12월,목요일,서울특별시 광진구 광장동,경상사고,0,0,3,0,차대차 - 추돌,안전운전불이행,건조,맑음,단일로 - 기타,승용,남,51-60세,상해없음,승용,남,21-30세,경상,2019,12
2018120700100264.8,2018년 12월,금요일,서울특별시 광진구 자양동,경상사고,0,0,1,0,차대차 - 충돌,기타,건조,맑음,교차로 - 교차로부근,자전거,여,61-64세,경상,승용,남,41-50세,상해없음,2019,12
2018120700100295.2,2018년 12월,금요일,서울특별시 광진구 군자동,경상사고,0,0,1,0,차대사람 - 횡단중,신호위반,건조,맑음,단일로 - 기타,화물,남,61-64세,상해없음,보행자,여,21-30세,경상,2019,12
2018120700100508.0,2018년 12월,금요일,서울특별시 광진구 화양동,경상사고,0,0,1,0,차대차 - 기타,안전거리미확보,건조,맑음,단일로 - 기타,기타불명,기타불명,기타불명,기타불명,이륜,남,41-50세,경상,2019,12
2018120700100656.8,2018년 12월,금요일,서울특별시 광진구 자양동,경상사고,0,0,1,0,차대차 - 기타,중앙선침범,건조,맑음,단일로 - 기타,승용,남,65세 이상,상해없음,승용,남,61-64세,경상,2019,12
2018120800100102.0,2018년 12월,토요일,서울특별시 광진구 자양동,사망사고,1,1,0,0,차대차 - 충돌,중앙선침범,건조,맑음,단일로 - 교량,승용,여,31-40세,기타불명,승용,남,41-50세,중상,2019,12
2018120800100424.8,2018년 12월,토요일,서울특별시 광진구 중곡동,경상사고,0,0,1,0,차대사람 - 차도통행중,안전운전불이행,건조,맑음,단일로 - 기타,승용,남,31-40세,상해없음,보행자,여,13-20세,경상,2019,12
2018120800100468.0,2018년 12월,토요일,서울특별시 광진구 자양동,경상사고,0,0,2,0,차대차 - 충돌,안전운전불이행,건조,맑음,단일로 - 기타,승용,남,21-30세,상해없음,승용,남,31-40세,경상,2019,12
2018120000000000.0,2018년 12월,일요일,서울특별시 광진구 군자동,중상사고,0,1,1,0,차대차 - 충돌,안전거리미확보,건조,맑음,단일로 - 기타,승용,남,21-30세,상해없음,승용,남,41-50세,경상,2019,12
2018120900100163.2,2018년 12월,일요일,서울특별시 광진구 군자동,경상사고,0,0,5,0,차대차 - 충돌,안전거리미확보,건조,맑음,단일로 - 기타,승용,남,31-40세,경상,승용,남,31-40세,경상,2019,12
2018120900100339.2,2018년 12월,일요일,서울특별시 광진구 자양동,경상사고,0,0,1,0,차대사람 - 횡단중,신호위반,건조,맑음,단일로 - 기타,승용,남,51-60세,상해없음,보행자,여,51-60세,경상,2019,12
2018121000100279.2,2018년 12월,월요일,서울특별시 광진구 구의동,중상사고,0,1,0,0,차대차 - 기타,안전거리미확보,건조,맑음,단일로 - 기타,승합,남,51-60세,상해없음,승용,남,51-60세,중상,2019,12
2018121000100604.8,2018년 12월,월요일,서울특별시 광진구 중곡동,경상사고,0,0,1,0,차대차 - 충돌,불법유턴,건조,맑음,단일로 - 기타,승용,여,51-60세,상해없음,이륜,남,31-40세,경상,2019,12
2018121100100016.0,2018년 12월,화요일,서울특별시 광진구 중곡동,중상사고,0,1,1,0,차대차 - 추돌,안전운전불이행,건조,맑음,교차로 - 교차로부근,승용,남,41-50세,상해없음,승합,남,61-64세,경상,2019,12
2018121100100024.8,2018년 12월,화요일,서울특별시 광진구 광장동,경상사고,0,0,1,0,차대차 - 기타,신호위반,건조,맑음,교차로 - 교차로안,원동기,남,31-40세,경상,승용,남,51-60세,상해없음,2019,12
2018121100100596.8,2018년 12월,화요일,서울특별시 광진구 구의동,경상사고,0,0,1,0,차대차 - 충돌,안전운전불이행,건조,맑음,단일로 - 기타,승용,남,61-64세,상해없음,승용,남,65세 이상,상해없음,2019,12
2018121200100444.0,2018년 12월,수요일,서울특별시 광진구 군자동,경상사고,0,0,2,0,차대차 - 충돌,직진우회전진행방해,건조,맑음,교차로 - 교차로안,승용,남,65세 이상,경상,승용,여,21-30세,경상,2019,12
2018121200100504.8,2018년 12월,수요일,서울특별시 광진구 화양동,경상사고,0,0,2,0,차대차 - 충돌,안전운전불이행,건조,맑음,단일로 - 기타,승용,남,51-60세,상해없음,이륜,남,21-30세,경상,2019,12
2018121200100544.0,2018년 12월,수요일,서울특별시 광진구 중곡동,중상사고,0,1,0,0,차대차 - 충돌,교차로운행방법위반,건조,맑음,교차로 - 교차로안,승용,여,51-60세,상해없음,원동기,남,51-60세,중상,2019,12
2018121200100544.8,2018년 12월,수요일,서울특별시 광진구 자양동,경상사고,0,0,1,0,차대차 - 추돌,안전운전불이행,건조,맑음,교차로 - 교차로부근,승용,남,21-30세,상해없음,승용,남,41-50세,경상,2019,12
2018121200100600.8,2018년 12월,수요일,서울특별시 광진구 중곡동,중상사고,0,1,1,0,차대사람 - 횡단중,안전운전불이행,건조,맑음,교차로 - 교차로부근,이륜,남,21-30세,경상,보행자,여,65세 이상,중상,2019,12
2018121300100002.0,2018년 12월,목요일,서울특별시 광진구 자양동,경상사고,0,0,1,0,차대사람 - 횡단중,안전운전불이행,건조,맑음,단일로 - 기타,승용,남,65세 이상,상해없음,보행자,여,51-60세,경상,2019,12
2018121300100203.2,2018년 12월,목요일,서울특별시 광진구 능동,경상사고,0,0,1,0,차대사람 - 차도통행중,신호위반,젖음/습기,맑음,단일로 - 기타,개인형이동수단(PM),여,21-30세,상해없음,보행자,여,12세 이하,경상,2019,12
2018121300100580.8,2018년 12월,목요일,서울특별시 광진구 구의동,경상사고,0,0,1,0,차대차 - 기타,안전거리미확보,건조,맑음,단일로 - 기타,승용,남,51-60세,상해없음,승용,남,51-60세,상해없음,2019,12
2018121400100599.2,2018년 12월,금요일,서울특별시 광진구 광장동,중상사고,0,1,0,0,차대차 - 충돌,차로위반,건조,맑음,단일로 - 기타,승용,여,31-40세,중상,화물,남,41-50세,상해없음,2019,12
2018121400100648.0,2018년 12월,금요일,서울특별시 광진구 자양동,중상사고,0,1,0,0,차대차 - 충돌,신호위반,건조,맑음,교차로 - 교차로안,승용,남,51-60세,상해없음,자전거,여,51-60세,중상,2019,12
2018121400100648.8,2018년 12월,금요일,서울특별시 광진구 군자동,부상신고사고,0,0,0,1,차대사람 - 횡단중,안전운전불이행,건조,맑음,교차로 - 교차로안,승합,남,51-60세,상해없음,보행자,남,31-40세,부상신고,2019,12
2018121500100027.2,2018년 12월,토요일,서울특별시 광진구 능동,경상사고,0,0,1,0,차대사람 - 기타,안전운전불이행,건조,맑음,단일로 - 기타,승용,남,61-64세,상해없음,보행자,여,41-50세,경상,2019,12
2018120000000000.0,2018년 12월,토요일,서울특별시 광진구 화양동,중상사고,0,1,0,0,차대차 - 기타,안전운전불이행,건조,맑음,교차로 - 교차로부근,이륜,남,31-40세,중상,승용,여,21-30세,상해없음,2019,12
2018121500100464.8,2018년 12월,토요일,서울특별시 광진구 광장동,경상사고,0,0,1,0,차대사람 - 길가장자리구역통행중,안전운전불이행,건조,맑음,주차장 - 주차장,승용,남,21-30세,상해없음,보행자,남,41-50세,경상,2019,12
2018121600100232.8,2018년 12월,일요일,서울특별시 광진구 자양동,경상사고,0,0,1,0,차대차 - 기타,중앙선침범,건조,맑음,단일로 - 기타,이륜,남,21-30세,상해없음,이륜,남,41-50세,경상,2019,12
2018121700100232.0,2018년 12월,월요일,서울특별시 광진구 광장동,경상사고,0,0,1,0,차대사람 - 차도통행중,안전운전불이행,건조,맑음,교차로 - 교차로안,승용,남,41-50세,상해없음,보행자,남,65세 이상,경상,2019,12
2018121700100454.0,2018년 12월,월요일,서울특별시 광진구 중곡동,경상사고,0,0,1,0,차대사람 - 기타,안전운전불이행,건조,맑음,단일로 - 기타,승용,여,31-40세,상해없음,보행자,여,13-20세,경상,2019,12
2018121800100087.2,2018년 12월,화요일,서울특별시 광진구 군자동,부상신고사고,0,0,0,1,차대사람 - 길가장자리구역통행중,안전운전불이행,건조,맑음,단일로 - 기타,기타불명,기타불명,기타불명,기타불명,보행자,남,31-40세,부상신고,2019,12
2018121800100392.0,2018년 12월,화요일,서울특별시 광진구 중곡동,경상사고,0,0,1,0,차대사람 - 기타,안전운전불이행,건조,맑음,단일로 - 기타,승용,남,31-40세,상해없음,보행자,남,12세 이하,경상,2019,12
2018121900100084.0,2018년 12월,수요일,서울특별시 광진구 구의동,경상사고,0,0,1,0,차대사람 - 길가장자리구역통행중,안전운전불이행,건조,맑음,기타 - 기타,승용,여,51-60세,상해없음,보행자,여,13-20세,경상,2019,12
2018120000000000.0,2018년 12월,수요일,서울특별시 광진구 자양동,경상사고,0,0,1,0,차대차 - 기타,안전운전불이행,건조,맑음,단일로 - 기타,승용,남,51-60세,상해없음,자전거,여,21-30세,경상,2019,12
2018121900100520.8,2018년 12월,수요일,서울특별시 광진구 화양동,경상사고,0,0,1,0,차대차 - 충돌,안전운전불이행,건조,맑음,단일로 - 기타,이륜,남,21-30세,경상,승용,남,31-40세,상해없음,2019,12
2018121900100522.0,2018년 12월,수요일,서울특별시 광진구 구의동,중상사고,0,1,0,0,차대차 - 추돌,안전운전불이행,건조,맑음,단일로 - 고가도로위,승용,남,51-60세,상해없음,승용,남,31-40세,상해없음,2019,12