사고번호,발생년월,요일,시군구,사고내용,사망자수,중상자수,경상자수,부상신고자수,사고유형,법규위반,노면상태,기상상태,도로형태,가해운전자 차종,가해운전자 성별,가해운전자 연령대,가해운전자 상해정도,피해운전자 차종,피해운전자 성별,피해운전자 연령대,피해운전자 상해정도,발생년도,발생월
2018121900100608.0,2018년 12월,수요일,서울특별시 광진구 화양동,경상사고,0,0,1,0,차대사람 - 기타,안전운전불이행,건조,맑음,단일로 - 기타,승용,남,21-30세,상해없음,보행자,여,13-20세,경상,2019,12
2018122000100179.2,2018년 12월,목요일,서울특별시 광진구 자양동,경상사고,0,0,1,0,차대차 - 충돌,중앙선침범,건조,맑음,교차로 - 교차로안,화물,남,65세 이상,기타불명,승용,남,41-50세,경상,2019,12
2018122000100563.2,2018년 12월,목요일,서울특별시 광진구 자양동,경상사고,0,0,1,0,차대차 - 충돌,중앙선침범,건조,맑음,교차로 - 교차로부근,원동기,남,41-50세,상해없음,이륜,남,21-30세,경상,2019,12
2018122100100198.0,2018년 12월,금요일,서울특별시 광진구 광장동,경상사고,0,0,2,0,차대차 - 충돌,기타,건조,맑음,단일로 - 기타,건설기계,남,41-50세,상해없음,승용,남,65세 이상,경상,2019,12
2018122100100348.0,2018년 12월,금요일,서울특별시 광진구 구의동,중상사고,0,1,0,0,차대차 - 충돌,안전운전불이행,건조,맑음,교차로 - 교차로횡단보도내,자전거,여,20세 이하,중상,승합,남,41-50세,상해없음,2019,12
2018122100100418.0,2018년 12월,금요일,서울특별시 광진구 자양동,중상사고,0,1,0,0,차대차 - 추돌,안전운전불이행,건조,맑음,단일로 - 교량,승용,남,61-64세,상해없음,승용,남,65세 이상,중상,2019,12
2018122300100187.2,2018년 12월,일요일,서울특별시 광진구 자양동,중상사고,0,1,0,0,차대사람 - 차도통행중,안전운전불이행,건조,맑음,단일로 - 기타,자전거,여,31-40세,상해없음,보행자,여,65세 이상,중상,2019,12
2018122400100088.0,2018년 12월,월요일,서울특별시 광진구 광장동,경상사고,0,0,1,0,차대차 - 기타,안전거리미확보,건조,맑음,단일로 - 기타,승합,남,51-60세,상해없음,승용,남,51-60세,경상,2019,12
2018122400100640.8,2018년 12월,월요일,서울특별시 광진구 자양동,경상사고,0,0,1,0,차대차 - 추돌,안전운전불이행,건조,맑음,단일로 - 기타,승용,남,31-40세,상해없음,화물,남,31-40세,경상,2019,12
2018122500100014.0,2018년 12월,화요일,서울특별시 광진구 자양동,중상사고,0,1,0,0,차대사람 - 횡단중,안전운전불이행,건조,맑음,단일로 - 기타,승용,남,65세 이상,상해없음,보행자,남,41-50세,중상,2019,12
2018122500100075.2,2018년 12월,화요일,서울특별시 광진구 화양동,경상사고,0,0,1,0,차대차 - 추돌,안전운전불이행,건조,맑음,단일로 - 기타,승용,남,21-30세,상해없음,승용,남,31-40세,경상,2019,12
2018120000000000.0,2018년 12월,수요일,서울특별시 광진구 화양동,경상사고,0,0,1,0,차대사람 - 기타,안전운전불이행,건조,맑음,단일로 - 기타,승용,남,51-60세,상해없음,보행자,여,41-50세,경상,2019,12
2018122600100380.8,2018년 12월,수요일,서울특별시 광진구 중곡동,경상사고,0,0,1,0,차대사람 - 차도통행중,안전운전불이행,건조,맑음,교차로 - 교차로부근,기타불명,기타불명,기타불명,기타불명,보행자,여,12세 이하,경상,2019,12
2018122600100576.8,2018년 12월,수요일,서울특별시 광진구 군자동,중상사고,0,1,0,0,차대사람 - 횡단중,보행자보호의무위반,건조,맑음,교차로 - 교차로횡단보도내,승합,남,61-64세,상해없음,보행자,여,21-30세,중상,2019,12
2018122900100002.0,2018년 12월,토요일,서울특별시 광진구 구의동,경상사고,0,0,2,0,차대차 - 추돌,안전운전불이행,건조,맑음,단일로 - 기타,승용,남,31-40세,상해없음,승용,남,31-40세,경상,2019,12
2018122900100432.0,2018년 12월,토요일,서울특별시 광진구 중곡동,경상사고,0,0,1,0,차대차 - 충돌,교차로운행방법위반,건조,맑음,교차로 - 교차로안,승용,남,21-30세,상해없음,원동기,남,21-30세,경상,2019,12
2019010100100272.8,2019년 1월,화요일,서울특별시 광진구 능동,경상사고,0,0,2,0,차대차 - 충돌,안전운전불이행,건조,맑음,교차로 - 교차로안,화물,남,65세 이상,상해없음,승용,남,31-40세,경상,2019,1
2019010200100235.2,2019년 1월,수요일,서울특별시 광진구 화양동,중상사고,0,1,0,0,차대사람 - 기타,보행자보호의무위반,건조,맑음,기타 - 기타,승용,남,65세 이상,상해없음,보행자,남,41-50세,중상,2019,1
2019010300100056.8,2019년 1월,목요일,서울특별시 광진구 자양동,중상사고,0,1,0,0,차대차 - 충돌,신호위반,건조,맑음,교차로 - 교차로안,승용,남,21-30세,상해없음,승용,남,61-64세,중상,2019,1
2019010500100076.8,2019년 1월,토요일,서울특별시 광진구 중곡동,경상사고,0,0,2,0,차대차 - 기타,안전운전불이행,건조,맑음,교차로 - 교차로안,승용,남,31-40세,상해없음,승합,남,13-20세,경상,2019,1
2019010500100423.2,2019년 1월,토요일,서울특별시 광진구 화양동,경상사고,0,0,1,0,차대차 - 충돌,안전거리미확보,건조,맑음,단일로 - 기타,승용,남,51-60세,상해없음,이륜,남,21-30세,경상,2019,1
2019010600100032.0,2019년 1월,일요일,서울특별시 광진구 자양동,경상사고,0,0,1,0,차대차 - 충돌,안전거리미확보,건조,맑음,단일로 - 기타,승용,남,51-60세,상해없음,승용,남,51-60세,상해없음,2019,1
2019010700100031.2,2019년 1월,월요일,서울특별시 광진구 군자동,중상사고,0,1,0,0,차대차 - 기타,안전거리미확보,건조,맑음,단일로 - 기타,기타불명,기타불명,기타불명,기타불명,원동기,남,21-30세,중상,2019,1
2019010700100211.2,2019년 1월,월요일,서울특별시 광진구 구의동,경상사고,0,0,1,0,차대사람 - 기타,보행자보호의무위반,건조,맑음,교차로 - 교차로횡단보도내,승용,남,65세 이상,상해없음,보행자,남,12세 이하,경상,2019,1
2019010900100144.8,2019년 1월,수요일,서울특별시 광진구 중곡동,중상사고,0,1,0,0,차대사람 - 기타,안전운전불이행,건조,맑음,교차로 - 교차로안,승용,여,41-50세,상해없음,보행자,여,51-60세,중상,2019,1
2019010900100495.2,2019년 1월,수요일,서울특별시 광진구 구의동,중상사고,0,1,0,0,차대사람 - 길가장자리구역통행중,안전운전불이행,건조,맑음,교차로 - 교차로안,승용,남,51-60세,상해없음,보행자,여,65세 이상,중상,2019,1
2019010900100526.0,2019년 1월,수요일,서울특별시 광진구 자양동,경상사고,0,0,1,0,차대차 - 충돌,직진우회전진행방해,건조,맑음,교차로 - 교차로안,이륜,남,31-40세,기타불명,이륜,남,13-20세,경상,2019,1
2019011000100031.2,2019년 1월,목요일,서울특별시 광진구 화양동,중상사고,0,1,0,0,차대사람 - 횡단중,안전운전불이행,건조,맑음,단일로 - 기타,승용,남,51-60세,상해없음,보행자,남,41-50세,중상,2019,1
2019011000100078.0,2019년 1월,목요일,서울특별시 광진구 구의동,경상사고,0,0,1,0,차대차 - 기타,안전거리미확보,건조,맑음,단일로 - 기타,건설기계,남,51-60세,상해없음,승용,남,31-40세,경상,2019,1
2019011100100046.0,2019년 1월,금요일,서울특별시 광진구 화양동,경상사고,0,0,2,0,차대차 - 추돌,안전운전불이행,건조,맑음,단일로 - 기타,승용,남,21-30세,상해없음,승용,남,61-64세,경상,2019,1
2019011100100587.2,2019년 1월,금요일,서울특별시 광진구 중곡동,경상사고,0,0,1,0,차대차 - 충돌,교차로운행방법위반,건조,맑음,교차로 - 교차로안,승합,남,41-50세,상해없음,이륜,남,31-40세,경상,2019,1
2019011200100036.0,2019년 1월,토요일,서울특별시 광진구 구의동,중상사고,0,1,3,0,차대차 - 추돌,안전운전불이행,건조,맑음,단일로 - 기타,승용,남,21-30세,상해없음,승용,남,65세 이상,경상,2019,1
2019011200100342.0,2019년 1월,토요일,서울특별시 광진구 중곡동,중상사고,0,1,0,0,차대차 - 충돌,안전운전불이행,건조,맑음,단일로 - 기타,승용,남,31-40세,상해없음,원동기,남,51-60세,중상,2019,1
2019011300100031.2,2019년 1월,일요일,서울특별시 광진구 자양동,중상사고,0,1,3,0,차대차 - 추돌,안전거리미확보,건조,맑음,교차로 - 교차로안,이륜,남,31-40세,기타불명,승용,남,51-60세,중상,2019,1
2019011300100032.0,2019년 1월,일요일,서울특별시 광진구 자양동,경상사고,0,0,4,0,차대차 - 추돌,안전운전불이행,건조,맑음,단일로 - 기타,승용,남,41-50세,상해없음,승용,여,21-30세,경상,2019,1
2019011300100116.0,2019년 1월,일요일,서울특별시 광진구 구의동,경상사고,0,0,1,0,차대차 - 충돌,안전거리미확보,건조,맑음,단일로 - 기타,승용,남,65세 이상,상해없음,승용,남,51-60세,경상,2019,1
2019011400100358.0,2019년 1월,월요일,서울특별시 광진구 중곡동,경상사고,0,0,1,0,차대사람 - 횡단중,안전운전불이행,건조,맑음,단일로 - 기타,승용,남,31-40세,상해없음,보행자,여,65세 이상,경상,2019,1
2019011500100014.0,2019년 1월,화요일,서울특별시 광진구 군자동,경상사고,0,0,2,0,차대차 - 충돌,안전거리미확보,건조,맑음,단일로 - 기타,승용,남,61-64세,상해없음,승용,남,51-60세,경상,2019,1
2019011500100448.0,2019년 1월,화요일,서울특별시 광진구 군자동,중상사고,0,1,0,0,차대차 - 충돌,신호위반,건조,맑음,교차로 - 교차로횡단보도내,원동기,남,21-30세,상해없음,자전거,여,41-50세,중상,2019,1
2019011500100499.2,2019년 1월,화요일,서울특별시 광진구 자양동,중상사고,0,1,6,0,차대차 - 충돌,안전운전불이행,건조,맑음,단일로 - 기타,승용,여,31-40세,중상,승용,여,51-60세,경상,2019,1
2019011600100231.2,2019년 1월,수요일,서울특별시 광진구 화양동,경상사고,0,0,1,0,차대차 - 추돌,안전운전불이행,건조,맑음,교차로 - 교차로부근,승용,남,61-64세,상해없음,승합,남,51-60세,경상,2019,1
2019011600100544.0,2019년 1월,수요일,서울특별시 광진구 화양동,경상사고,0,0,2,0,차대차 - 기타,안전운전불이행,건조,맑음,교차로 - 교차로안,승합,남,41-50세,상해없음,승용,남,41-50세,경상,2019,1
2019011800100039.2,2019년 1월,금요일,서울특별시 광진구 화양동,경상사고,0,0,1,0,차대사람 - 길가장자리구역통행중,안전운전불이행,건조,맑음,단일로 - 기타,승용,남,61-64세,상해없음,보행자,남,21-30세,경상,2019,1
2019011800100084.8,2019년 1월,금요일,서울특별시 광진구 자양동,경상사고,0,0,1,0,차대차 - 추돌,안전운전불이행,건조,맑음,단일로 - 기타,승용,남,41-50세,상해없음,승용,남,31-40세,경상,2019,1
2019011800100138.0,2019년 1월,금요일,서울특별시 광진구 자양동,경상사고,0,0,1,0,차대사람 - 횡단중,안전운전불이행,건조,맑음,교차로 - 교차로안,승용,여,61-64세,상해없음,보행자,여,13-20세,경상,2019,1
2019011800100394.0,2019년 1월,금요일,서울특별시 광진구 광장동,경상사고,0,0,1,1,차대차 - 충돌,안전거리미확보,건조,맑음,단일로 - 기타,승용,남,65세 이상,상해없음,화물,남,51-60세,경상,2019,1
2019011800100503.2,2019년 1월,금요일,서울특별시 광진구 구의동,경상사고,0,0,1,0,차대차 - 기타,신호위반,건조,맑음,교차로 - 교차로안,승용,남,65세 이상,상해없음,승용,여,21-30세,경상,2019,1
2019011900100236.0,2019년 1월,토요일,서울특별시 광진구 화양동,경상사고,0,0,1,0,차대사람 - 기타,안전운전불이행,건조,맑음,단일로 - 기타,승용,남,21-30세,상해없음,보행자,여,21-30세,경상,2019,1
2019011900100388.8,2019년 1월,토요일,서울특별시 광진구 자양동,경상사고,0,0,3,0,차대차 - 충돌,안전운전불이행,건조,맑음,교차로 - 교차로안,승용,남,51-60세,경상,승용,남,21-30세,경상,2019,1
2019012000100392.8,2019년 1월,일요일,서울특별시 광진구 중곡동,부상신고사고,0,0,0,1,차량단독 - 충돌,안전운전불이행,건조,흐림,교차로 - 교차로안,화물,남,65세 이상,부상신고,,,,,2019,1
2019010000000000.0,2019년 1월,월요일,서울특별시 광진구 자양동,경상사고,0,0,1,0,차대차 - 추돌,안전운전불이행,건조,맑음,단일로 - 기타,승용,남,41-50세,기타불명,승용,여,21-30세,경상,2019,1
2019012200100047.2,2019년 1월,화요일,서울특별시 광진구 자양동,중상사고,0,1,0,0,차대사람 - 횡단중,보행자보호의무위반,건조,맑음,단일로 - 교량,승용,남,41-50세,상해없음,보행자,남,31-40세,중상,2019,1
2019012200100052.8,2019년 1월,화요일,서울특별시 광진구 자양동,중상사고,0,1,0,0,차대사람 - 횡단중,안전운전불이행,건조,맑음,단일로 - 기타,승용,남,61-64세,상해없음,보행자,남,31-40세,중상,2019,1
2019012400100034.0,2019년 1월,목요일,서울특별시 광진구 자양동,경상사고,0,0,1,0,차대차 - 충돌,중앙선침범,건조,맑음,단일로 - 기타,승용,남,21-30세,상해없음,원동기,남,21-30세,경상,2019,1
2019012400100580.8,2019년 1월,목요일,서울특별시 광진구 화양동,경상사고,0,0,1,0,차대차 - 충돌,안전운전불이행,건조,맑음,교차로 - 교차로부근,승용,남,65세 이상,상해없음,승용,남,31-40세,경상,2019,1
2019010000000000.0,2019년 1월,토요일,서울특별시 광진구 자양동,경상사고,0,0,1,0,차대차 - 충돌,기타,건조,맑음,단일로 - 기타,승용,남,61-64세,상해없음,자전거,여,51-60세,경상,2019,1
2019012700100064.0,2019년 1월,일요일,서울특별시 광진구 화양동,경상사고,0,0,1,0,차대차 - 충돌,안전운전불이행,건조,맑음,교차로 - 교차로안,기타불명,기타불명,기타불명,기타불명,자전거,남,65세 이상,경상,2019,1
2019012700100388.0,2019년 1월,일요일,서울특별시 광진구 화양동,경상사고,0,0,1,0,차대차 - 충돌,안전운전불이행,건조,맑음,교차로 - 교차로안,승합,남,51-60세,상해없음,승용,여,41-50세,경상,2019,1
2019012800100376.8,2019년 1월,월요일,서울특별시 광진구 자양동,경상사고,0,0,1,0,차대차 - 추돌,안전운전불이행,건조,맑음,단일로 - 기타,승용,남,65세 이상,상해없음,승용,남,65세 이상,경상,2019,1
2019012800100464.0,2019년 1월,월요일,서울특별시 광진구 중곡동,중상사고,0,1,0,0,차대차 - 충돌,안전운전불이행,건조,맑음,교차로 - 교차로안,승용,남,51-60세,상해없음,이륜,남,13-20세,중상,2019,1
2019012900100072.8,2019년 1월,화요일,서울특별시 광진구 중곡동,경상사고,0,0,1,0,차대차 - 추돌,안전운전불이행,건조,맑음,단일로 - 기타,승용,남,41-50세,상해없음,승용,남,31-40세,경상,2019,1
2019012900100094.0,2019년 1월,화요일,서울특별시 광진구 군자동,경상사고,0,0,1,0,차대사람 - 기타,보행자보호의무위반,건조,맑음,단일로 - 기타,기타불명,기타불명,기타불명,기타불명,보행자,남,51-60세,경상,2019,1
2019012900100487.2,2019년 1월,화요일,서울특별시 광진구 중곡동,경상사고,0,0,1,0,차대차 - 충돌,안전운전불이행,건조,맑음,교차로 - 교차로안,화물,남,51-60세,상해없음,이륜,남,13-20세,경상,2019,1
2019020100100318.0,2019년 2월,금요일,서울특별시 광진구 자양동,중상사고,0,1,0,0,차대사람 - 횡단중,신호위반,건조,맑음,교차로 - 교차로횡단보도내,자전거,남,65세 이상,상해없음,보행자,여,61-64세,중상,2019,2
2019020200100043.2,2019년 2월,토요일,서울특별시 광진구 광장동,경상사고,0,0,2,0,차량단독 - 충돌,안전운전불이행,건조,맑음,단일로 - 기타,승용,남,61-64세,상해없음,,,,,2019,2
2019020200100263.2,2019년 2월,토요일,서울특별시 광진구 구의동,중상사고,0,1,0,0,차대사람 - 횡단중,기타,건조,맑음,교차로 - 교차로부근,승용,남,21-30세,상해없음,보행자,여,12세 이하,중상,2019,2
2019020200100328.8,2019년 2월,토요일,서울특별시 광진구 화양동,경상사고,0,0,2,0,차대차 - 충돌,안전거리미확보,건조,맑음,단일로 - 기타,승용,여,21-30세,상해없음,승용,남,31-40세,경상,2019,2
2019020200100372.0,2019년 2월,토요일,서울특별시 광진구 자양동,경상사고,0,0,1,0,차대차 - 기타,교차로운행방법위반,건조,맑음,교차로 - 교차로안,승용,남,31-40세,상해없음,승용,남,31-40세,경상,2019,2
2019020300100100.8,2019년 2월,일요일,서울특별시 광진구 구의동,경상사고,0,0,1,0,차대차 - 충돌,안전거리미확보,젖음/습기,비,단일로 - 기타,승용,남,41-50세,상해없음,승용,남,21-30세,경상,2019,2
2019020300100447.2,2019년 2월,일요일,서울특별시 광진구 자양동,경상사고,0,0,1,0,차대사람 - 기타,기타,건조,맑음,교차로 - 교차로부근,승합,남,61-64세,상해없음,보행자,남,65세 이상,경상,2019,2
2019020400100035.2,2019년 2월,월요일,서울특별시 광진구 능동,중상사고,0,2,0,0,차대차 - 충돌,신호위반,건조,맑음,교차로 - 교차로안,승용,남,31-40세,상해없음,승용,남,31-40세,중상,2019,2
2019020000000000.0,2019년 2월,월요일,서울특별시 광진구 자양동,경상사고,0,0,1,0,차대차 - 충돌,안전운전불이행,건조,흐림,단일로 - 기타,승용,남,20세 이하,상해없음,승용,남,21-30세,상해없음,2019,2
2019020000000000.0,2019년 2월,화요일,서울특별시 광진구 군자동,부상신고사고,0,0,0,1,차대차 - 충돌,신호위반,건조,맑음,교차로 - 교차로안,승용,여,31-40세,상해없음,승용,여,61-64세,부상신고,2019,2
2019020500100324.0,2019년 2월,화요일,서울특별시 광진구 자양동,중상사고,0,1,0,0,차대차 - 기타,기타,기타,맑음,기타 - 기타,승용,남,41-50세,상해없음,자전거,남,41-50세,중상,2019,2
2019020600100066.0,2019년 2월,수요일,서울특별시 광진구 화양동,경상사고,0,0,2,0,차대차 - 충돌,교차로운행방법위반,건조,맑음,교차로 - 교차로부근,승용,남,65세 이상,상해없음,화물,남,65세 이상,상해없음,2019,2
2019020700100364.8,2019년 2월,목요일,서울특별시 광진구 자양동,중상사고,0,1,0,0,차대차 - 기타,신호위반,건조,맑음,교차로 - 교차로안,원동기,남,61-64세,상해없음,자전거,남,65세 이상,중상,2019,2
2019020700100447.2,2019년 2월,목요일,서울특별시 광진구 군자동,중상사고,0,1,1,0,차대차 - 기타,차로위반,건조,맑음,단일로 - 기타,승용,남,41-50세,상해없음,이륜,남,41-50세,중상,2019,2
2019020700100448.0,2019년 2월,목요일,서울특별시 광진구 자양동,경상사고,0,0,1,0,차량단독 - 기타,안전운전불이행,건조,맑음,단일로 - 기타,승합,남,41-50세,상해없음,,,,,2019,2
2019020700100471.2,2019년 2월,목요일,서울특별시 광진구 자양동,중상사고,0,1,1,0,차대차 - 충돌,신호위반,건조,맑음,단일로 - 기타,이륜,남,21-30세,상해없음,이륜,남,51-60세,경상,2019,2
2019020900100382.0,2019년 2월,토요일,서울특별시 광진구 자양동,부상신고사고,0,0,0,1,차량단독 - 기타,안전운전불이행,건조,맑음,단일로 - 기타,승용,남,61-64세,상해없음,,,,,2019,2
2019021000100031.2,2019년 2월,일요일,서울특별시 광진구 군자동,경상사고,0,0,3,0,차대차 - 추돌,안전거리미확보,기타,맑음,기타 - 기타,승용,남,65세 이상,상해없음,승용,남,51-60세,경상,2019,2
2019021000100040.8,2019년 2월,일요일,서울특별시 광진구 중곡동,경상사고,0,0,1,0,차대차 - 충돌,교차로운행방법위반,건조,맑음,교차로 - 교차로안,승용,여,31-40세,상해없음,이륜,남,31-40세,경상,2019,2
2019021000100114.0,2019년 2월,일요일,서울특별시 광진구 능동,경상사고,0,0,1,0,차대차 - 충돌,신호위반,건조,맑음,교차로 - 교차로안,승용,여,21-30세,상해없음,이륜,남,21-30세,경상,2019,2
2019021000100168.0,2019년 2월,일요일,서울특별시 광진구 화양동,경상사고,0,0,2,0,차대차 - 충돌,안전운전불이행,기타,맑음,단일로 - 기타,승용,남,61-64세,기타불명,승용,남,21-30세,경상,2019,2
2019021100100058.0,2019년 2월,월요일,서울특별시 광진구 중곡동,중상사고,0,1,0,0,차대사람 - 횡단중,안전운전불이행,건조,맑음,단일로 - 기타,승합,남,61-64세,상해없음,보행자,여,65세 이상,중상,2019,2
2019021300100016.8,2019년 2월,수요일,서울특별시 광진구 광장동,중상사고,0,1,0,0,차대사람 - 기타,안전운전불이행,건조,맑음,교차로 - 교차로횡단보도내,승용,남,51-60세,상해없음,보행자,남,31-40세,중상,2019,2
2019020000000000.0,2019년 2월,수요일,서울특별시 광진구 구의동,경상사고,0,0,1,0,차대사람 - 기타,안전운전불이행,건조,맑음,단일로 - 기타,승용,남,61-64세,상해없음,보행자,남,65세 이상,경상,2019,2
2019021300100172.8,2019년 2월,수요일,서울특별시 광진구 군자동,경상사고,0,0,1,0,차대차 - 충돌,기타,건조,맑음,단일로 - 기타,화물,남,41-50세,상해없음,자전거,여,51-60세,경상,2019,2
2019021300100218.0,2019년 2월,수요일,서울특별시 광진구 군자동,경상사고,0,0,2,0,차대차 - 추돌,안전운전불이행,건조,맑음,단일로 - 기타,승용,남,31-40세,상해없음,승용,남,51-60세,경상,2019,2
2019021300100376.0,2019년 2월,수요일,서울특별시 광진구 중곡동,경상사고,0,0,1,0,차대차 - 기타,안전운전불이행,건조,맑음,단일로 - 기타,원동기,남,31-40세,상해없음,승용,남,41-50세,상해없음,2019,2
2019021400100124.8,2019년 2월,목요일,서울특별시 광진구 구의동,경상사고,0,0,1,0,차대차 - 기타,교차로운행방법위반,건조,맑음,교차로 - 교차로안,승용,남,51-60세,상해없음,승용,여,41-50세,경상,2019,2
2019020000000000.0,2019년 2월,목요일,서울특별시 광진구 중곡동,중상사고,0,1,0,0,차대사람 - 횡단중,안전운전불이행,건조,맑음,교차로 - 교차로안,화물,남,51-60세,상해없음,보행자,여,65세 이상,중상,2019,2
2019021400100454.0,2019년 2월,목요일,서울특별시 광진구 자양동,경상사고,0,0,2,0,차대차 - 충돌,안전거리미확보,건조,맑음,단일로 - 기타,승용,남,41-50세,상해없음,승용,남,31-40세,경상,2019,2
2019020000000000.0,2019년 2월,목요일,서울특별시 광진구 구의동,중상사고,0,1,3,0,차대차 - 충돌,신호위반,건조,맑음,교차로 - 교차로안,이륜,남,51-60세,중상,승용,남,21-30세,경상,2019,2
2019021500100016.8,2019년 2월,금요일,서울특별시 광진구 화양동,경상사고,0,0,2,0,차대차 - 충돌,신호위반,건조,맑음,교차로 - 교차로안,이륜,남,31-40세,경상,승용,남,61-64세,경상,2019,2
2019021500100387.2,2019년 2월,금요일,서울특별시 광진구 자양동,중상사고,0,1,0,0,차대사람 - 횡단중,신호위반,젖음/습기,눈,교차로 - 교차로횡단보도내,원동기,남,20세 이하,상해없음,보행자,여,51-60세,중상,2019,2
2019021500100624.8,2019년 2월,금요일,서울특별시 광진구 자양동,중상사고,0,2,0,0,차대차 - 충돌,차로위반,건조,맑음,단일로 - 교량,승용,남,51-60세,상해없음,승용,남,31-40세,중상,2019,2
2019021500100648.0,2019년 2월,금요일,서울특별시 광진구 화양동,경상사고,0,0,1,0,차대차 - 충돌,안전운전불이행,젖음/습기,흐림,교차로 - 교차로안,승용,남,21-30세,상해없음,이륜,남,31-40세,경상,2019,2
2019021600100276.8,2019년 2월,토요일,서울특별시 광진구 자양동,중상사고,0,1,0,0,차대차 - 충돌,신호위반,건조,맑음,교차로 - 교차로부근,승용,남,65세 이상,상해없음,이륜,남,51-60세,중상,2019,2
2019021600100358.0,2019년 2월,토요일,서울특별시 광진구 구의동,중상사고,0,1,4,0,차대차 - 충돌,신호위반,건조,맑음,교차로 - 교차로안,승합,남,51-60세,상해없음,승용,남,41-50세,경상,2019,2
2019021600100436.8,2019년 2월,토요일,서울특별시 광진구 구의동,부상신고사고,0,0,0,1,차대차 - 충돌,안전운전불이행,건조,맑음,교차로 - 교차로부근,자전거,남,51-60세,부상신고,이륜,남,31-40세,상해없음,2019,2
2019021700100282.0,2019년 2월,일요일,서울특별시 광진구 군자동,경상사고,0,0,2,0,차대차 - 추돌,안전거리미확보,건조,맑음,교차로 - 교차로부근,원동기,남,20세 이하,경상,원동기,남,31-40세,경상,2019,2
2019021700100307.2,2019년 2월,일요일,서울특별시 광진구 중곡동,경상사고,0,0,2,0,차대차 - 충돌,안전운전불이행,건조,맑음,교차로 - 교차로부근,승용,남,20세 이하,상해없음,승용,남,21-30세,경상,2019,2
2019021700100451.2,2019년 2월,일요일,서울특별시 광진구 중곡동,경상사고,0,0,1,0,차대차 - 추돌,안전거리미확보,건조,맑음,단일로 - 기타,승용,남,51-60세,상해없음,이륜,남,21-30세,경상,2019,2
2019021700100466.0,2019년 2월,일요일,서울특별시 광진구 화양동,경상사고,0,0,1,0,차대차 - 충돌,안전운전불이행,건조,맑음,단일로 - 기타,승용,남,21-30세,상해없음,승용,남,51-60세,경상,2019,2
2019021800100024.0,2019년 2월,월요일,서울특별시 광진구 광장동,중상사고,0,2,3,0,차대차 - 추돌,안전운전불이행,건조,맑음,단일로 - 기타,승용,남,21-30세,상해없음,승용,남,51-60세,중상,2019,2
2019021800100088.8,2019년 2월,월요일,서울특별시 광진구 광장동,경상사고,0,0,2,0,차대차 - 추돌,안전거리미확보,건조,맑음,단일로 - 기타,승용,남,61-64세,상해없음,승용,남,31-40세,경상,2019,2
2019021900100075.2,2019년 2월,화요일,서울특별시 광진구 화양동,경상사고,0,0,2,0,차대차 - 충돌,차로위반,건조,맑음,단일로 - 기타,승용,남,21-30세,상해없음,승용,남,51-60세,경상,2019,2
2019020000000000.0,2019년 2월,화요일,서울특별시 광진구 화양동,경상사고,0,0,1,0,차대사람 - 기타,안전운전불이행,젖음/습기,맑음,단일로 - 기타,승용,남,21-30세,상해없음,보행자,남,21-30세,경상,2019,2
2019022000100064.8,2019년 2월,수요일,서울특별시 광진구 구의동,중상사고,0,1,0,0,차대사람 - 횡단중,신호위반,건조,맑음,교차로 - 교차로안,승용,남,51-60세,상해없음,보행자,남,51-60세,중상,2019,2
2019022000100332.0,2019년 2월,수요일,서울특별시 광진구 중곡동,중상사고,0,1,0,0,차대차 - 충돌,직진우회전진행방해,건조,맑음,단일로 - 기타,승용,여,41-50세,상해없음,화물,남,41-50세,중상,2019,2
2019020000000000.0,2019년 2월,목요일,서울특별시 광진구 자양동,경상사고,0,0,1,0,차대차 - 기타,안전운전불이행,건조,맑음,단일로 - 기타,승합,여,21-30세,상해없음,승용,여,31-40세,경상,2019,2
2019022100100108.0,2019년 2월,목요일,서울특별시 광진구 화양동,중상사고,0,1,0,0,차대사람 - 길가장자리구역통행중,안전운전불이행,건조,맑음,교차로 - 교차로안,자전거,남,21-30세,상해없음,보행자,여,21-30세,중상,2019,2
2019022100100328.0,2019년 2월,목요일,서울특별시 광진구 구의동,부상신고사고,0,0,0,1,차대차 - 충돌,안전운전불이행,건조,맑음,단일로 - 기타,화물,남,41-50세,상해없음,이륜,남,31-40세,부상신고,2019,2
2019022200100123.2,2019년 2월,금요일,서울특별시 광진구 구의동,중상사고,0,1,0,0,차량단독 - 전도전복,안전운전불이행,건조,맑음,단일로 - 기타,이륜,남,31-40세,상해없음,,,,,2019,2
2019022200100196.0,2019년 2월,금요일,서울특별시 광진구 중곡동,경상사고,0,0,2,0,차대차 - 충돌,신호위반,건조,맑음,교차로 - 교차로안,승용,남,65세 이상,상해없음,승용,남,65세 이상,경상,2019,2
2019022300100251.2,2019년 2월,토요일,서울특별시 광진구 광장동,경상사고,0,0,2,0,차대차 - 충돌,안전거리미확보,건조,맑음,단일로 - 기타,건설기계,남,51-60세,상해없음,승용,남,31-40세,경상,2019,2
2019022300100418.0,2019년 2월,토요일,서울특별시 광진구 능동,중상사고,0,1,0,0,차대차 - 충돌,기타,건조,맑음,단일로 - 기타,승용,남,51-60세,상해없음,원동기,남,51-60세,중상,2019,2