사고번호,발생년월,요일,시군구,사고내용,사망자수,중상자수,경상자수,부상신고자수,사고유형,법규위반,노면상태,기상상태,도로형태,가해운전자 차종,가해운전자 성별,가해운전자 연령대,가해운전자 상해정도,피해운전자 차종,피해운전자 성별,피해운전자 연령대,피해운전자 상해정도,발생년도,발생월
2019051000100040.8,2019년 5월,금요일,서울특별시 광진구 군자동,경상사고,0,0,3,0,차대차 - 충돌,신호위반,건조,맑음,교차로 - 교차로안,승용,남,61-64세,상해없음,승용,남,61-64세,상해없음,2019,5
2019051000100068.8,2019년 5월,금요일,서울특별시 광진구 자양동,경상사고,0,0,1,0,차대차 - 추돌,안전운전불이행,건조,맑음,단일로 - 기타,승용,남,21-30세,상해없음,승용,남,51-60세,경상,2019,5
2019051000100076.8,2019년 5월,금요일,서울특별시 광진구 능동,경상사고,0,0,1,0,차대차 - 충돌,안전운전불이행,건조,맑음,교차로 - 교차로안,이륜,남,31-40세,상해없음,승용,남,65세 이상,경상,2019,5
2019051000100212.8,2019년 5월,금요일,서울특별시 광진구 구의동,경상사고,0,0,2,0,차대차 - 추돌,안전운전불이행,건조,맑음,단일로 - 기타,승용,남,65세 이상,상해없음,화물,남,21-30세,경상,2019,5
2019051000100483.2,2019년 5월,금요일,서울특별시 광진구 군자동,경상사고,0,0,1,0,차대차 - 충돌,교차로운행방법위반,건조,맑음,교차로 - 교차로안,승용,남,65세 이상,상해없음,승용,여,31-40세,경상,2019,5
2019051000100692.0,2019년 5월,금요일,서울특별시 광진구 중곡동,경상사고,0,0,1,0,차대차 - 기타,안전운전불이행,건조,맑음,단일로 - 기타,자전거,여,20세 이하,상해없음,자전거,남,41-50세,경상,2019,5
2019051100100244.8,2019년 5월,토요일,서울특별시 광진구 군자동,경상사고,0,0,1,0,차량단독 - 충돌,기타,건조,맑음,단일로 - 기타,승합,남,41-50세,상해없음,,,,,2019,5
2019051100100292.0,2019년 5월,토요일,서울특별시 광진구 중곡동,경상사고,0,0,1,0,차대사람 - 횡단중,보행자보호의무위반,건조,맑음,교차로 - 교차로안,승용,남,61-64세,상해없음,보행자,여,51-60세,경상,2019,5
2019050000000000.0,2019년 5월,토요일,서울특별시 광진구 화양동,경상사고,0,0,1,0,차대차 - 충돌,안전운전불이행,건조,맑음,교차로 - 교차로횡단보도내,승용,남,65세 이상,상해없음,자전거,여,21-30세,경상,2019,5
2019051200100024.0,2019년 5월,일요일,서울특별시 광진구 화양동,중상사고,0,1,0,0,차대사람 - 길가장자리구역통행중,안전운전불이행,건조,맑음,단일로 - 기타,승용,남,21-30세,상해없음,보행자,남,31-40세,중상,2019,5
2019051200100024.8,2019년 5월,일요일,서울특별시 광진구 능동,경상사고,0,0,1,0,차대사람 - 기타,안전운전불이행,건조,맑음,단일로 - 기타,승용,남,51-60세,상해없음,보행자,여,21-30세,경상,2019,5
2019050000000000.0,2019년 5월,일요일,서울특별시 광진구 능동,경상사고,0,0,2,1,차대차 - 추돌,안전운전불이행,건조,맑음,단일로 - 기타,이륜,남,31-40세,상해없음,승용,남,65세 이상,부상신고,2019,5
2019051200100136.8,2019년 5월,일요일,서울특별시 광진구 중곡동,중상사고,0,1,0,0,차대사람 - 길가장자리구역통행중,안전운전불이행,건조,맑음,단일로 - 기타,승용,여,31-40세,상해없음,보행자,남,65세 이상,중상,2019,5
2019051200100307.2,2019년 5월,일요일,서울특별시 광진구 중곡동,중상사고,0,1,0,0,차대차 - 충돌,안전운전불이행,건조,맑음,단일로 - 기타,승용,남,41-50세,상해없음,승용,남,41-50세,중상,2019,5
2019051200100352.0,2019년 5월,일요일,서울특별시 광진구 자양동,경상사고,0,0,2,0,차대차 - 충돌,교차로운행방법위반,건조,맑음,교차로 - 교차로부근,승용,남,41-50세,기타불명,승용,남,41-50세,경상,2019,5
2019051300100064.0,2019년 5월,월요일,서울특별시 광진구 군자동,중상사고,0,1,0,0,차대차 - 충돌,교차로운행방법위반,건조,맑음,교차로 - 교차로부근,승용,남,61-64세,상해없음,화물,남,65세 이상,중상,2019,5
2019051300100367.2,2019년 5월,월요일,서울특별시 광진구 화양동,경상사고,0,0,1,0,차대사람 - 기타,안전운전불이행,건조,맑음,주차장 - 주차장,승용,남,51-60세,상해없음,보행자,남,31-40세,경상,2019,5
2019051300100396.0,2019년 5월,월요일,서울특별시 광진구 화양동,경상사고,0,0,1,0,차대차 - 기타,안전거리미확보,건조,맑음,단일로 - 기타,화물,남,61-64세,상해없음,승용,남,41-50세,경상,2019,5
2019051300100396.8,2019년 5월,월요일,서울특별시 광진구 광장동,중상사고,0,1,0,0,차대차 - 충돌,신호위반,건조,맑음,단일로 - 기타,승합,남,65세 이상,상해없음,자전거,남,61-64세,중상,2019,5
2019051300100512.0,2019년 5월,월요일,서울특별시 광진구 광장동,중상사고,0,1,1,0,차대차 - 충돌,안전운전불이행,건조,맑음,단일로 - 기타,승용,여,65세 이상,경상,승용,남,41-50세,중상,2019,5
2019051500100087.2,2019년 5월,수요일,서울특별시 광진구 군자동,중상사고,0,1,0,0,차대차 - 충돌,기타,건조,맑음,교차로 - 교차로안,승용,남,21-30세,상해없음,이륜,남,65세 이상,중상,2019,5
2019051500100168.8,2019년 5월,수요일,서울특별시 광진구 자양동,경상사고,0,0,1,0,차대차 - 충돌,안전운전불이행,건조,맑음,교차로 - 교차로안,승용,남,51-60세,상해없음,화물,남,41-50세,경상,2019,5
2019051500100207.2,2019년 5월,수요일,서울특별시 광진구 화양동,경상사고,0,0,1,0,차대사람 - 기타,안전운전불이행,건조,맑음,교차로 - 교차로안,승용,여,61-64세,상해없음,보행자,여,13-20세,경상,2019,5
2019051500100615.2,2019년 5월,수요일,서울특별시 광진구 구의동,경상사고,0,0,2,0,차대차 - 충돌,기타,건조,맑음,단일로 - 기타,원동기,남,21-30세,경상,승용,남,51-60세,경상,2019,5
2019051600100088.8,2019년 5월,목요일,서울특별시 광진구 자양동,중상사고,0,1,0,0,차대차 - 기타,차로위반,건조,맑음,단일로 - 기타,승용,남,65세 이상,상해없음,원동기,남,51-60세,중상,2019,5
2019051600100196.0,2019년 5월,목요일,서울특별시 광진구 화양동,경상사고,0,0,3,0,차대차 - 충돌,교차로운행방법위반,건조,맑음,교차로 - 교차로안,승용,남,61-64세,상해없음,승용,남,31-40세,경상,2019,5
2019051600100244.0,2019년 5월,목요일,서울특별시 광진구 구의동,경상사고,0,0,1,0,차대차 - 추돌,안전운전불이행,건조,맑음,단일로 - 기타,승용,남,21-30세,상해없음,승용,남,65세 이상,상해없음,2019,5
2019051600100280.8,2019년 5월,목요일,서울특별시 광진구 광장동,중상사고,0,1,0,0,차대사람 - 횡단중,보행자보호의무위반,건조,맑음,교차로 - 교차로횡단보도내,승용,여,41-50세,상해없음,보행자,남,65세 이상,중상,2019,5
2019050000000000.0,2019년 5월,목요일,서울특별시 광진구 구의동,경상사고,0,0,1,0,차대사람 - 횡단중,안전운전불이행,건조,맑음,단일로 - 기타,승용,남,41-50세,상해없음,보행자,남,12세 이하,경상,2019,5
2019051700100495.2,2019년 5월,금요일,서울특별시 광진구 광장동,경상사고,0,0,1,0,차대사람 - 횡단중,안전운전불이행,건조,맑음,교차로 - 교차로횡단보도내,승합,남,65세 이상,기타불명,보행자,여,12세 이하,경상,2019,5
2019051700100632.0,2019년 5월,금요일,서울특별시 광진구 구의동,부상신고사고,0,0,0,2,차대사람 - 횡단중,보행자보호의무위반,건조,맑음,단일로 - 기타,자전거,남,41-50세,상해없음,보행자,남,65세 이상,부상신고,2019,5
2019051800100032.0,2019년 5월,토요일,서울특별시 광진구 군자동,경상사고,0,0,1,0,차대차 - 충돌,안전운전불이행,건조,맑음,단일로 - 기타,승용,남,21-30세,상해없음,승용,남,21-30세,경상,2019,5
2019051800100102.0,2019년 5월,토요일,서울특별시 광진구 구의동,경상사고,0,0,2,0,차대차 - 충돌,안전거리미확보,건조,맑음,단일로 - 고가도로위,승용,남,20세 이하,상해없음,승용,남,21-30세,경상,2019,5
2019051800100168.0,2019년 5월,토요일,서울특별시 광진구 자양동,경상사고,0,0,2,0,차대차 - 충돌,신호위반,건조,맑음,교차로 - 교차로안,승용,남,61-64세,상해없음,승용,여,41-50세,경상,2019,5
2019051800100416.0,2019년 5월,토요일,서울특별시 광진구 자양동,경상사고,0,0,1,0,차대사람 - 기타,안전운전불이행,건조,맑음,단일로 - 기타,승용,여,21-30세,상해없음,보행자,남,21-30세,경상,2019,5
2019050000000000.0,2019년 5월,토요일,서울특별시 광진구 광장동,경상사고,0,0,2,0,차대차 - 충돌,안전운전불이행,건조,맑음,교차로 - 교차로안,승용,남,65세 이상,상해없음,승용,남,21-30세,경상,2019,5
2019051800100592.0,2019년 5월,토요일,서울특별시 광진구 중곡동,경상사고,0,0,2,0,차대차 - 추돌,안전거리미확보,건조,맑음,교차로 - 교차로안,승용,남,31-40세,상해없음,승용,남,31-40세,경상,2019,5
2019051900100046.0,2019년 5월,일요일,서울특별시 광진구 화양동,경상사고,0,0,1,0,차대사람 - 기타,안전운전불이행,건조,흐림,단일로 - 기타,승용,남,51-60세,상해없음,보행자,남,31-40세,경상,2019,5
2019051900100476.0,2019년 5월,일요일,서울특별시 광진구 구의동,중상사고,0,2,2,0,차대차 - 추돌,안전운전불이행,건조,맑음,교차로 - 교차로부근,승용,남,31-40세,상해없음,승용,남,31-40세,중상,2019,5
2019052000100194.0,2019년 5월,월요일,서울특별시 광진구 중곡동,중상사고,0,1,0,0,차대차 - 충돌,직진우회전진행방해,건조,맑음,교차로 - 교차로안,화물,남,51-60세,상해없음,이륜,남,13-20세,중상,2019,5
2019052000100366.0,2019년 5월,월요일,서울특별시 광진구 중곡동,경상사고,0,0,1,0,차대사람 - 기타,안전운전불이행,건조,맑음,교차로 - 교차로안,화물,남,61-64세,상해없음,보행자,여,51-60세,경상,2019,5
2019052000100471.2,2019년 5월,월요일,서울특별시 광진구 광장동,경상사고,0,0,2,0,차대차 - 충돌,안전운전불이행,건조,맑음,단일로 - 기타,승용,남,41-50세,상해없음,승용,여,51-60세,경상,2019,5
2019052000100524.0,2019년 5월,월요일,서울특별시 광진구 중곡동,부상신고사고,0,0,0,1,차대차 - 충돌,안전거리미확보,건조,맑음,단일로 - 기타,이륜,남,31-40세,부상신고,승용,남,51-60세,상해없음,2019,5
2019052100100086.0,2019년 5월,화요일,서울특별시 광진구 중곡동,중상사고,0,1,0,0,차대차 - 충돌,중앙선침범,건조,맑음,단일로 - 기타,승용,남,41-50세,상해없음,이륜,남,31-40세,중상,2019,5
2019052100100628.8,2019년 5월,화요일,서울특별시 광진구 구의동,경상사고,0,0,1,0,차대차 - 충돌,안전운전불이행,건조,맑음,단일로 - 기타,승용,남,65세 이상,상해없음,승용,여,41-50세,경상,2019,5
2019052200100326.0,2019년 5월,수요일,서울특별시 광진구 자양동,경상사고,0,0,2,0,차대차 - 기타,안전운전불이행,건조,맑음,단일로 - 기타,화물,남,51-60세,상해없음,승합,남,31-40세,경상,2019,5
2019052300100024.8,2019년 5월,목요일,서울특별시 광진구 중곡동,경상사고,0,0,1,0,차대차 - 충돌,직진우회전진행방해,건조,맑음,교차로 - 교차로안,이륜,남,31-40세,상해없음,승합,남,51-60세,경상,2019,5
2019052300100100.8,2019년 5월,목요일,서울특별시 광진구 군자동,중상사고,0,1,1,0,차대차 - 추돌,안전거리미확보,건조,맑음,교차로 - 교차로안,승용,남,31-40세,상해없음,승용,남,21-30세,경상,2019,5
2019052400100128.0,2019년 5월,금요일,서울특별시 광진구 광장동,경상사고,0,0,3,0,차대차 - 충돌,안전운전불이행,건조,맑음,단일로 - 기타,승합,남,51-60세,상해없음,승용,남,21-30세,경상,2019,5
2019052500100098.0,2019년 5월,토요일,서울특별시 광진구 광장동,중상사고,0,1,0,0,차대차 - 추돌,안전운전불이행,건조,맑음,기타 - 기타,승용,남,21-30세,상해없음,건설기계,남,65세 이상,중상,2019,5
2019052500100616.0,2019년 5월,토요일,서울특별시 광진구 중곡동,부상신고사고,0,0,0,1,차대차 - 충돌,안전운전불이행,건조,맑음,교차로 - 교차로안,승용,남,51-60세,상해없음,원동기,남,21-30세,부상신고,2019,5
2019052600100439.2,2019년 5월,일요일,서울특별시 광진구 화양동,경상사고,0,0,1,0,차대차 - 추돌,안전거리미확보,건조,맑음,단일로 - 기타,승용,남,21-30세,상해없음,승용,남,51-60세,상해없음,2019,5
2019050000000000.0,2019년 5월,일요일,서울특별시 광진구 중곡동,경상사고,0,0,1,0,차대사람 - 기타,안전운전불이행,건조,맑음,단일로 - 기타,승용,여,31-40세,상해없음,보행자,남,51-60세,경상,2019,5
2019052700100216.8,2019년 5월,월요일,서울특별시 광진구 군자동,경상사고,0,0,1,0,차대차 - 추돌,안전운전불이행,젖음/습기,비,단일로 - 기타,건설기계,남,51-60세,기타불명,승용,여,51-60세,경상,2019,5
2019052700100640.8,2019년 5월,월요일,서울특별시 광진구 구의동,경상사고,0,0,1,0,차대사람 - 기타,안전운전불이행,건조,맑음,단일로 - 기타,승용,남,41-50세,상해없음,보행자,남,21-30세,경상,2019,5
2019052800100652.8,2019년 5월,화요일,서울특별시 광진구 중곡동,경상사고,0,0,1,0,차대차 - 충돌,안전운전불이행,건조,맑음,단일로 - 기타,화물,남,51-60세,상해없음,승용,남,41-50세,경상,2019,5
2019052800100764.8,2019년 5월,화요일,서울특별시 광진구 구의동,경상사고,0,0,1,0,차대차 - 충돌,차로위반,건조,맑음,단일로 - 기타,승용,남,65세 이상,상해없음,승용,여,65세 이상,경상,2019,5
2019052900100048.8,2019년 5월,수요일,서울특별시 광진구 군자동,경상사고,0,0,1,0,차대차 - 충돌,안전운전불이행,건조,맑음,단일로 - 기타,승용,남,31-40세,상해없음,승용,남,41-50세,경상,2019,5
2019052900100208.0,2019년 5월,수요일,서울특별시 광진구 구의동,경상사고,0,0,1,0,차대사람 - 기타,안전운전불이행,건조,맑음,단일로 - 기타,승용,여,31-40세,상해없음,보행자,여,41-50세,경상,2019,5
2019052900100599.2,2019년 5월,수요일,서울특별시 광진구 중곡동,경상사고,0,0,1,0,차대차 - 충돌,안전운전불이행,건조,맑음,단일로 - 기타,승용,남,65세 이상,상해없음,이륜,남,41-50세,경상,2019,5
2019053100100444.8,2019년 5월,금요일,서울특별시 광진구 중곡동,중상사고,0,1,0,0,차대차 - 추돌,안전운전불이행,건조,맑음,단일로 - 기타,승용,남,51-60세,상해없음,승용,남,65세 이상,중상,2019,5
2019060200100098.0,2019년 6월,일요일,서울특별시 광진구 능동,중상사고,0,1,0,0,차대차 - 충돌,안전운전불이행,건조,맑음,단일로 - 기타,자전거,남,65세 이상,상해없음,이륜,남,31-40세,중상,2019,6
2019060200100388.8,2019년 6월,일요일,서울특별시 광진구 중곡동,경상사고,0,0,1,0,차대사람 - 기타,안전운전불이행,건조,맑음,단일로 - 기타,승용,여,41-50세,상해없음,보행자,여,21-30세,경상,2019,6
2019060200100416.8,2019년 6월,일요일,서울특별시 광진구 구의동,경상사고,0,0,2,0,차대차 - 충돌,신호위반,건조,맑음,단일로 - 기타,승용,여,65세 이상,상해없음,승용,남,21-30세,경상,2019,6
2019060300100268.8,2019년 6월,월요일,서울특별시 광진구 중곡동,경상사고,0,0,1,0,차대차 - 충돌,직진우회전진행방해,건조,맑음,교차로 - 교차로안,승용,남,31-40세,상해없음,이륜,남,41-50세,경상,2019,6
2019060300100379.2,2019년 6월,월요일,서울특별시 광진구 군자동,중상사고,0,1,0,0,차대차 - 충돌,안전거리미확보,건조,맑음,단일로 - 기타,승용,남,51-60세,상해없음,승용,남,51-60세,상해없음,2019,6
2019060400100162.0,2019년 6월,화요일,서울특별시 광진구 자양동,경상사고,0,0,1,0,차대차 - 추돌,안전운전불이행,건조,맑음,단일로 - 기타,승용,남,31-40세,상해없음,승용,여,31-40세,경상,2019,6
2019060400100299.2,2019년 6월,화요일,서울특별시 광진구 자양동,경상사고,0,0,1,0,차대사람 - 기타,안전운전불이행,건조,맑음,단일로 - 기타,자전거,여,51-60세,상해없음,보행자,여,41-50세,경상,2019,6
2019060500100111.2,2019년 6월,수요일,서울특별시 광진구 구의동,부상신고사고,0,0,0,1,차대사람 - 길가장자리구역통행중,안전운전불이행,건조,맑음,교차로 - 교차로안,승용,남,31-40세,상해없음,보행자,남,41-50세,부상신고,2019,6
2019060500100339.2,2019년 6월,수요일,서울특별시 광진구 군자동,경상사고,0,0,1,0,차대차 - 충돌,안전운전불이행,건조,맑음,교차로 - 교차로안,자전거,여,51-60세,경상,승용,여,51-60세,상해없음,2019,6
2019060000000000.0,2019년 6월,수요일,서울특별시 광진구 군자동,중상사고,0,1,0,0,차대사람 - 횡단중,보행자보호의무위반,건조,맑음,교차로 - 교차로횡단보도내,승용,남,51-60세,상해없음,보행자,여,31-40세,중상,2019,6
2019060600100244.0,2019년 6월,목요일,서울특별시 광진구 자양동,경상사고,0,0,3,0,차대차 - 충돌,차로위반,건조,맑음,단일로 - 기타,화물,남,21-30세,상해없음,승용,여,31-40세,경상,2019,6
2019060600100316.0,2019년 6월,목요일,서울특별시 광진구 화양동,경상사고,0,0,1,0,차량단독 - 전도전복,안전운전불이행,젖음/습기,비,교차로 - 교차로안,이륜,남,31-40세,경상,,,,,2019,6
2019060600100372.8,2019년 6월,목요일,서울특별시 광진구 구의동,경상사고,0,0,1,0,차대사람 - 횡단중,안전운전불이행,젖음/습기,비,단일로 - 기타,개인형이동수단(PM),남,21-30세,상해없음,보행자,남,12세 이하,경상,2019,6
2019060700100068.0,2019년 6월,금요일,서울특별시 광진구 중곡동,중상사고,0,1,1,0,차대차 - 충돌,신호위반,젖음/습기,비,교차로 - 교차로안,승용,남,61-64세,상해없음,승합,남,51-60세,경상,2019,6
2019060700100556.8,2019년 6월,금요일,서울특별시 광진구 구의동,부상신고사고,0,0,0,1,차대사람 - 차도통행중,안전운전불이행,건조,맑음,단일로 - 기타,이륜,남,21-30세,상해없음,보행자,남,21-30세,부상신고,2019,6
2019060700100596.0,2019년 6월,금요일,서울특별시 광진구 화양동,경상사고,0,0,1,0,차대차 - 충돌,신호위반,건조,맑음,교차로 - 교차로부근,이륜,남,31-40세,경상,승용,남,41-50세,기타불명,2019,6
2019060800100246.0,2019년 6월,토요일,서울특별시 광진구 구의동,경상사고,0,0,1,0,차대차 - 충돌,안전운전불이행,건조,맑음,교차로 - 교차로안,승용,남,41-50세,상해없음,자전거,여,21-30세,경상,2019,6
2019060800100346.0,2019년 6월,토요일,서울특별시 광진구 군자동,경상사고,0,0,5,0,차대차 - 추돌,안전운전불이행,건조,맑음,단일로 - 기타,승용,남,65세 이상,상해없음,승합,남,51-60세,경상,2019,6
2019060800100612.0,2019년 6월,토요일,서울특별시 광진구 광장동,경상사고,0,0,1,0,차대차 - 충돌,안전운전불이행,건조,맑음,교차로 - 교차로안,원동기,남,41-50세,경상,승합,남,65세 이상,상해없음,2019,6
2019061000100200.8,2019년 6월,월요일,서울특별시 광진구 자양동,경상사고,0,0,2,0,차대차 - 추돌,안전운전불이행,건조,맑음,단일로 - 기타,승용,남,21-30세,상해없음,승용,남,51-60세,경상,2019,6
2019061000100264.8,2019년 6월,월요일,서울특별시 광진구 자양동,경상사고,0,0,1,0,차대차 - 충돌,불법유턴,건조,맑음,단일로 - 기타,자전거,여,21-30세,경상,승용,여,51-60세,상해없음,2019,6
2019061000100456.0,2019년 6월,월요일,서울특별시 광진구 자양동,경상사고,0,0,1,0,차대차 - 충돌,안전운전불이행,건조,맑음,단일로 - 기타,자전거,남,20세 이하,경상,승용,남,31-40세,상해없음,2019,6
2019061000100495.2,2019년 6월,월요일,서울특별시 광진구 화양동,경상사고,0,0,2,0,차대차 - 충돌,신호위반,건조,맑음,교차로 - 교차로안,이륜,남,20세 이하,상해없음,승용,남,31-40세,경상,2019,6
2019061000100627.2,2019년 6월,월요일,서울특별시 광진구 화양동,중상사고,0,1,0,0,차량단독 - 기타,안전운전불이행,건조,맑음,단일로 - 기타,승합,남,41-50세,상해없음,,,,,2019,6
2019061000100652.0,2019년 6월,월요일,서울특별시 광진구 중곡동,경상사고,0,0,1,0,차대차 - 충돌,차로위반,건조,맑음,단일로 - 기타,승용,남,61-64세,상해없음,승용,남,31-40세,경상,2019,6
2019061100100407.2,2019년 6월,화요일,서울특별시 광진구 중곡동,부상신고사고,0,0,0,1,차대사람 - 횡단중,안전운전불이행,건조,맑음,단일로 - 기타,승용,여,51-60세,상해없음,보행자,남,12세 이하,부상신고,2019,6
2019061200100086.0,2019년 6월,수요일,서울특별시 광진구 능동,경상사고,0,0,1,0,차대차 - 기타,안전운전불이행,기타,맑음,단일로 - 기타,승용,남,65세 이상,상해없음,자전거,여,61-64세,경상,2019,6
2019061200100106.0,2019년 6월,수요일,서울특별시 광진구 구의동,경상사고,0,0,2,0,차대차 - 충돌,안전운전불이행,건조,맑음,주차장 - 주차장,승용,여,51-60세,상해없음,승용,여,41-50세,경상,2019,6
2019061200100107.2,2019년 6월,수요일,서울특별시 광진구 중곡동,경상사고,0,0,5,0,차대차 - 기타,신호위반,건조,맑음,기타 - 기타,승용,남,51-60세,상해없음,승합,여,51-60세,경상,2019,6
2019061200100152.0,2019년 6월,수요일,서울특별시 광진구 화양동,중상사고,0,1,0,0,차대차 - 기타,신호위반,건조,맑음,교차로 - 교차로안,승합,남,21-30세,상해없음,승합,남,51-60세,상해없음,2019,6
2019061200100495.2,2019년 6월,수요일,서울특별시 광진구 화양동,경상사고,0,0,1,0,차대사람 - 기타,안전운전불이행,건조,맑음,단일로 - 기타,승용,남,31-40세,상해없음,보행자,남,41-50세,경상,2019,6
2019061200100531.2,2019년 6월,수요일,서울특별시 광진구 광장동,중상사고,0,1,0,0,차대차 - 충돌,안전운전불이행,건조,맑음,교차로 - 교차로부근,승용,여,41-50세,상해없음,승용,남,61-64세,중상,2019,6
2019061300100423.2,2019년 6월,목요일,서울특별시 광진구 구의동,경상사고,0,0,1,0,차대차 - 충돌,교차로운행방법위반,건조,맑음,교차로 - 교차로안,자전거,남,65세 이상,경상,승합,남,51-60세,상해없음,2019,6
2019061300100538.0,2019년 6월,목요일,서울특별시 광진구 화양동,경상사고,0,0,1,0,차대차 - 충돌,차로위반,건조,맑음,교차로 - 교차로안,승용,남,65세 이상,상해없음,승용,남,21-30세,경상,2019,6
2019061400100288.0,2019년 6월,금요일,서울특별시 광진구 능동,경상사고,0,0,1,0,차량단독 - 기타,안전운전불이행,건조,맑음,단일로 - 기타,승합,남,41-50세,상해없음,,,,,2019,6
2019060000000000.0,2019년 6월,금요일,서울특별시 광진구 광장동,경상사고,0,0,3,0,차대차 - 추돌,신호위반,건조,맑음,단일로 - 기타,승용,남,61-64세,상해없음,승합,남,41-50세,상해없음,2019,6
2019061400100692.8,2019년 6월,금요일,서울특별시 광진구 광장동,경상사고,0,0,1,0,차대차 - 충돌,안전운전불이행,건조,맑음,단일로 - 기타,승용,여,21-30세,상해없음,승용,여,51-60세,경상,2019,6
2019061500100034.0,2019년 6월,토요일,서울특별시 광진구 화양동,경상사고,0,0,1,0,차대사람 - 기타,안전운전불이행,건조,맑음,단일로 - 기타,승용,남,61-64세,상해없음,보행자,남,21-30세,경상,2019,6
2019061500100058.0,2019년 6월,토요일,서울특별시 광진구 군자동,중상사고,0,1,0,0,차대사람 - 차도통행중,안전운전불이행,건조,맑음,단일로 - 기타,이륜,남,21-30세,상해없음,보행자,여,51-60세,중상,2019,6
2019061500100271.2,2019년 6월,토요일,서울특별시 광진구 자양동,부상신고사고,0,0,0,2,차대차 - 충돌,기타,건조,맑음,교차로 - 교차로안,승용,남,31-40세,상해없음,승용,남,21-30세,부상신고,2019,6
2019061500100495.2,2019년 6월,토요일,서울특별시 광진구 광장동,경상사고,0,0,1,0,차대차 - 추돌,안전운전불이행,건조,맑음,단일로 - 기타,승용,남,31-40세,상해없음,승용,여,41-50세,경상,2019,6
2019061700100219.2,2019년 6월,월요일,서울특별시 광진구 구의동,경상사고,0,0,2,0,차대차 - 충돌,안전운전불이행,건조,맑음,단일로 - 기타,이륜,남,20세 이하,경상,이륜,남,51-60세,경상,2019,6
2019061700100255.2,2019년 6월,월요일,서울특별시 광진구 중곡동,경상사고,0,0,1,0,차대사람 - 기타,안전운전불이행,건조,맑음,교차로 - 교차로안,승합,남,21-30세,상해없음,보행자,여,41-50세,경상,2019,6
2019060000000000.0,2019년 6월,화요일,서울특별시 광진구 자양동,부상신고사고,0,0,0,1,차량단독 - 기타,안전운전불이행,건조,흐림,단일로 - 기타,승용,남,51-60세,상해없음,,,,,2019,6
2019061800100068.8,2019년 6월,화요일,서울특별시 광진구 중곡동,중상사고,0,1,0,0,차대사람 - 기타,안전운전불이행,젖음/습기,비,단일로 - 기타,승용,남,65세 이상,상해없음,보행자,남,65세 이상,중상,2019,6
2019061800100106.0,2019년 6월,화요일,서울특별시 광진구 구의동,경상사고,0,0,1,0,차대차 - 추돌,안전운전불이행,건조,맑음,교차로 - 교차로안,승용,남,65세 이상,상해없음,승용,여,41-50세,경상,2019,6
2019061800100339.2,2019년 6월,화요일,서울특별시 광진구 중곡동,경상사고,0,0,1,0,차대차 - 충돌,신호위반,건조,맑음,단일로 - 기타,승용,여,51-60세,상해없음,자전거,남,12세 이하,경상,2019,6
2019061800100363.2,2019년 6월,화요일,서울특별시 광진구 능동,중상사고,0,1,0,0,차대차 - 충돌,안전거리미확보,젖음/습기,흐림,단일로 - 기타,승용,남,61-64세,상해없음,승용,남,41-50세,중상,2019,6
2019061800100514.0,2019년 6월,화요일,서울특별시 광진구 구의동,중상사고,0,1,0,0,차대사람 - 횡단중,신호위반,젖음/습기,비,단일로 - 기타,원동기,남,21-30세,상해없음,보행자,남,12세 이하,중상,2019,6
2019061900100260.8,2019년 6월,수요일,서울특별시 광진구 자양동,부상신고사고,0,0,0,1,차대차 - 충돌,안전운전불이행,건조,맑음,단일로 - 기타,자전거,남,61-64세,부상신고,화물,남,31-40세,상해없음,2019,6
2019061900100314.0,2019년 6월,수요일,서울특별시 광진구 구의동,경상사고,0,0,1,0,차대사람 - 기타,안전운전불이행,건조,맑음,단일로 - 기타,승용,남,65세 이상,상해없음,보행자,남,12세 이하,경상,2019,6
2019061900100512.8,2019년 6월,수요일,서울특별시 광진구 중곡동,부상신고사고,0,0,0,1,차대차 - 충돌,직진우회전진행방해,건조,맑음,교차로 - 교차로안,이륜,남,21-30세,상해없음,이륜,남,31-40세,부상신고,2019,6
2019062000100176.8,2019년 6월,목요일,서울특별시 광진구 중곡동,경상사고,0,0,1,0,차대차 - 기타,신호위반,건조,맑음,교차로 - 교차로안,화물,남,61-64세,상해없음,이륜,남,61-64세,경상,2019,6
2019062000100360.8,2019년 6월,목요일,서울특별시 광진구 자양동,경상사고,0,0,1,0,차대차 - 충돌,신호위반,건조,맑음,교차로 - 교차로안,승용,남,21-30세,상해없음,원동기,남,41-50세,경상,2019,6
2019062000100604.8,2019년 6월,목요일,서울특별시 광진구 자양동,경상사고,0,0,2,0,차대사람 - 기타,안전운전불이행,젖음/습기,비,단일로 - 기타,자전거,남,21-30세,상해없음,보행자,여,21-30세,경상,2019,6
2019062100100038.0,2019년 6월,금요일,서울특별시 광진구 화양동,경상사고,0,0,1,0,차대차 - 기타,안전운전불이행,건조,맑음,단일로 - 기타,원동기,남,21-30세,상해없음,승용,남,61-64세,경상,2019,6
2019062100100083.2,2019년 6월,금요일,서울특별시 광진구 자양동,경상사고,0,0,1,0,차대차 - 충돌,안전운전불이행,건조,맑음,교차로 - 교차로부근,승용,남,31-40세,상해없음,승용,여,21-30세,경상,2019,6
2019062100100215.2,2019년 6월,금요일,서울특별시 광진구 자양동,부상신고사고,0,0,0,1,차대차 - 충돌,신호위반,건조,맑음,교차로 - 교차로안,자전거,남,41-50세,부상신고,승용,남,51-60세,상해없음,2019,6