사고번호,발생년월,요일,시군구,사고내용,사망자수,중상자수,경상자수,부상신고자수,사고유형,법규위반,노면상태,기상상태,도로형태,가해운전자 차종,가해운전자 성별,가해운전자 연령대,가해운전자 상해정도,피해운전자 차종,피해운전자 성별,피해운전자 연령대,피해운전자 상해정도,발생년도,발생월
2019062100100276.0,2019년 6월,금요일,서울특별시 광진구 중곡동,중상사고,0,1,0,0,차대사람 - 기타,안전운전불이행,건조,맑음,단일로 - 기타,승합,남,41-50세,상해없음,보행자,여,65세 이상,중상,2019,6
2019060000000000.0,2019년 6월,금요일,서울특별시 광진구 자양동,경상사고,0,0,1,0,차대차 - 충돌,안전운전불이행,건조,맑음,단일로 - 기타,승용,남,21-30세,상해없음,승용,여,21-30세,경상,2019,6
2019062100100436.8,2019년 6월,금요일,서울특별시 광진구 군자동,경상사고,0,0,1,0,차대차 - 충돌,교차로운행방법위반,건조,맑음,교차로 - 교차로안,화물,남,61-64세,상해없음,승용,여,41-50세,경상,2019,6
2019062100100639.2,2019년 6월,금요일,서울특별시 광진구 화양동,경상사고,0,0,1,0,차대차 - 추돌,안전운전불이행,건조,맑음,단일로 - 기타,승용,남,51-60세,상해없음,이륜,남,21-30세,경상,2019,6
2019060000000000.0,2019년 6월,토요일,서울특별시 광진구 자양동,중상사고,0,1,0,0,차대차 - 충돌,안전운전불이행,건조,맑음,단일로 - 기타,자전거,여,41-50세,상해없음,자전거,남,41-50세,중상,2019,6
2019060000000000.0,2019년 6월,토요일,서울특별시 광진구 중곡동,경상사고,0,0,1,0,차대차 - 충돌,안전운전불이행,건조,맑음,교차로 - 교차로부근,승용,남,31-40세,상해없음,승용,여,31-40세,경상,2019,6
2019062200100687.2,2019년 6월,토요일,서울특별시 광진구 광장동,경상사고,0,0,1,0,차대사람 - 횡단중,안전운전불이행,건조,맑음,단일로 - 기타,승용,남,21-30세,상해없음,보행자,남,41-50세,경상,2019,6
2019062300100116.8,2019년 6월,일요일,서울특별시 광진구 중곡동,경상사고,0,0,1,0,차대차 - 기타,안전운전불이행,건조,맑음,단일로 - 기타,승용,남,51-60세,상해없음,기타불명,기타불명,기타불명,기타불명,2019,6
2019062300100568.0,2019년 6월,일요일,서울특별시 광진구 화양동,경상사고,0,0,1,0,차대사람 - 기타,안전운전불이행,건조,맑음,단일로 - 기타,승용,남,21-30세,상해없음,보행자,여,31-40세,경상,2019,6
2019062300100568.8,2019년 6월,일요일,서울특별시 광진구 화양동,중상사고,0,1,0,0,차대차 - 충돌,신호위반,건조,맑음,교차로 - 교차로부근,이륜,여,31-40세,중상,승용,남,21-30세,상해없음,2019,6
2019062400100383.2,2019년 6월,월요일,서울특별시 광진구 화양동,경상사고,0,0,1,0,차대차 - 충돌,안전운전불이행,건조,맑음,단일로 - 기타,건설기계,남,41-50세,상해없음,승합,남,51-60세,경상,2019,6
2019062400100594.0,2019년 6월,월요일,서울특별시 광진구 화양동,중상사고,0,1,0,0,차대차 - 기타,안전운전불이행,건조,맑음,단일로 - 기타,원동기,남,51-60세,상해없음,원동기,남,21-30세,중상,2019,6
2019062400100624.8,2019년 6월,월요일,서울특별시 광진구 능동,경상사고,0,0,2,0,차대차 - 충돌,차로위반,건조,맑음,단일로 - 기타,승용,남,51-60세,상해없음,승용,여,31-40세,경상,2019,6
2019062500100023.2,2019년 6월,화요일,서울특별시 광진구 자양동,경상사고,0,0,2,0,차대사람 - 횡단중,신호위반,건조,맑음,교차로 - 교차로횡단보도내,승용,남,51-60세,상해없음,보행자,남,13-20세,경상,2019,6
2019062500100084.0,2019년 6월,화요일,서울특별시 광진구 광장동,경상사고,0,0,3,0,차대차 - 추돌,안전운전불이행,건조,맑음,단일로 - 고가도로위,승용,남,21-30세,상해없음,화물,남,61-64세,경상,2019,6
2019062600100186.0,2019년 6월,수요일,서울특별시 광진구 화양동,경상사고,0,0,1,0,차대차 - 충돌,안전운전불이행,건조,맑음,단일로 - 기타,이륜,남,41-50세,경상,특수,남,41-50세,상해없음,2019,6
2019062600100327.2,2019년 6월,수요일,서울특별시 광진구 자양동,경상사고,0,0,1,1,차대사람 - 횡단중,안전운전불이행,건조,맑음,단일로 - 기타,이륜,남,41-50세,부상신고,보행자,남,51-60세,경상,2019,6
2019062700100648.0,2019년 6월,목요일,서울특별시 광진구 구의동,경상사고,0,0,1,0,차대차 - 충돌,안전운전불이행,건조,맑음,교차로 - 교차로안,승용,남,65세 이상,상해없음,승용,남,51-60세,경상,2019,6
2019062800100183.2,2019년 6월,금요일,서울특별시 광진구 중곡동,경상사고,0,0,1,0,차대차 - 충돌,직진우회전진행방해,건조,맑음,교차로 - 교차로안,승용,남,51-60세,상해없음,이륜,남,21-30세,경상,2019,6
2019062900100068.8,2019년 6월,토요일,서울특별시 광진구 군자동,중상사고,0,1,1,0,차대차 - 충돌,신호위반,젖음/습기,비,교차로 - 교차로안,승용,남,21-30세,상해없음,승용,남,65세 이상,중상,2019,6
2019060000000000.0,2019년 6월,토요일,서울특별시 광진구 중곡동,경상사고,0,0,2,0,차대사람 - 횡단중,보행자보호의무위반,젖음/습기,흐림,교차로 - 교차로횡단보도내,승용,남,41-50세,상해없음,보행자,여,65세 이상,경상,2019,6
2019062900100216.0,2019년 6월,토요일,서울특별시 광진구 군자동,경상사고,0,0,2,0,차대차 - 충돌,교차로운행방법위반,건조,맑음,교차로 - 교차로안,승용,남,41-50세,상해없음,승용,남,61-64세,경상,2019,6
2019060000000000.0,2019년 6월,토요일,서울특별시 광진구 자양동,경상사고,0,0,1,0,차대차 - 충돌,안전운전불이행,건조,흐림,교차로 - 교차로안,자전거,여,65세 이상,경상,승용,여,51-60세,상해없음,2019,6
2019063000100204.8,2019년 6월,일요일,서울특별시 광진구 광장동,부상신고사고,0,0,0,1,차대차 - 추돌,안전운전불이행,건조,맑음,단일로 - 기타,자전거,남,20세 이하,부상신고,승용,남,21-30세,상해없음,2019,6
2019063000100206.0,2019년 6월,일요일,서울특별시 광진구 군자동,경상사고,0,0,1,0,차대차 - 기타,차로위반,건조,맑음,단일로 - 기타,승용,남,41-50세,상해없음,이륜,남,21-30세,경상,2019,6
2019070100100092.8,2019년 7월,월요일,서울특별시 광진구 자양동,중상사고,0,1,0,0,차대차 - 기타,안전운전불이행,건조,맑음,교차로 - 교차로안,이륜,여,41-50세,중상,승용,남,21-30세,상해없음,2019,7
2019070100100171.2,2019년 7월,월요일,서울특별시 광진구 자양동,경상사고,0,0,1,0,차대사람 - 기타,보행자보호의무위반,건조,맑음,교차로 - 교차로횡단보도내,승용,남,61-64세,상해없음,보행자,남,51-60세,경상,2019,7
2019070100100307.2,2019년 7월,월요일,서울특별시 광진구 중곡동,경상사고,0,0,1,0,차량단독 - 기타,안전운전불이행,건조,맑음,단일로 - 기타,승합,남,31-40세,상해없음,,,,,2019,7
2019070100100427.2,2019년 7월,월요일,서울특별시 광진구 자양동,경상사고,0,0,1,0,차대차 - 기타,기타,건조,맑음,교차로 - 교차로안,자전거,남,20세 이하,경상,승합,남,41-50세,상해없음,2019,7
2019070100100664.8,2019년 7월,월요일,서울특별시 광진구 중곡동,중상사고,0,1,0,0,차대차 - 충돌,교차로운행방법위반,건조,맑음,교차로 - 교차로안,승용,남,61-64세,상해없음,이륜,남,21-30세,중상,2019,7
2019070200100064.8,2019년 7월,화요일,서울특별시 광진구 구의동,중상사고,0,1,5,0,차대차 - 충돌,신호위반,건조,맑음,교차로 - 교차로안,승합,남,51-60세,상해없음,승용,남,41-50세,중상,2019,7
2019070300100176.0,2019년 7월,수요일,서울특별시 광진구 자양동,중상사고,0,2,0,0,차대차 - 추돌,안전운전불이행,건조,맑음,단일로 - 기타,승용,남,41-50세,상해없음,승용,남,41-50세,중상,2019,7
2019070300100176.8,2019년 7월,수요일,서울특별시 광진구 중곡동,경상사고,0,0,1,0,차량단독 - 충돌,안전운전불이행,건조,맑음,기타 - 기타,승용,남,65세 이상,경상,,,,,2019,7
2019070300100508.8,2019년 7월,수요일,서울특별시 광진구 자양동,중상사고,0,1,0,0,차대차 - 충돌,중앙선침범,기타,맑음,단일로 - 기타,이륜,남,20세 이하,중상,승용,여,61-64세,상해없음,2019,7
2019070000000000.0,2019년 7월,목요일,서울특별시 광진구 구의동,경상사고,0,0,1,0,차대차 - 충돌,직진우회전진행방해,건조,맑음,교차로 - 교차로안,자전거,남,21-30세,경상,승용,남,21-30세,상해없음,2019,7
2019070400100216.0,2019년 7월,목요일,서울특별시 광진구 화양동,부상신고사고,0,0,0,1,차대차 - 기타,불법유턴,건조,맑음,교차로 - 교차로안,자전거,여,21-30세,부상신고,승용,여,41-50세,상해없음,2019,7
2019070400100643.2,2019년 7월,목요일,서울특별시 광진구 능동,경상사고,0,0,1,0,차대차 - 충돌,신호위반,건조,맑음,교차로 - 교차로안,이륜,남,41-50세,상해없음,이륜,남,31-40세,경상,2019,7
2019070500100035.2,2019년 7월,금요일,서울특별시 광진구 화양동,중상사고,0,1,2,0,차대차 - 추돌,안전운전불이행,건조,맑음,단일로 - 기타,승용,남,51-60세,경상,승용,남,51-60세,상해없음,2019,7
2019070000000000.0,2019년 7월,금요일,서울특별시 광진구 중곡동,부상신고사고,0,0,0,1,차대차 - 충돌,안전운전불이행,건조,맑음,단일로 - 기타,자전거,여,21-30세,부상신고,승용,남,51-60세,상해없음,2019,7
2019070500100602.0,2019년 7월,금요일,서울특별시 광진구 구의동,경상사고,0,0,1,0,차대차 - 기타,신호위반,건조,맑음,교차로 - 교차로안,이륜,남,20세 이하,상해없음,자전거,남,12세 이하,경상,2019,7
2019070500100627.2,2019년 7월,금요일,서울특별시 광진구 능동,사망사고,1,0,0,0,차대사람 - 기타,안전운전불이행,건조,맑음,단일로 - 기타,승합,남,41-50세,상해없음,보행자,남,65세 이상,사망,2019,7
2019070000000000.0,2019년 7월,토요일,서울특별시 광진구 능동,경상사고,0,0,1,0,차대차 - 추돌,안전운전불이행,건조,맑음,단일로 - 기타,승용,남,31-40세,상해없음,이륜,남,31-40세,경상,2019,7
2019070600100067.2,2019년 7월,토요일,서울특별시 광진구 화양동,경상사고,0,0,1,0,차대사람 - 길가장자리구역통행중,안전운전불이행,건조,맑음,단일로 - 기타,승용,남,51-60세,상해없음,보행자,남,13-20세,경상,2019,7
2019070600100088.0,2019년 7월,토요일,서울특별시 광진구 능동,경상사고,0,0,2,0,차대차 - 충돌,교차로운행방법위반,건조,맑음,교차로 - 교차로안,이륜,남,20세 이하,경상,승용,남,61-64세,경상,2019,7
2019070600100344.0,2019년 7월,토요일,서울특별시 광진구 자양동,경상사고,0,0,1,0,차대차 - 충돌,안전운전불이행,기타,맑음,기타 - 기타,이륜,남,21-30세,상해없음,이륜,남,31-40세,경상,2019,7
2019070700100086.0,2019년 7월,일요일,서울특별시 광진구 자양동,중상사고,0,1,0,0,차대차 - 충돌,중앙선침범,건조,맑음,단일로 - 기타,승용,남,51-60세,상해없음,이륜,남,51-60세,중상,2019,7
2019070700100356.8,2019년 7월,일요일,서울특별시 광진구 자양동,중상사고,0,1,0,0,차대차 - 충돌,불법유턴,건조,맑음,교차로 - 교차로안,승용,남,51-60세,상해없음,이륜,남,31-40세,중상,2019,7
2019070700100358.0,2019년 7월,일요일,서울특별시 광진구 화양동,경상사고,0,0,1,0,차대사람 - 기타,안전운전불이행,건조,맑음,단일로 - 기타,승용,여,51-60세,상해없음,보행자,남,21-30세,경상,2019,7
2019070800100435.2,2019년 7월,월요일,서울특별시 광진구 구의동,중상사고,0,1,0,0,차대사람 - 횡단중,신호위반,건조,맑음,단일로 - 기타,승용,남,41-50세,상해없음,보행자,여,51-60세,중상,2019,7
2019070800100436.0,2019년 7월,월요일,서울특별시 광진구 자양동,경상사고,0,0,1,0,차대차 - 충돌,안전운전불이행,건조,맑음,교차로 - 교차로안,원동기,남,51-60세,경상,승용,남,51-60세,상해없음,2019,7
2019070800100468.0,2019년 7월,월요일,서울특별시 광진구 화양동,경상사고,0,0,1,0,차대사람 - 차도통행중,안전운전불이행,건조,맑음,단일로 - 기타,승용,여,21-30세,상해없음,보행자,여,21-30세,경상,2019,7
2019070800100468.8,2019년 7월,월요일,서울특별시 광진구 자양동,경상사고,0,0,1,0,차대사람 - 차도통행중,안전운전불이행,건조,맑음,단일로 - 기타,승용,남,31-40세,상해없음,보행자,남,61-64세,경상,2019,7
2019070800100508.8,2019년 7월,월요일,서울특별시 광진구 중곡동,경상사고,0,0,1,0,차대차 - 충돌,안전운전불이행,건조,맑음,단일로 - 기타,이륜,남,61-64세,상해없음,이륜,남,31-40세,경상,2019,7
2019071000100027.2,2019년 7월,수요일,서울특별시 광진구 자양동,경상사고,0,0,1,0,차대사람 - 기타,안전운전불이행,건조,맑음,단일로 - 기타,승용,남,41-50세,상해없음,보행자,남,21-30세,경상,2019,7
2019071100100315.2,2019년 7월,목요일,서울특별시 광진구 구의동,경상사고,0,0,1,0,차대사람 - 보도통행중,안전운전불이행,건조,맑음,교차로 - 교차로부근,승용,여,51-60세,상해없음,보행자,남,12세 이하,경상,2019,7
2019071200100323.2,2019년 7월,금요일,서울특별시 광진구 자양동,경상사고,0,0,1,0,차대차 - 기타,기타,건조,맑음,단일로 - 기타,승용,남,65세 이상,상해없음,자전거,남,51-60세,경상,2019,7
2019071200100395.2,2019년 7월,금요일,서울특별시 광진구 중곡동,중상사고,0,1,0,0,차대차 - 충돌,직진우회전진행방해,건조,맑음,교차로 - 교차로안,승용,남,41-50세,상해없음,이륜,남,13-20세,중상,2019,7
2019071200100422.0,2019년 7월,금요일,서울특별시 광진구 광장동,경상사고,0,0,1,0,차대차 - 충돌,안전거리미확보,건조,맑음,단일로 - 기타,승용,남,31-40세,상해없음,승용,여,31-40세,경상,2019,7
2019071200100708.8,2019년 7월,금요일,서울특별시 광진구 자양동,중상사고,0,1,1,0,차대차 - 충돌,직진우회전진행방해,건조,맑음,교차로 - 교차로안,승용,남,51-60세,중상,승용,남,51-60세,상해없음,2019,7
2019071300100052.8,2019년 7월,토요일,서울특별시 광진구 중곡동,중상사고,0,1,1,0,차대차 - 추돌,안전운전불이행,건조,맑음,단일로 - 기타,승용,여,21-30세,상해없음,승용,여,41-50세,경상,2019,7
2019071300100184.8,2019년 7월,토요일,서울특별시 광진구 능동,경상사고,0,0,1,0,차대차 - 추돌,안전운전불이행,건조,맑음,단일로 - 기타,승용,남,51-60세,상해없음,화물,남,41-50세,경상,2019,7
2019071300100219.2,2019년 7월,토요일,서울특별시 광진구 자양동,경상사고,0,0,4,0,차대차 - 충돌,차로위반,건조,맑음,단일로 - 기타,승용,여,21-30세,상해없음,승용,여,31-40세,경상,2019,7
2019071500100044.0,2019년 7월,월요일,서울특별시 광진구 구의동,부상신고사고,0,0,0,1,차대차 - 기타,안전운전불이행,건조,맑음,단일로 - 기타,이륜,남,51-60세,부상신고,승용,남,65세 이상,상해없음,2019,7
2019071500100424.8,2019년 7월,월요일,서울특별시 광진구 구의동,경상사고,0,0,1,0,차대차 - 충돌,안전운전불이행,건조,맑음,단일로 - 기타,승용,남,31-40세,상해없음,이륜,남,13-20세,경상,2019,7
2019071700100179.2,2019년 7월,수요일,서울특별시 광진구 자양동,경상사고,0,0,1,0,차대차 - 충돌,안전운전불이행,건조,맑음,교차로 - 교차로안,화물,남,41-50세,상해없음,승용,남,61-64세,경상,2019,7
2019071700100352.0,2019년 7월,수요일,서울특별시 광진구 구의동,경상사고,0,0,1,0,차대차 - 기타,안전운전불이행,건조,맑음,기타 - 기타,자전거,남,20세 이하,경상,화물,남,41-50세,상해없음,2019,7
2019071700100472.0,2019년 7월,수요일,서울특별시 광진구 능동,중상사고,0,1,0,0,차대사람 - 횡단중,안전운전불이행,건조,맑음,단일로 - 기타,승용,여,41-50세,상해없음,보행자,여,21-30세,중상,2019,7
2019071800100584.0,2019년 7월,목요일,서울특별시 광진구 구의동,경상사고,0,0,1,0,차대차 - 충돌,신호위반,건조,맑음,단일로 - 기타,승용,남,41-50세,상해없음,자전거,여,51-60세,경상,2019,7
2019070000000000.0,2019년 7월,금요일,서울특별시 광진구 자양동,부상신고사고,0,0,0,1,차대사람 - 횡단중,보행자보호의무위반,건조,맑음,단일로 - 기타,승용,여,31-40세,상해없음,보행자,여,12세 이하,부상신고,2019,7
2019072000100387.2,2019년 7월,토요일,서울특별시 광진구 중곡동,경상사고,0,0,1,0,차대차 - 충돌,안전거리미확보,건조,맑음,단일로 - 기타,승용,남,41-50세,상해없음,승용,남,41-50세,경상,2019,7
2019072100100164.8,2019년 7월,일요일,서울특별시 광진구 구의동,중상사고,0,1,0,0,차대차 - 충돌,안전운전불이행,젖음/습기,흐림,단일로 - 기타,승용,남,31-40세,상해없음,원동기,남,65세 이상,중상,2019,7
2019072100100368.0,2019년 7월,일요일,서울특별시 광진구 화양동,경상사고,0,0,1,0,차대사람 - 차도통행중,안전운전불이행,건조,맑음,단일로 - 기타,승용,남,21-30세,상해없음,보행자,여,21-30세,경상,2019,7
2019072200100155.2,2019년 7월,월요일,서울특별시 광진구 자양동,경상사고,0,0,1,0,차대차 - 기타,안전운전불이행,기타,맑음,기타 - 기타,승용,남,21-30세,상해없음,승용,여,51-60세,경상,2019,7
2019072200100692.8,2019년 7월,월요일,서울특별시 광진구 자양동,중상사고,0,1,2,0,차대차 - 추돌,안전운전불이행,건조,맑음,단일로 - 기타,승용,남,31-40세,상해없음,승용,여,31-40세,중상,2019,7
2019072300100186.0,2019년 7월,화요일,서울특별시 광진구 광장동,경상사고,0,0,1,0,차대차 - 충돌,안전운전불이행,건조,맑음,단일로 - 기타,승용,남,21-30세,상해없음,승용,여,51-60세,경상,2019,7
2019072300100215.2,2019년 7월,화요일,서울특별시 광진구 자양동,경상사고,0,0,1,0,차대차 - 추돌,안전거리미확보,젖음/습기,비,단일로 - 기타,승용,여,31-40세,상해없음,승용,여,21-30세,경상,2019,7
2019072300100283.2,2019년 7월,화요일,서울특별시 광진구 구의동,경상사고,0,0,1,0,차대차 - 충돌,안전운전불이행,건조,맑음,교차로 - 교차로부근,자전거,여,65세 이상,경상,승용,남,65세 이상,상해없음,2019,7
2019072300100619.2,2019년 7월,화요일,서울특별시 광진구 구의동,경상사고,0,0,1,0,차대차 - 충돌,안전운전불이행,건조,맑음,단일로 - 기타,자전거,여,21-30세,경상,승용,여,31-40세,상해없음,2019,7
2019072400100048.8,2019년 7월,수요일,서울특별시 광진구 화양동,경상사고,0,0,1,0,차대사람 - 보도통행중,안전운전불이행,건조,맑음,교차로 - 교차로안,승용,남,31-40세,상해없음,보행자,여,21-30세,경상,2019,7
2019072400100508.8,2019년 7월,수요일,서울특별시 광진구 군자동,중상사고,0,1,3,0,차대차 - 충돌,안전운전불이행,건조,맑음,교차로 - 교차로안,승용,남,61-64세,상해없음,화물,남,41-50세,경상,2019,7
2019072400100591.2,2019년 7월,수요일,서울특별시 광진구 중곡동,경상사고,0,0,1,0,차대사람 - 횡단중,신호위반,건조,맑음,교차로 - 교차로안,승용,남,51-60세,상해없음,보행자,여,51-60세,경상,2019,7
2019072500100079.2,2019년 7월,목요일,서울특별시 광진구 구의동,중상사고,0,1,1,0,차대차 - 충돌,신호위반,젖음/습기,비,교차로 - 교차로안,승용,남,21-30세,상해없음,승용,남,65세 이상,경상,2019,7
2019072500100092.8,2019년 7월,목요일,서울특별시 광진구 능동,경상사고,0,0,1,0,차대사람 - 기타,기타,젖음/습기,비,단일로 - 기타,원동기,남,21-30세,상해없음,보행자,남,65세 이상,경상,2019,7
2019070000000000.0,2019년 7월,목요일,서울특별시 광진구 군자동,중상사고,0,1,1,0,차대차 - 추돌,안전운전불이행,건조,맑음,단일로 - 기타,승용,여,41-50세,상해없음,승용,남,65세 이상,중상,2019,7
2019072500100506.0,2019년 7월,목요일,서울특별시 광진구 자양동,경상사고,0,0,1,0,차대차 - 충돌,교차로운행방법위반,젖음/습기,비,교차로 - 교차로안,승용,여,31-40세,경상,승용,여,21-30세,상해없음,2019,7
2019072600100060.8,2019년 7월,금요일,서울특별시 광진구 구의동,중상사고,0,1,0,0,차대사람 - 차도통행중,안전운전불이행,젖음/습기,비,단일로 - 기타,승용,남,21-30세,상해없음,보행자,남,21-30세,중상,2019,7
2019072700100547.2,2019년 7월,토요일,서울특별시 광진구 화양동,경상사고,0,0,2,0,차대차 - 충돌,안전운전불이행,건조,맑음,교차로 - 교차로안,승용,남,31-40세,경상,승용,남,51-60세,경상,2019,7
2019072800100014.0,2019년 7월,일요일,서울특별시 광진구 자양동,중상사고,0,1,0,0,차대사람 - 횡단중,안전운전불이행,젖음/습기,비,단일로 - 기타,승용,남,65세 이상,상해없음,보행자,남,21-30세,중상,2019,7
2019072800100056.8,2019년 7월,일요일,서울특별시 광진구 자양동,경상사고,0,0,1,0,차대차 - 추돌,안전운전불이행,기타,맑음,단일로 - 기타,원동기,남,21-30세,경상,승용,남,41-50세,상해없음,2019,7
2019072800100152.8,2019년 7월,일요일,서울특별시 광진구 화양동,경상사고,0,0,3,0,차대차 - 충돌,교차로운행방법위반,건조,맑음,교차로 - 교차로안,승용,남,51-60세,상해없음,승용,남,31-40세,경상,2019,7
2019070000000000.0,2019년 7월,일요일,서울특별시 광진구 군자동,경상사고,0,0,1,0,차대차 - 기타,교차로운행방법위반,건조,맑음,교차로 - 교차로안,승합,남,21-30세,상해없음,이륜,남,31-40세,경상,2019,7
2019070000000000.0,2019년 7월,월요일,서울특별시 광진구 자양동,경상사고,0,0,2,0,차대차 - 충돌,교차로운행방법위반,건조,흐림,교차로 - 교차로안,승용,남,61-64세,상해없음,화물,남,31-40세,상해없음,2019,7
2019073000100072.0,2019년 7월,화요일,서울특별시 광진구 자양동,중상사고,0,6,1,0,차대차 - 충돌,과속,건조,맑음,단일로 - 교량,승용,여,20세 이하,중상,승용,남,41-50세,중상,2019,7
2019073000100612.0,2019년 7월,화요일,서울특별시 광진구 자양동,경상사고,0,0,1,0,차대차 - 기타,안전운전불이행,젖음/습기,흐림,단일로 - 기타,자전거,남,20세 이하,상해없음,자전거,여,31-40세,경상,2019,7
2019073100100063.2,2019년 7월,수요일,서울특별시 광진구 화양동,중상사고,0,1,0,0,차대사람 - 기타,안전운전불이행,젖음/습기,흐림,교차로 - 교차로부근,기타불명,기타불명,기타불명,기타불명,보행자,남,21-30세,중상,2019,7
2019073100100144.0,2019년 7월,수요일,서울특별시 광진구 중곡동,중상사고,0,1,0,0,차대차 - 충돌,신호위반,젖음/습기,비,단일로 - 기타,승용,남,51-60세,상해없음,이륜,남,51-60세,중상,2019,7
2019073100100431.2,2019년 7월,수요일,서울특별시 광진구 자양동,경상사고,0,0,1,0,차대차 - 추돌,안전거리미확보,건조,맑음,단일로 - 기타,화물,남,41-50세,상해없음,승용,남,31-40세,경상,2019,7
2019080100100100.8,2019년 8월,목요일,서울특별시 광진구 광장동,경상사고,0,0,1,0,차량단독 - 기타,안전운전불이행,건조,맑음,교차로 - 교차로안,승용,남,61-64세,상해없음,,,,,2019,8
2019080000000000.0,2019년 8월,목요일,서울특별시 광진구 중곡동,경상사고,0,0,1,0,차대차 - 충돌,차로위반,건조,맑음,단일로 - 기타,승용,남,61-64세,상해없음,이륜,남,41-50세,경상,2019,8
2019080100100644.8,2019년 8월,목요일,서울특별시 광진구 중곡동,중상사고,0,1,0,0,차대사람 - 길가장자리구역통행중,안전운전불이행,건조,맑음,교차로 - 교차로부근,승용,여,41-50세,상해없음,보행자,여,65세 이상,중상,2019,8
2019080200100027.2,2019년 8월,금요일,서울특별시 광진구 화양동,경상사고,0,0,2,0,차대차 - 충돌,중앙선침범,건조,맑음,교차로 - 교차로부근,승용,남,21-30세,상해없음,승용,남,31-40세,경상,2019,8
2019080200100403.2,2019년 8월,금요일,서울특별시 광진구 중곡동,경상사고,0,0,2,0,차대사람 - 기타,안전운전불이행,건조,맑음,단일로 - 기타,승용,남,65세 이상,상해없음,보행자,남,12세 이하,경상,2019,8
2019080300100039.2,2019년 8월,토요일,서울특별시 광진구 화양동,경상사고,0,0,2,0,차대차 - 충돌,불법유턴,건조,맑음,교차로 - 교차로안,승용,남,51-60세,상해없음,승용,남,65세 이상,경상,2019,8
2019080300100182.0,2019년 8월,토요일,서울특별시 광진구 군자동,중상사고,0,1,0,0,차대차 - 기타,안전운전불이행,기타,맑음,단일로 - 기타,이륜,남,31-40세,중상,승합,남,65세 이상,상해없음,2019,8
2019080300100354.0,2019년 8월,토요일,서울특별시 광진구 광장동,경상사고,0,0,4,0,차대차 - 충돌,교차로운행방법위반,건조,맑음,교차로 - 교차로부근,승용,여,65세 이상,상해없음,승용,남,41-50세,경상,2019,8
2019080400100352.8,2019년 8월,일요일,서울특별시 광진구 광장동,부상신고사고,0,0,0,1,차량단독 - 전도전복,안전운전불이행,젖음/습기,비,단일로 - 기타,원동기,남,31-40세,부상신고,,,,,2019,8
2019080000000000.0,2019년 8월,월요일,서울특별시 광진구 자양동,경상사고,0,0,1,0,차대차 - 충돌,안전운전불이행,건조,맑음,교차로 - 교차로부근,승용,여,41-50세,상해없음,승용,남,41-50세,경상,2019,8
2019080000000000.0,2019년 8월,월요일,서울특별시 광진구 광장동,경상사고,0,0,1,0,차대차 - 추돌,안전운전불이행,건조,맑음,교차로 - 교차로부근,승용,남,51-60세,상해없음,화물,남,41-50세,경상,2019,8
2019080600100244.0,2019년 8월,화요일,서울특별시 광진구 자양동,경상사고,0,0,3,0,차대차 - 추돌,안전거리미확보,건조,맑음,단일로 - 기타,승용,남,65세 이상,상해없음,승용,남,51-60세,경상,2019,8
2019080600100351.2,2019년 8월,화요일,서울특별시 광진구 군자동,중상사고,0,1,0,1,차량단독 - 충돌,안전운전불이행,건조,맑음,교차로 - 교차로안,화물,남,51-60세,부상신고,,,,,2019,8
2019080600100532.0,2019년 8월,화요일,서울특별시 광진구 광장동,중상사고,0,1,0,0,차대차 - 기타,안전운전불이행,건조,맑음,단일로 - 기타,개인형이동수단(PM),남,21-30세,상해없음,자전거,남,51-60세,중상,2019,8
2019080600100674.0,2019년 8월,화요일,서울특별시 광진구 군자동,경상사고,0,0,1,0,차대사람 - 기타,안전운전불이행,젖음/습기,흐림,단일로 - 기타,승용,남,61-64세,상해없음,보행자,남,21-30세,경상,2019,8
2019080000000000.0,2019년 8월,목요일,서울특별시 광진구 군자동,경상사고,0,0,1,0,차대사람 - 기타,안전운전불이행,건조,맑음,교차로 - 교차로부근,승용,남,21-30세,상해없음,보행자,남,51-60세,경상,2019,8
2019080900100238.0,2019년 8월,금요일,서울특별시 광진구 자양동,중상사고,0,1,0,0,차대사람 - 기타,안전운전불이행,건조,맑음,단일로 - 기타,승용,여,65세 이상,상해없음,보행자,남,12세 이하,중상,2019,8
2019081000100556.0,2019년 8월,토요일,서울특별시 광진구 구의동,중상사고,0,1,0,0,차대사람 - 기타,안전운전불이행,건조,맑음,단일로 - 기타,승합,남,31-40세,상해없음,보행자,여,61-64세,중상,2019,8
2019081000100679.2,2019년 8월,토요일,서울특별시 광진구 중곡동,경상사고,0,0,2,0,차대차 - 충돌,신호위반,건조,맑음,교차로 - 교차로안,승용,남,31-40세,기타불명,승용,남,31-40세,경상,2019,8
2019080000000000.0,2019년 8월,일요일,서울특별시 광진구 중곡동,중상사고,0,1,0,0,차대차 - 기타,신호위반,건조,맑음,교차로 - 교차로안,승용,남,61-64세,상해없음,자전거,여,13-20세,중상,2019,8
2019081100100128.0,2019년 8월,일요일,서울특별시 광진구 자양동,중상사고,0,1,0,0,차대사람 - 기타,안전운전불이행,건조,맑음,단일로 - 기타,승용,남,41-50세,상해없음,보행자,남,65세 이상,중상,2019,8
2019081100100204.8,2019년 8월,일요일,서울특별시 광진구 능동,중상사고,0,1,0,0,차대차 - 충돌,안전운전불이행,기타,맑음,교차로 - 교차로안,화물,남,61-64세,상해없음,이륜,남,31-40세,중상,2019,8