사고번호,발생년월,요일,시군구,사고내용,사망자수,중상자수,경상자수,부상신고자수,사고유형,법규위반,노면상태,기상상태,도로형태,가해운전자 차종,가해운전자 성별,가해운전자 연령대,가해운전자 상해정도,피해운전자 차종,피해운전자 성별,피해운전자 연령대,피해운전자 상해정도,발생년도,발생월
2019080000000000.0,2019년 8월,일요일,서울특별시 광진구 구의동,경상사고,0,0,1,0,차대차 - 충돌,안전운전불이행,건조,맑음,단일로 - 기타,승용,남,31-40세,상해없음,승용,남,65세 이상,경상,2019,8
2019081100100504.0,2019년 8월,일요일,서울특별시 광진구 화양동,부상신고사고,0,0,0,1,차량단독 - 기타,안전운전불이행,젖음/습기,비,단일로 - 기타,이륜,남,31-40세,부상신고,,,,,2019,8
2019081200100176.0,2019년 8월,월요일,서울특별시 광진구 광장동,경상사고,0,0,1,0,차대사람 - 횡단중,안전운전불이행,젖음/습기,비,기타 - 기타,개인형이동수단(PM),남,51-60세,상해없음,보행자,남,41-50세,경상,2019,8
2019081200100472.0,2019년 8월,월요일,서울특별시 광진구 중곡동,부상신고사고,0,0,0,1,차대차 - 충돌,불법유턴,건조,맑음,교차로 - 교차로부근,승용,남,41-50세,상해없음,승용,남,65세 이상,부상신고,2019,8
2019081200100691.2,2019년 8월,월요일,서울특별시 광진구 자양동,중상사고,0,1,0,0,차대사람 - 기타,안전운전불이행,건조,맑음,단일로 - 기타,이륜,남,20세 이하,상해없음,보행자,여,65세 이상,중상,2019,8
2019081300100108.0,2019년 8월,화요일,서울특별시 광진구 군자동,경상사고,0,0,1,0,차대차 - 충돌,교차로운행방법위반,건조,맑음,교차로 - 교차로안,자전거,여,51-60세,경상,승용,남,41-50세,상해없음,2019,8
2019080000000000.0,2019년 8월,화요일,서울특별시 광진구 자양동,중상사고,0,1,0,0,차대차 - 충돌,안전운전불이행,건조,맑음,단일로 - 기타,자전거,남,65세 이상,중상,승용,남,41-50세,상해없음,2019,8
2019081300100464.0,2019년 8월,화요일,서울특별시 광진구 중곡동,경상사고,0,0,1,0,차대차 - 충돌,안전운전불이행,건조,맑음,단일로 - 기타,승합,남,31-40세,상해없음,승용,여,31-40세,상해없음,2019,8
2019081400100047.2,2019년 8월,수요일,서울특별시 광진구 군자동,경상사고,0,0,1,0,차대차 - 충돌,직진우회전진행방해,건조,맑음,교차로 - 교차로안,승용,남,51-60세,상해없음,원동기,남,21-30세,경상,2019,8
2019081400100308.0,2019년 8월,수요일,서울특별시 광진구 자양동,경상사고,0,0,1,0,차대차 - 기타,안전운전불이행,건조,맑음,단일로 - 기타,승용,남,41-50세,상해없음,이륜,남,31-40세,경상,2019,8
2019081400100558.0,2019년 8월,수요일,서울특별시 광진구 자양동,중상사고,0,1,1,0,차대차 - 추돌,안전운전불이행,건조,맑음,단일로 - 교량,승용,남,20세 이하,상해없음,승용,여,51-60세,중상,2019,8
2019081400100783.2,2019년 8월,수요일,서울특별시 광진구 군자동,중상사고,0,1,3,0,차대차 - 충돌,불법유턴,건조,맑음,단일로 - 기타,승용,남,51-60세,상해없음,승용,남,61-64세,경상,2019,8
2019081500100448.8,2019년 8월,목요일,서울특별시 광진구 구의동,경상사고,0,0,1,0,차대차 - 충돌,안전운전불이행,건조,맑음,단일로 - 기타,승용,남,41-50세,상해없음,승합,남,51-60세,상해없음,2019,8
2019081500100478.0,2019년 8월,목요일,서울특별시 광진구 구의동,경상사고,0,0,1,0,차대차 - 추돌,안전운전불이행,건조,맑음,교차로 - 교차로부근,승용,여,21-30세,상해없음,승용,여,31-40세,경상,2019,8
2019081600100299.2,2019년 8월,금요일,서울특별시 광진구 중곡동,중상사고,0,1,0,0,차대사람 - 기타,안전운전불이행,건조,맑음,기타 - 기타,승용,남,65세 이상,상해없음,보행자,여,51-60세,중상,2019,8
2019081600100379.2,2019년 8월,금요일,서울특별시 광진구 자양동,중상사고,0,1,0,0,차대사람 - 기타,안전운전불이행,건조,맑음,기타 - 기타,승용,여,31-40세,상해없음,보행자,여,65세 이상,중상,2019,8
2019081600100422.0,2019년 8월,금요일,서울특별시 광진구 광장동,경상사고,0,0,5,0,차대차 - 추돌,안전운전불이행,건조,맑음,교차로 - 교차로부근,승용,남,41-50세,상해없음,승용,남,51-60세,경상,2019,8
2019081600100683.2,2019년 8월,금요일,서울특별시 광진구 자양동,경상사고,0,0,2,0,차대사람 - 기타,안전운전불이행,건조,맑음,단일로 - 기타,개인형이동수단(PM),남,20세 이하,경상,보행자,여,13-20세,경상,2019,8
2019081700100036.0,2019년 8월,토요일,서울특별시 광진구 능동,중상사고,0,1,3,0,차대차 - 추돌,안전운전불이행,기타,맑음,교차로 - 교차로안,승용,남,51-60세,상해없음,승용,여,61-64세,중상,2019,8
2019081700100068.0,2019년 8월,토요일,서울특별시 광진구 구의동,경상사고,0,0,1,0,차대차 - 충돌,신호위반,건조,맑음,교차로 - 교차로부근,승용,남,65세 이상,상해없음,승용,남,31-40세,경상,2019,8
2019081700100184.8,2019년 8월,토요일,서울특별시 광진구 구의동,경상사고,0,0,2,0,차대차 - 충돌,교차로운행방법위반,건조,맑음,교차로 - 교차로안,승용,여,51-60세,상해없음,승용,남,65세 이상,경상,2019,8
2019081700100582.0,2019년 8월,토요일,서울특별시 광진구 중곡동,경상사고,0,0,4,0,차대차 - 기타,안전운전불이행,건조,맑음,단일로 - 기타,승용,남,41-50세,상해없음,승용,남,31-40세,경상,2019,8
2019081700100638.0,2019년 8월,토요일,서울특별시 광진구 군자동,경상사고,0,0,1,0,차량단독 - 기타,안전운전불이행,건조,맑음,단일로 - 기타,개인형이동수단(PM),남,31-40세,경상,,,,,2019,8
2019081800100254.0,2019년 8월,일요일,서울특별시 광진구 군자동,중상사고,0,1,3,0,차대차 - 추돌,안전운전불이행,건조,맑음,단일로 - 기타,승용,남,61-64세,상해없음,승용,남,31-40세,중상,2019,8
2019081800100279.2,2019년 8월,일요일,서울특별시 광진구 구의동,경상사고,0,0,1,0,차대차 - 충돌,안전운전불이행,건조,맑음,주차장 - 주차장,승용,남,31-40세,상해없음,승용,남,21-30세,경상,2019,8
2019081900100187.2,2019년 8월,월요일,서울특별시 광진구 화양동,중상사고,0,1,0,0,차대차 - 충돌,신호위반,건조,맑음,교차로 - 교차로안,승용,여,51-60세,상해없음,이륜,남,61-64세,중상,2019,8
2019081900100312.0,2019년 8월,월요일,서울특별시 광진구 구의동,경상사고,0,0,1,0,차대사람 - 횡단중,보행자보호의무위반,건조,맑음,단일로 - 기타,승용,남,41-50세,상해없음,보행자,남,31-40세,경상,2019,8
2019080000000000.0,2019년 8월,월요일,서울특별시 광진구 구의동,경상사고,0,0,1,0,차대사람 - 길가장자리구역통행중,안전운전불이행,건조,맑음,단일로 - 기타,승용,남,51-60세,상해없음,보행자,남,65세 이상,경상,2019,8
2019081900100412.0,2019년 8월,월요일,서울특별시 광진구 화양동,경상사고,0,0,2,0,차대차 - 충돌,안전운전불이행,건조,맑음,교차로 - 교차로안,승용,남,20세 이하,경상,승용,남,65세 이상,상해없음,2019,8
2019081900100538.0,2019년 8월,월요일,서울특별시 광진구 구의동,경상사고,0,0,2,0,차대차 - 기타,안전운전불이행,기타,맑음,교차로 - 교차로안,승용,남,41-50세,경상,승용,여,13-20세,경상,2019,8
2019081900100562.0,2019년 8월,월요일,서울특별시 광진구 화양동,경상사고,0,0,1,0,차대사람 - 기타,안전운전불이행,건조,맑음,교차로 - 교차로안,승용,남,21-30세,상해없음,보행자,남,31-40세,경상,2019,8
2019082000100072.0,2019년 8월,화요일,서울특별시 광진구 중곡동,중상사고,0,1,0,0,차대차 - 추돌,안전운전불이행,건조,맑음,교차로 - 교차로안,승용,남,41-50세,상해없음,화물,남,61-64세,중상,2019,8
2019082000100072.8,2019년 8월,화요일,서울특별시 광진구 구의동,경상사고,0,0,1,0,차대사람 - 차도통행중,안전운전불이행,기타,맑음,기타 - 기타,화물,남,51-60세,기타불명,보행자,여,65세 이상,경상,2019,8
2019082000100288.8,2019년 8월,화요일,서울특별시 광진구 화양동,경상사고,0,0,1,0,차대차 - 충돌,안전운전불이행,건조,맑음,단일로 - 기타,이륜,남,61-64세,상해없음,이륜,남,21-30세,경상,2019,8
2019082000100316.0,2019년 8월,화요일,서울특별시 광진구 자양동,경상사고,0,0,1,0,차대차 - 추돌,안전거리미확보,건조,맑음,단일로 - 기타,승용,여,51-60세,상해없음,승용,남,21-30세,경상,2019,8
2019082100100182.0,2019년 8월,수요일,서울특별시 광진구 구의동,경상사고,0,0,1,0,차대사람 - 횡단중,신호위반,건조,맑음,교차로 - 교차로횡단보도내,이륜,남,20세 이하,상해없음,보행자,여,65세 이상,경상,2019,8
2019082100100432.0,2019년 8월,수요일,서울특별시 광진구 자양동,경상사고,0,0,3,0,차대차 - 추돌,안전운전불이행,건조,맑음,단일로 - 기타,승용,남,61-64세,상해없음,승용,남,51-60세,경상,2019,8
2019082100100538.0,2019년 8월,수요일,서울특별시 광진구 광장동,경상사고,0,0,3,0,차대차 - 추돌,안전운전불이행,기타,맑음,교차로 - 교차로부근,승합,남,31-40세,상해없음,승합,남,51-60세,상해없음,2019,8
2019082200100104.8,2019년 8월,목요일,서울특별시 광진구 중곡동,경상사고,0,0,2,0,차대차 - 충돌,불법유턴,건조,맑음,단일로 - 기타,화물,남,65세 이상,상해없음,승용,남,31-40세,경상,2019,8
2019080000000000.0,2019년 8월,목요일,서울특별시 광진구 자양동,경상사고,0,0,2,0,차대차 - 충돌,교차로운행방법위반,건조,맑음,교차로 - 교차로부근,승용,남,21-30세,상해없음,승용,여,21-30세,경상,2019,8
2019082300100336.0,2019년 8월,금요일,서울특별시 광진구 군자동,경상사고,0,0,1,0,차대사람 - 횡단중,보행자보호의무위반,건조,맑음,단일로 - 기타,승용,여,31-40세,상해없음,보행자,남,12세 이하,경상,2019,8
2019082400100028.0,2019년 8월,토요일,서울특별시 광진구 자양동,부상신고사고,0,0,0,1,차대사람 - 기타,안전운전불이행,건조,맑음,교차로 - 교차로부근,승용,남,21-30세,기타불명,보행자,남,21-30세,부상신고,2019,8
2019082400100107.2,2019년 8월,토요일,서울특별시 광진구 능동,경상사고,0,0,1,0,차대차 - 추돌,안전거리미확보,건조,맑음,단일로 - 기타,승용,남,31-40세,상해없음,승용,남,61-64세,경상,2019,8
2019082400100192.8,2019년 8월,토요일,서울특별시 광진구 자양동,경상사고,0,0,1,0,차대차 - 충돌,안전운전불이행,건조,맑음,교차로 - 교차로부근,건설기계,남,31-40세,상해없음,승용,남,13-20세,경상,2019,8
2019082500100052.8,2019년 8월,일요일,서울특별시 광진구 군자동,경상사고,0,0,2,0,차대차 - 충돌,안전운전불이행,건조,맑음,교차로 - 교차로안,승용,남,65세 이상,상해없음,승용,남,61-64세,경상,2019,8
2019082500100379.2,2019년 8월,일요일,서울특별시 광진구 중곡동,경상사고,0,0,1,0,차대사람 - 기타,안전운전불이행,건조,맑음,교차로 - 교차로부근,승용,남,51-60세,상해없음,보행자,여,41-50세,경상,2019,8
2019080000000000.0,2019년 8월,일요일,서울특별시 광진구 군자동,경상사고,0,0,1,0,차대차 - 추돌,안전거리미확보,건조,맑음,단일로 - 기타,승합,남,31-40세,상해없음,이륜,남,31-40세,경상,2019,8
2019082600100136.0,2019년 8월,월요일,서울특별시 광진구 자양동,경상사고,0,0,1,0,차대차 - 충돌,안전거리미확보,건조,맑음,단일로 - 기타,화물,남,41-50세,상해없음,승용,여,31-40세,경상,2019,8
2019082600100447.2,2019년 8월,월요일,서울특별시 광진구 자양동,경상사고,0,0,1,0,차대차 - 추돌,안전운전불이행,건조,맑음,단일로 - 기타,승용,남,65세 이상,상해없음,승용,남,51-60세,경상,2019,8
2019082700100032.8,2019년 8월,화요일,서울특별시 광진구 능동,중상사고,0,1,4,0,차대차 - 추돌,안전운전불이행,건조,맑음,기타 - 기타,승용,남,51-60세,상해없음,승용,남,61-64세,중상,2019,8
2019082700100379.2,2019년 8월,화요일,서울특별시 광진구 구의동,경상사고,0,0,1,0,차대차 - 충돌,신호위반,기타,맑음,기타 - 기타,승용,남,61-64세,상해없음,승용,여,61-64세,경상,2019,8
2019080000000000.0,2019년 8월,화요일,서울특별시 광진구 군자동,부상신고사고,0,0,0,1,차량단독 - 기타,안전운전불이행,건조,맑음,단일로 - 기타,승합,남,51-60세,상해없음,,,,,2019,8
2019082800100091.2,2019년 8월,수요일,서울특별시 광진구 자양동,경상사고,0,0,2,0,차대차 - 충돌,직진우회전진행방해,건조,맑음,교차로 - 교차로안,승용,남,65세 이상,상해없음,승용,여,51-60세,경상,2019,8
2019082800100319.2,2019년 8월,수요일,서울특별시 광진구 구의동,중상사고,0,1,0,0,차대차 - 충돌,교차로운행방법위반,건조,맑음,교차로 - 교차로안,화물,남,41-50세,상해없음,자전거,남,21-30세,중상,2019,8
2019082900100028.0,2019년 8월,목요일,서울특별시 광진구 능동,경상사고,0,0,1,0,차대차 - 추돌,안전운전불이행,건조,맑음,단일로 - 기타,화물,남,41-50세,상해없음,승용,남,51-60세,경상,2019,8
2019082900100168.8,2019년 8월,목요일,서울특별시 광진구 자양동,경상사고,0,0,2,0,차대차 - 기타,신호위반,건조,맑음,교차로 - 교차로안,승용,여,61-64세,상해없음,이륜,남,41-50세,경상,2019,8
2019082900100399.2,2019년 8월,목요일,서울특별시 광진구 자양동,경상사고,0,0,2,0,차대차 - 기타,불법유턴,건조,맑음,교차로 - 교차로안,이륜,남,21-30세,상해없음,승용,남,31-40세,경상,2019,8
2019082900100558.0,2019년 8월,목요일,서울특별시 광진구 구의동,부상신고사고,0,0,0,1,차대차 - 기타,안전거리미확보,건조,맑음,단일로 - 기타,원동기,남,31-40세,부상신고,승합,남,41-50세,상해없음,2019,8
2019083000100042.0,2019년 8월,금요일,서울특별시 광진구 중곡동,경상사고,0,0,3,0,차대차 - 충돌,신호위반,건조,맑음,교차로 - 교차로안,승용,남,61-64세,상해없음,승용,남,61-64세,경상,2019,8
2019083000100283.2,2019년 8월,금요일,서울특별시 광진구 자양동,중상사고,0,1,1,0,차대차 - 기타,안전운전불이행,건조,맑음,교차로 - 교차로안,승용,남,65세 이상,상해없음,승용,여,41-50세,경상,2019,8
2019083000100507.2,2019년 8월,금요일,서울특별시 광진구 광장동,경상사고,0,0,1,0,차대차 - 충돌,차로위반,건조,맑음,단일로 - 기타,승용,남,51-60세,상해없음,승용,남,31-40세,경상,2019,8
2019083000100571.2,2019년 8월,금요일,서울특별시 광진구 화양동,경상사고,0,0,1,0,차대사람 - 길가장자리구역통행중,안전운전불이행,건조,맑음,단일로 - 기타,승용,여,41-50세,상해없음,보행자,남,21-30세,경상,2019,8
2019083000100796.8,2019년 8월,금요일,서울특별시 광진구 화양동,경상사고,0,0,1,0,차대사람 - 기타,안전운전불이행,건조,맑음,단일로 - 기타,승용,남,21-30세,상해없음,보행자,남,21-30세,경상,2019,8
2019080000000000.0,2019년 8월,토요일,서울특별시 광진구 군자동,중상사고,0,1,0,0,차대사람 - 차도통행중,안전운전불이행,건조,맑음,단일로 - 기타,승용,여,20세 이하,상해없음,보행자,남,31-40세,중상,2019,8
2019083100100243.2,2019년 8월,토요일,서울특별시 광진구 구의동,경상사고,0,0,1,0,차대사람 - 횡단중,안전운전불이행,건조,맑음,기타 - 기타,승용,남,41-50세,상해없음,보행자,여,21-30세,경상,2019,8
2019083100100354.0,2019년 8월,토요일,서울특별시 광진구 자양동,중상사고,0,1,0,0,차대사람 - 차도통행중,안전운전불이행,건조,맑음,단일로 - 기타,승용,남,51-60세,상해없음,보행자,남,51-60세,중상,2019,8
2019083100100523.2,2019년 8월,토요일,서울특별시 광진구 광장동,경상사고,0,0,1,0,차대사람 - 기타,안전운전불이행,기타,맑음,기타 - 기타,화물,남,41-50세,상해없음,보행자,남,21-30세,경상,2019,8
2019083100100567.2,2019년 8월,토요일,서울특별시 광진구 구의동,경상사고,0,0,1,0,차대차 - 기타,안전거리미확보,건조,맑음,단일로 - 기타,승용,남,65세 이상,상해없음,승용,여,41-50세,경상,2019,8
2019090100100148.0,2019년 9월,일요일,서울특별시 광진구 화양동,경상사고,0,0,2,0,차대사람 - 기타,안전거리미확보,건조,맑음,교차로 - 교차로부근,승용,남,31-40세,상해없음,보행자,여,13-20세,경상,2019,9
2019090100100479.2,2019년 9월,일요일,서울특별시 광진구 군자동,경상사고,0,0,2,0,차대차 - 기타,안전운전불이행,건조,맑음,교차로 - 교차로안,승용,여,31-40세,상해없음,승용,여,21-30세,경상,2019,9
2019090200100174.0,2019년 9월,월요일,서울특별시 광진구 중곡동,경상사고,0,0,3,0,차대차 - 추돌,안전운전불이행,기타,맑음,기타 - 기타,건설기계,남,61-64세,기타불명,승용,여,51-60세,경상,2019,9
2019090200100215.2,2019년 9월,월요일,서울특별시 광진구 구의동,중상사고,0,1,1,0,차대차 - 충돌,안전거리미확보,건조,맑음,단일로 - 기타,건설기계,남,41-50세,상해없음,승용,남,65세 이상,중상,2019,9
2019090200100251.2,2019년 9월,월요일,서울특별시 광진구 능동,경상사고,0,0,1,0,차대차 - 추돌,안전운전불이행,건조,맑음,단일로 - 기타,승용,남,65세 이상,상해없음,승용,여,31-40세,경상,2019,9
2019090200100288.8,2019년 9월,월요일,서울특별시 광진구 자양동,중상사고,0,1,0,0,차대차 - 충돌,교차로운행방법위반,건조,맑음,교차로 - 교차로안,자전거,여,51-60세,중상,이륜,남,21-30세,상해없음,2019,9
2019090200100327.2,2019년 9월,월요일,서울특별시 광진구 중곡동,경상사고,0,0,1,0,차대차 - 충돌,중앙선침범,건조,맑음,단일로 - 기타,이륜,남,65세 이상,경상,승용,남,41-50세,상해없음,2019,9
2019090300100326.0,2019년 9월,화요일,서울특별시 광진구 구의동,중상사고,0,1,2,0,차대차 - 추돌,안전운전불이행,건조,맑음,단일로 - 기타,승용,남,51-60세,상해없음,승용,남,61-64세,경상,2019,9
2019090300100327.2,2019년 9월,화요일,서울특별시 광진구 자양동,경상사고,0,0,2,0,차대차 - 추돌,안전운전불이행,기타,맑음,교차로 - 교차로안,승용,남,41-50세,상해없음,승용,여,41-50세,경상,2019,9
2019090300100364.0,2019년 9월,화요일,서울특별시 광진구 중곡동,중상사고,0,1,0,0,차대사람 - 횡단중,신호위반,건조,맑음,교차로 - 교차로횡단보도내,승용,남,51-60세,상해없음,보행자,여,51-60세,중상,2019,9
2019090400100019.2,2019년 9월,수요일,서울특별시 광진구 자양동,경상사고,0,0,1,0,차대사람 - 기타,안전운전불이행,건조,맑음,단일로 - 기타,이륜,남,21-30세,상해없음,보행자,남,21-30세,경상,2019,9
2019090000000000.0,2019년 9월,수요일,서울특별시 광진구 자양동,경상사고,0,0,1,0,차대차 - 충돌,교차로운행방법위반,젖음/습기,비,교차로 - 교차로부근,승용,남,51-60세,상해없음,승용,남,31-40세,경상,2019,9
2019090400100338.0,2019년 9월,수요일,서울특별시 광진구 자양동,중상사고,0,1,0,0,차대차 - 기타,안전거리미확보,건조,맑음,단일로 - 기타,승용,남,41-50세,기타불명,승합,남,61-64세,상해없음,2019,9
2019090400100382.0,2019년 9월,수요일,서울특별시 광진구 화양동,경상사고,0,0,1,0,차대차 - 기타,교차로운행방법위반,건조,맑음,교차로 - 교차로안,승용,남,65세 이상,상해없음,원동기,남,21-30세,경상,2019,9
2019090400100638.0,2019년 9월,수요일,서울특별시 광진구 구의동,중상사고,0,2,2,0,차대차 - 충돌,중앙선침범,건조,맑음,교차로 - 교차로안,승용,남,21-30세,상해없음,승용,남,41-50세,중상,2019,9
2019090500100055.2,2019년 9월,목요일,서울특별시 광진구 화양동,경상사고,0,0,2,0,차대차 - 충돌,교차로운행방법위반,건조,맑음,교차로 - 교차로안,승용,남,51-60세,경상,승용,남,21-30세,상해없음,2019,9
2019090500100342.0,2019년 9월,목요일,서울특별시 광진구 자양동,중상사고,0,1,0,0,차대사람 - 기타,안전운전불이행,젖음/습기,비,단일로 - 기타,승합,남,41-50세,상해없음,보행자,여,65세 이상,중상,2019,9
2019090600100102.0,2019년 9월,금요일,서울특별시 광진구 구의동,경상사고,0,0,1,0,차대차 - 추돌,안전운전불이행,건조,맑음,교차로 - 교차로안,화물,남,31-40세,상해없음,승용,남,31-40세,경상,2019,9
2019090600100224.0,2019년 9월,금요일,서울특별시 광진구 자양동,경상사고,0,0,1,0,차대차 - 충돌,교차로운행방법위반,건조,맑음,교차로 - 교차로안,승용,여,21-30세,상해없음,이륜,남,21-30세,경상,2019,9
2019090600100224.8,2019년 9월,금요일,서울특별시 광진구 구의동,경상사고,0,0,1,0,차대차 - 추돌,안전운전불이행,건조,맑음,단일로 - 기타,승용,남,65세 이상,상해없음,승용,남,65세 이상,경상,2019,9
2019090600100287.2,2019년 9월,금요일,서울특별시 광진구 군자동,경상사고,0,0,1,0,차대차 - 충돌,안전운전불이행,건조,맑음,단일로 - 기타,승합,남,61-64세,상해없음,승합,남,51-60세,상해없음,2019,9
2019090700100072.0,2019년 9월,토요일,서울특별시 광진구 군자동,경상사고,0,0,1,0,차대차 - 기타,안전거리미확보,건조,맑음,단일로 - 기타,승용,남,61-64세,상해없음,승용,남,65세 이상,상해없음,2019,9
2019090700100163.2,2019년 9월,토요일,서울특별시 광진구 자양동,중상사고,0,1,0,0,차대차 - 충돌,신호위반,건조,맑음,교차로 - 교차로안,승합,여,41-50세,상해없음,이륜,남,41-50세,중상,2019,9
2019090700100278.0,2019년 9월,토요일,서울특별시 광진구 중곡동,경상사고,0,0,1,0,차대차 - 충돌,신호위반,건조,맑음,단일로 - 기타,승용,남,41-50세,상해없음,원동기,남,31-40세,경상,2019,9
2019090700100435.2,2019년 9월,토요일,서울특별시 광진구 구의동,경상사고,0,0,1,0,차대차 - 충돌,교차로운행방법위반,젖음/습기,비,교차로 - 교차로부근,승용,남,65세 이상,상해없음,승용,남,21-30세,경상,2019,9
2019090700100436.0,2019년 9월,토요일,서울특별시 광진구 군자동,경상사고,0,0,2,0,차대차 - 추돌,안전운전불이행,건조,맑음,단일로 - 기타,승용,남,51-60세,상해없음,승용,남,51-60세,경상,2019,9
2019090800100019.2,2019년 9월,일요일,서울특별시 광진구 화양동,중상사고,0,1,0,0,차대사람 - 기타,교차로운행방법위반,건조,맑음,교차로 - 교차로안,승용,남,41-50세,상해없음,보행자,남,13-20세,중상,2019,9
2019090000000000.0,2019년 9월,월요일,서울특별시 광진구 능동,중상사고,0,1,0,0,차대사람 - 횡단중,안전운전불이행,건조,맑음,교차로 - 교차로부근,승용,남,41-50세,상해없음,보행자,여,31-40세,중상,2019,9
2019090900100352.0,2019년 9월,월요일,서울특별시 광진구 중곡동,중상사고,0,1,0,0,차대사람 - 횡단중,안전운전불이행,건조,맑음,단일로 - 기타,승용,남,65세 이상,상해없음,보행자,여,51-60세,중상,2019,9
2019091000100342.0,2019년 9월,화요일,서울특별시 광진구 중곡동,중상사고,0,1,0,0,차대차 - 기타,교차로운행방법위반,건조,흐림,교차로 - 교차로안,승용,여,51-60세,상해없음,이륜,남,41-50세,중상,2019,9
2019091000100784.0,2019년 9월,화요일,서울특별시 광진구 광장동,중상사고,0,1,0,0,차대차 - 추돌,안전운전불이행,젖음/습기,비,단일로 - 기타,승용,남,41-50세,상해없음,승용,남,41-50세,중상,2019,9
2019091100100092.0,2019년 9월,수요일,서울특별시 광진구 구의동,중상사고,0,1,0,0,차대사람 - 기타,안전운전불이행,젖음/습기,흐림,단일로 - 기타,승용,남,21-30세,상해없음,보행자,남,65세 이상,중상,2019,9
2019091100100327.2,2019년 9월,수요일,서울특별시 광진구 구의동,부상신고사고,0,0,0,1,차대차 - 충돌,안전거리미확보,건조,맑음,교차로 - 교차로안,이륜,남,20세 이하,부상신고,승용,남,31-40세,상해없음,2019,9
2019090000000000.0,2019년 9월,수요일,서울특별시 광진구 군자동,중상사고,0,1,0,0,차대차 - 충돌,안전운전불이행,건조,맑음,단일로 - 기타,승용,남,61-64세,상해없음,화물,남,51-60세,상해없음,2019,9
2019091100100456.0,2019년 9월,수요일,서울특별시 광진구 중곡동,경상사고,0,0,2,0,차대차 - 충돌,안전운전불이행,건조,맑음,단일로 - 기타,승용,남,51-60세,경상,승용,남,41-50세,경상,2019,9
2019091100100456.8,2019년 9월,수요일,서울특별시 광진구 중곡동,경상사고,0,0,1,0,차대차 - 충돌,교차로운행방법위반,건조,맑음,교차로 - 교차로부근,승용,남,61-64세,상해없음,승용,여,41-50세,경상,2019,9
2019091100100688.0,2019년 9월,수요일,서울특별시 광진구 구의동,부상신고사고,0,0,0,1,차대차 - 충돌,안전운전불이행,건조,맑음,교차로 - 교차로안,자전거,남,20세 이하,부상신고,승합,남,41-50세,상해없음,2019,9
2019091100100688.8,2019년 9월,수요일,서울특별시 광진구 광장동,경상사고,0,0,1,0,차대차 - 충돌,안전거리미확보,건조,맑음,단일로 - 기타,승용,여,65세 이상,상해없음,승용,남,21-30세,경상,2019,9
2019091200100488.8,2019년 9월,목요일,서울특별시 광진구 자양동,중상사고,0,1,0,0,차대차 - 기타,차로위반,젖음/습기,비,단일로 - 기타,승용,남,61-64세,상해없음,원동기,남,41-50세,중상,2019,9
2019091300100055.2,2019년 9월,금요일,서울특별시 광진구 구의동,경상사고,0,0,1,0,차대차 - 추돌,안전운전불이행,건조,맑음,교차로 - 교차로안,승용,여,20세 이하,상해없음,승용,남,51-60세,경상,2019,9
2019091300100320.8,2019년 9월,금요일,서울특별시 광진구 군자동,중상사고,0,1,3,0,차대차 - 충돌,안전거리미확보,건조,맑음,단일로 - 기타,승용,남,51-60세,상해없음,승용,남,41-50세,경상,2019,9
2019091400100122.0,2019년 9월,토요일,서울특별시 광진구 군자동,경상사고,0,0,1,0,차대차 - 충돌,기타,건조,흐림,단일로 - 기타,승용,남,61-64세,상해없음,자전거,남,61-64세,경상,2019,9
2019091400100123.2,2019년 9월,토요일,서울특별시 광진구 중곡동,경상사고,0,0,1,0,차대차 - 충돌,교차로운행방법위반,건조,맑음,교차로 - 교차로안,승용,남,31-40세,상해없음,승용,남,21-30세,경상,2019,9
2019091400100218.0,2019년 9월,토요일,서울특별시 광진구 자양동,경상사고,0,0,1,0,차대사람 - 기타,안전운전불이행,젖음/습기,비,단일로 - 기타,자전거,남,41-50세,상해없음,보행자,여,51-60세,경상,2019,9
2019091400100219.2,2019년 9월,토요일,서울특별시 광진구 화양동,경상사고,0,0,1,0,차대사람 - 차도통행중,안전운전불이행,건조,맑음,단일로 - 기타,승용,남,41-50세,상해없음,보행자,남,31-40세,경상,2019,9
2019091400100300.8,2019년 9월,토요일,서울특별시 광진구 광장동,경상사고,0,0,1,0,차대차 - 추돌,안전운전불이행,젖음/습기,흐림,단일로 - 기타,승용,남,51-60세,상해없음,승용,여,41-50세,경상,2019,9
2019091500100091.2,2019년 9월,일요일,서울특별시 광진구 중곡동,경상사고,0,0,3,0,차대차 - 충돌,차로위반,건조,맑음,단일로 - 기타,승용,남,21-30세,경상,승용,남,41-50세,상해없음,2019,9
2019091500100328.0,2019년 9월,일요일,서울특별시 광진구 자양동,경상사고,0,0,1,0,차대차 - 충돌,안전운전불이행,건조,맑음,단일로 - 기타,자전거,남,41-50세,상해없음,자전거,여,41-50세,경상,2019,9
2019091600100078.0,2019년 9월,월요일,서울특별시 광진구 구의동,중상사고,0,1,0,0,차량단독 - 전도전복,안전운전불이행,건조,맑음,단일로 - 기타,이륜,남,41-50세,중상,,,,,2019,9
2019091700100255.2,2019년 9월,화요일,서울특별시 광진구 군자동,중상사고,0,1,0,0,차대차 - 충돌,안전운전불이행,건조,맑음,단일로 - 기타,승용,여,31-40세,상해없음,자전거,남,65세 이상,중상,2019,9