사고번호,발생년월,요일,시군구,사고내용,사망자수,중상자수,경상자수,부상신고자수,사고유형,법규위반,노면상태,기상상태,도로형태,가해운전자 차종,가해운전자 성별,가해운전자 연령대,가해운전자 상해정도,피해운전자 차종,피해운전자 성별,피해운전자 연령대,피해운전자 상해정도,발생년도,발생월
2020040200100500.8,2020년 4월,목요일,서울특별시 광진구 자양동,경상사고,0,0,1,0,차대사람 - 기타,안전운전불이행,건조,맑음,단일로 - 기타,승용,남,21-30세,상해없음,보행자,여,21-30세,경상,2020,4
2020040200100572.0,2020년 4월,목요일,서울특별시 광진구 군자동,경상사고,0,0,3,1,차대차 - 충돌,안전거리미확보,건조,맑음,교차로 - 교차로안,승용,남,21-30세,부상신고,승용,남,31-40세,경상,2020,4
2020040300100128.8,2020년 4월,금요일,서울특별시 광진구 중곡동,경상사고,0,0,1,0,차대사람 - 기타,안전운전불이행,건조,맑음,교차로 - 교차로안,승용,남,65세 이상,상해없음,보행자,여,65세 이상,경상,2020,4
2020040300100240.8,2020년 4월,금요일,서울특별시 광진구 중곡동,중상사고,0,1,0,0,차대차 - 충돌,중앙선침범,건조,맑음,단일로 - 기타,화물,남,51-60세,상해없음,이륜,남,21-30세,중상,2020,4
2020040000000000.0,2020년 4월,금요일,서울특별시 광진구 자양동,중상사고,0,1,0,0,차대차 - 기타,안전운전불이행,건조,맑음,단일로 - 고가도로위,이륜,남,21-30세,중상,승용,여,41-50세,상해없음,2020,4
2020040400100204.8,2020년 4월,토요일,서울특별시 광진구 자양동,경상사고,0,0,1,0,차대차 - 충돌,안전운전불이행,건조,맑음,단일로 - 기타,승합,남,51-60세,상해없음,승용,여,21-30세,경상,2020,4
2020040500100238.0,2020년 4월,일요일,서울특별시 광진구 자양동,경상사고,0,0,1,0,차대사람 - 기타,안전운전불이행,건조,맑음,단일로 - 기타,자전거,남,65세 이상,경상,보행자,남,41-50세,상해없음,2020,4
2020040600100036.8,2020년 4월,월요일,서울특별시 광진구 화양동,경상사고,0,0,1,0,차대차 - 기타,안전운전불이행,건조,맑음,단일로 - 기타,기타불명,기타불명,기타불명,기타불명,기타불명,기타불명,기타불명,기타불명,2020,4
2020040600100116.0,2020년 4월,월요일,서울특별시 광진구 구의동,경상사고,0,0,1,0,차대차 - 충돌,안전운전불이행,건조,맑음,단일로 - 기타,이륜,남,65세 이상,경상,승용,여,61-64세,상해없음,2020,4
2020040700100012.0,2020년 4월,화요일,서울특별시 광진구 군자동,중상사고,0,1,0,0,차대사람 - 횡단중,안전운전불이행,건조,맑음,단일로 - 기타,승합,남,31-40세,상해없음,보행자,남,41-50세,중상,2020,4
2020040700100031.2,2020년 4월,화요일,서울특별시 광진구 구의동,사망사고,1,0,0,0,차대사람 - 횡단중,안전운전불이행,건조,맑음,단일로 - 기타,승용,남,41-50세,상해없음,보행자,여,65세 이상,사망,2020,4
2020040700100344.0,2020년 4월,화요일,서울특별시 광진구 능동,경상사고,0,0,1,0,차대차 - 기타,안전운전불이행,기타,맑음,단일로 - 기타,승용,남,51-60세,상해없음,자전거,남,51-60세,경상,2020,4
2020040900100028.0,2020년 4월,목요일,서울특별시 광진구 화양동,경상사고,0,0,1,0,차대사람 - 기타,안전운전불이행,건조,맑음,단일로 - 기타,승용,남,51-60세,상해없음,보행자,남,21-30세,경상,2020,4
2020040900100199.2,2020년 4월,목요일,서울특별시 광진구 자양동,중상사고,0,1,0,0,차대사람 - 기타,안전운전불이행,건조,맑음,단일로 - 기타,자전거,남,21-30세,상해없음,보행자,여,61-64세,중상,2020,4
2020040900100239.2,2020년 4월,목요일,서울특별시 광진구 자양동,부상신고사고,0,0,0,2,차대사람 - 보도통행중,신호위반,건조,맑음,단일로 - 기타,자전거,남,51-60세,상해없음,보행자,남,31-40세,부상신고,2020,4
2020040900100551.2,2020년 4월,목요일,서울특별시 광진구 구의동,경상사고,0,0,3,0,차대차 - 충돌,안전거리미확보,건조,맑음,단일로 - 기타,승용,남,31-40세,상해없음,승용,여,31-40세,경상,2020,4
2020041100100192.0,2020년 4월,토요일,서울특별시 광진구 화양동,중상사고,0,1,0,0,차대사람 - 기타,기타,건조,맑음,단일로 - 기타,개인형이동수단(PM),남,41-50세,상해없음,보행자,여,51-60세,중상,2020,4
2020041200100174.0,2020년 4월,일요일,서울특별시 광진구 광장동,경상사고,0,0,1,0,차대차 - 충돌,안전거리미확보,건조,맑음,단일로 - 기타,승용,남,31-40세,상해없음,이륜,남,21-30세,경상,2020,4
2020041200100192.8,2020년 4월,일요일,서울특별시 광진구 자양동,경상사고,0,0,1,0,차대사람 - 기타,안전운전불이행,건조,맑음,단일로 - 기타,승용,남,31-40세,상해없음,보행자,여,41-50세,경상,2020,4
2020041200100251.2,2020년 4월,일요일,서울특별시 광진구 자양동,경상사고,0,0,1,0,차대차 - 기타,안전거리미확보,건조,맑음,단일로 - 기타,자전거,남,41-50세,경상,자전거,여,31-40세,상해없음,2020,4
2020041300100011.2,2020년 4월,월요일,서울특별시 광진구 중곡동,경상사고,0,0,1,0,차량단독 - 기타,안전운전불이행,건조,맑음,단일로 - 기타,승용,남,51-60세,상해없음,,,,,2020,4
2020041300100058.0,2020년 4월,월요일,서울특별시 광진구 군자동,경상사고,0,0,1,0,차대차 - 기타,안전거리미확보,건조,맑음,단일로 - 기타,승용,남,41-50세,경상,승용,남,41-50세,상해없음,2020,4
2020041300100360.8,2020년 4월,월요일,서울특별시 광진구 광장동,중상사고,0,1,0,0,차대차 - 충돌,안전거리미확보,건조,맑음,단일로 - 기타,승합,남,21-30세,상해없음,이륜,남,31-40세,중상,2020,4
2020041400100419.2,2020년 4월,화요일,서울특별시 광진구 구의동,경상사고,0,0,1,0,차대차 - 충돌,안전거리미확보,건조,맑음,단일로 - 기타,승용,남,41-50세,상해없음,승용,남,65세 이상,경상,2020,4
2020041500100036.0,2020년 4월,수요일,서울특별시 광진구 구의동,경상사고,0,0,1,0,차대차 - 추돌,안전운전불이행,건조,맑음,단일로 - 기타,승용,남,31-40세,상해없음,화물,남,61-64세,경상,2020,4
2020041500100194.0,2020년 4월,수요일,서울특별시 광진구 구의동,중상사고,0,1,0,0,차대차 - 기타,신호위반,건조,맑음,교차로 - 교차로안,승합,남,21-30세,상해없음,이륜,남,21-30세,중상,2020,4
2020041500100411.2,2020년 4월,수요일,서울특별시 광진구 구의동,경상사고,0,0,1,0,차대사람 - 기타,안전운전불이행,건조,맑음,단일로 - 기타,승용,남,41-50세,상해없음,보행자,여,61-64세,경상,2020,4
2020041500100428.0,2020년 4월,수요일,서울특별시 광진구 광장동,경상사고,0,0,2,0,차대차 - 추돌,안전운전불이행,건조,맑음,단일로 - 교량,승용,남,31-40세,상해없음,승용,남,21-30세,경상,2020,4
2020041500100468.8,2020년 4월,수요일,서울특별시 광진구 광장동,중상사고,0,1,0,0,차대차 - 추돌,신호위반,건조,맑음,교차로 - 교차로횡단보도내,승용,남,51-60세,상해없음,원동기,남,31-40세,중상,2020,4
2020041600100160.8,2020년 4월,목요일,서울특별시 광진구 자양동,중상사고,0,1,0,0,차대차 - 충돌,안전운전불이행,건조,맑음,단일로 - 기타,승용,남,51-60세,상해없음,이륜,남,41-50세,중상,2020,4
2020041600100494.0,2020년 4월,목요일,서울특별시 광진구 군자동,경상사고,0,0,1,0,차대사람 - 기타,안전운전불이행,건조,맑음,단일로 - 기타,승용,여,31-40세,상해없음,보행자,남,51-60세,경상,2020,4
2020041700100182.0,2020년 4월,금요일,서울특별시 광진구 구의동,경상사고,0,0,1,0,차대사람 - 횡단중,신호위반,건조,맑음,단일로 - 기타,승용,남,41-50세,상해없음,보행자,여,51-60세,경상,2020,4
2020041700100203.2,2020년 4월,금요일,서울특별시 광진구 구의동,중상사고,0,1,0,0,차대차 - 충돌,안전운전불이행,건조,맑음,단일로 - 기타,승합,남,65세 이상,상해없음,이륜,남,41-50세,중상,2020,4
2020041700100367.2,2020년 4월,금요일,서울특별시 광진구 중곡동,중상사고,0,1,0,0,차대차 - 충돌,안전거리미확보,건조,맑음,단일로 - 기타,화물,남,31-40세,상해없음,승용,여,61-64세,중상,2020,4
2020040000000000.0,2020년 4월,일요일,서울특별시 광진구 중곡동,경상사고,0,0,1,0,차대차 - 충돌,안전운전불이행,젖음/습기,비,교차로 - 교차로안,승용,남,31-40세,상해없음,이륜,남,13-20세,경상,2020,4
2020042000100180.8,2020년 4월,월요일,서울특별시 광진구 중곡동,경상사고,0,0,1,0,차대차 - 충돌,기타,건조,맑음,단일로 - 기타,승용,남,61-64세,상해없음,이륜,남,31-40세,경상,2020,4
2020042000100182.0,2020년 4월,월요일,서울특별시 광진구 자양동,경상사고,0,0,1,0,차대차 - 추돌,안전거리미확보,건조,맑음,단일로 - 기타,승용,남,51-60세,상해없음,승용,남,31-40세,경상,2020,4
2020042000100516.0,2020년 4월,월요일,서울특별시 광진구 구의동,경상사고,0,0,1,0,차대차 - 충돌,중앙선침범,건조,맑음,교차로 - 교차로안,원동기,남,20세 이하,상해없음,원동기,남,31-40세,경상,2020,4
2020042100100000.8,2020년 4월,화요일,서울특별시 광진구 자양동,경상사고,0,0,3,0,차대차 - 기타,안전운전불이행,기타,맑음,단일로 - 기타,승용,남,31-40세,상해없음,승용,남,21-30세,경상,2020,4
2020042200100002.0,2020년 4월,수요일,서울특별시 광진구 화양동,경상사고,0,0,1,0,차대차 - 충돌,안전거리미확보,건조,맑음,단일로 - 기타,승용,남,65세 이상,상해없음,이륜,남,31-40세,경상,2020,4
2020042200100118.0,2020년 4월,수요일,서울특별시 광진구 광장동,경상사고,0,0,1,0,차대차 - 충돌,안전거리미확보,건조,맑음,단일로 - 기타,승용,남,65세 이상,상해없음,승용,남,41-50세,경상,2020,4
2020042200100171.2,2020년 4월,수요일,서울특별시 광진구 자양동,경상사고,0,0,1,0,차대차 - 충돌,안전운전불이행,건조,맑음,단일로 - 기타,이륜,남,31-40세,경상,승용,남,41-50세,상해없음,2020,4
2020042200100391.2,2020년 4월,수요일,서울특별시 광진구 군자동,경상사고,0,0,3,0,차대차 - 기타,안전운전불이행,건조,맑음,단일로 - 기타,원동기,남,21-30세,상해없음,승용,여,65세 이상,경상,2020,4
2020042200100452.0,2020년 4월,수요일,서울특별시 광진구 화양동,중상사고,0,1,0,0,차대사람 - 보도통행중,기타,건조,맑음,기타 - 기타,개인형이동수단(PM),남,21-30세,상해없음,보행자,여,31-40세,중상,2020,4
2020042200100524.0,2020년 4월,수요일,서울특별시 광진구 화양동,중상사고,0,2,0,0,차대차 - 충돌,차로위반,건조,맑음,교차로 - 교차로부근,승용,남,65세 이상,상해없음,승용,여,21-30세,중상,2020,4
2020040000000000.0,2020년 4월,목요일,서울특별시 광진구 자양동,경상사고,0,0,6,0,차대차 - 추돌,과속,건조,맑음,단일로 - 기타,승용,남,21-30세,상해없음,승용,남,41-50세,경상,2020,4
2020042300100046.0,2020년 4월,목요일,서울특별시 광진구 중곡동,경상사고,0,0,1,0,차대차 - 기타,안전거리미확보,건조,맑음,단일로 - 기타,화물,남,41-50세,상해없음,승용,남,61-64세,경상,2020,4
2020042300100118.0,2020년 4월,목요일,서울특별시 광진구 화양동,경상사고,0,0,1,0,차대차 - 충돌,신호위반,건조,맑음,교차로 - 교차로안,이륜,남,21-30세,경상,승용,남,41-50세,상해없음,2020,4
2020042300100119.2,2020년 4월,목요일,서울특별시 광진구 중곡동,경상사고,0,0,1,0,차대사람 - 기타,안전운전불이행,기타,맑음,기타 - 기타,승용,남,31-40세,상해없음,보행자,여,21-30세,경상,2020,4
2020042300100395.2,2020년 4월,목요일,서울특별시 광진구 구의동,중상사고,0,1,0,0,차대차 - 충돌,신호위반,건조,맑음,단일로 - 기타,승합,남,51-60세,상해없음,자전거,남,65세 이상,중상,2020,4
2020042400100336.0,2020년 4월,금요일,서울특별시 광진구 광장동,중상사고,0,1,1,0,차대차 - 추돌,안전운전불이행,건조,맑음,단일로 - 교량,승용,남,61-64세,상해없음,승용,남,41-50세,중상,2020,4
2020042400100574.0,2020년 4월,금요일,서울특별시 광진구 중곡동,경상사고,0,0,3,0,차대차 - 추돌,안전운전불이행,건조,맑음,단일로 - 기타,승합,남,41-50세,상해없음,승용,남,41-50세,상해없음,2020,4
2020042500100088.0,2020년 4월,토요일,서울특별시 광진구 구의동,경상사고,0,0,1,0,차대차 - 충돌,안전거리미확보,건조,맑음,단일로 - 교량,승합,여,51-60세,상해없음,승용,남,21-30세,경상,2020,4
2020042500100182.0,2020년 4월,토요일,서울특별시 광진구 광장동,경상사고,0,0,2,0,차대차 - 충돌,안전거리미확보,건조,맑음,단일로 - 기타,승용,남,41-50세,경상,승용,남,51-60세,경상,2020,4
2020042500100484.0,2020년 4월,토요일,서울특별시 광진구 중곡동,중상사고,0,1,0,0,차대차 - 충돌,신호위반,건조,맑음,교차로 - 교차로횡단보도내,이륜,남,51-60세,상해없음,이륜,남,51-60세,중상,2020,4
2020042600100084.8,2020년 4월,일요일,서울특별시 광진구 자양동,중상사고,0,1,0,0,차대사람 - 기타,안전운전불이행,건조,맑음,교차로 - 교차로횡단보도내,승용,남,21-30세,상해없음,보행자,남,61-64세,중상,2020,4
2020042700100527.2,2020년 4월,월요일,서울특별시 광진구 군자동,중상사고,0,1,0,0,차대차 - 충돌,안전거리미확보,건조,맑음,단일로 - 기타,승용,남,61-64세,상해없음,이륜,남,21-30세,중상,2020,4
2020042800100014.0,2020년 4월,화요일,서울특별시 광진구 화양동,중상사고,0,1,0,0,차대사람 - 횡단중,안전운전불이행,건조,맑음,단일로 - 기타,개인형이동수단(PM),남,21-30세,상해없음,보행자,여,21-30세,중상,2020,4
2020040000000000.0,2020년 4월,화요일,서울특별시 광진구 광장동,경상사고,0,0,1,0,차대사람 - 횡단중,보행자보호의무위반,건조,맑음,교차로 - 교차로횡단보도내,승용,남,41-50세,상해없음,보행자,남,65세 이상,경상,2020,4
2020042800100336.8,2020년 4월,화요일,서울특별시 광진구 군자동,중상사고,0,1,0,0,차대차 - 추돌,안전운전불이행,건조,맑음,교차로 - 교차로부근,승용,남,65세 이상,상해없음,이륜,남,41-50세,중상,2020,4
2020040000000000.0,2020년 4월,화요일,서울특별시 광진구 자양동,경상사고,0,0,1,0,차대차 - 충돌,안전운전불이행,기타,맑음,교차로 - 교차로안,화물,남,41-50세,상해없음,이륜,남,21-30세,경상,2020,4
2020042800100542.0,2020년 4월,화요일,서울특별시 광진구 화양동,경상사고,0,0,1,0,차대차 - 충돌,안전거리미확보,건조,맑음,단일로 - 기타,승용,여,31-40세,상해없음,이륜,남,31-40세,경상,2020,4
2020042900100047.2,2020년 4월,수요일,서울특별시 광진구 중곡동,중상사고,0,1,0,0,차대차 - 충돌,안전운전불이행,건조,맑음,단일로 - 기타,승합,남,41-50세,상해없음,화물,남,31-40세,상해없음,2020,4
2020040000000000.0,2020년 4월,수요일,서울특별시 광진구 자양동,경상사고,0,0,2,0,차대차 - 충돌,안전운전불이행,건조,맑음,교차로 - 교차로안,승용,여,41-50세,경상,건설기계,남,41-50세,경상,2020,4
2020040000000000.0,2020년 4월,수요일,서울특별시 광진구 광장동,중상사고,0,1,0,0,차대사람 - 기타,안전운전불이행,건조,맑음,주차장 - 주차장,승용,남,31-40세,상해없음,보행자,여,51-60세,중상,2020,4
2020042900100508.8,2020년 4월,수요일,서울특별시 광진구 구의동,경상사고,0,0,1,0,차대차 - 충돌,교차로운행방법위반,건조,맑음,교차로 - 교차로부근,화물,남,51-60세,상해없음,자전거,남,51-60세,경상,2020,4
2020040000000000.0,2020년 4월,수요일,서울특별시 광진구 화양동,경상사고,0,0,1,0,차대차 - 추돌,안전운전불이행,건조,맑음,단일로 - 기타,이륜,남,21-30세,경상,승용,남,61-64세,상해없음,2020,4
2020043000100332.8,2020년 4월,목요일,서울특별시 광진구 화양동,경상사고,0,0,1,0,차대차 - 기타,교차로운행방법위반,건조,맑음,교차로 - 교차로안,승용,남,51-60세,상해없음,승용,남,21-30세,경상,2020,4
2020050100100003.2,2020년 5월,금요일,서울특별시 광진구 중곡동,경상사고,0,0,1,0,차대사람 - 횡단중,안전운전불이행,건조,맑음,단일로 - 기타,기타불명,기타불명,기타불명,기타불명,보행자,남,31-40세,경상,2020,5
2020050100100426.0,2020년 5월,금요일,서울특별시 광진구 자양동,경상사고,0,0,1,1,차대차 - 추돌,안전거리미확보,건조,맑음,단일로 - 교량,이륜,남,21-30세,상해없음,승용,남,31-40세,경상,2020,5
2020050200100306.0,2020년 5월,토요일,서울특별시 광진구 구의동,부상신고사고,0,0,0,1,차대차 - 추돌,안전운전불이행,건조,맑음,단일로 - 기타,이륜,남,20세 이하,부상신고,승용,남,21-30세,상해없음,2020,5
2020050300100096.0,2020년 5월,일요일,서울특별시 광진구 구의동,경상사고,0,0,1,0,차대차 - 기타,기타,건조,맑음,기타 - 기타,승용,남,31-40세,상해없음,자전거,남,65세 이상,경상,2020,5
2020050300100363.2,2020년 5월,일요일,서울특별시 광진구 구의동,중상사고,0,1,0,0,차대사람 - 보도통행중,안전운전불이행,건조,맑음,기타 - 기타,개인형이동수단(PM),남,21-30세,상해없음,보행자,남,51-60세,중상,2020,5
2020050400100380.8,2020년 5월,월요일,서울특별시 광진구 중곡동,중상사고,0,1,0,0,차대차 - 충돌,안전운전불이행,건조,맑음,단일로 - 기타,이륜,남,65세 이상,상해없음,승용,남,21-30세,중상,2020,5
2020050400100612.0,2020년 5월,월요일,서울특별시 광진구 자양동,중상사고,0,1,0,0,차대차 - 기타,기타,건조,맑음,단일로 - 기타,승용,남,65세 이상,상해없음,자전거,남,41-50세,중상,2020,5
2020050500100215.2,2020년 5월,화요일,서울특별시 광진구 자양동,경상사고,0,0,2,0,차대차 - 기타,안전거리미확보,건조,맑음,단일로 - 기타,승용,남,41-50세,상해없음,승용,남,65세 이상,경상,2020,5
2020050600100294.0,2020년 5월,수요일,서울특별시 광진구 중곡동,중상사고,0,1,0,0,차대사람 - 기타,안전운전불이행,건조,맑음,교차로 - 교차로안,화물,남,41-50세,상해없음,보행자,여,65세 이상,중상,2020,5
2020050000000000.0,2020년 5월,수요일,서울특별시 광진구 자양동,부상신고사고,0,0,0,1,차대사람 - 차도통행중,안전운전불이행,건조,맑음,기타 - 기타,화물,남,41-50세,상해없음,보행자,남,12세 이하,부상신고,2020,5
2020050600100636.8,2020년 5월,수요일,서울특별시 광진구 능동,경상사고,0,0,1,0,차대차 - 기타,안전운전불이행,건조,맑음,단일로 - 기타,자전거,남,21-30세,경상,기타불명,기타불명,기타불명,기타불명,2020,5
2020050700100000.8,2020년 5월,목요일,서울특별시 광진구 구의동,중상사고,0,1,1,0,차대차 - 추돌,안전운전불이행,건조,맑음,단일로 - 기타,승용,남,31-40세,상해없음,승용,남,61-64세,중상,2020,5
2020050700100002.0,2020년 5월,목요일,서울특별시 광진구 자양동,중상사고,0,1,0,0,차대차 - 충돌,안전거리미확보,건조,맑음,교차로 - 교차로안,승합,남,41-50세,상해없음,원동기,남,31-40세,중상,2020,5
2020050700100102.0,2020년 5월,목요일,서울특별시 광진구 구의동,경상사고,0,0,1,0,차대차 - 충돌,교차로운행방법위반,건조,맑음,교차로 - 교차로안,승용,여,31-40세,상해없음,자전거,여,61-64세,경상,2020,5
2020050700100304.0,2020년 5월,목요일,서울특별시 광진구 화양동,중상사고,0,1,0,0,차대사람 - 횡단중,신호위반,건조,맑음,단일로 - 기타,화물,남,41-50세,상해없음,보행자,남,21-30세,중상,2020,5
2020050700100336.0,2020년 5월,목요일,서울특별시 광진구 자양동,경상사고,0,0,1,0,차대차 - 충돌,안전운전불이행,건조,맑음,교차로 - 교차로안,화물,남,31-40세,상해없음,승용,여,41-50세,경상,2020,5
2020050700100464.0,2020년 5월,목요일,서울특별시 광진구 광장동,중상사고,0,1,0,0,차대차 - 추돌,안전운전불이행,건조,맑음,단일로 - 기타,승용,남,21-30세,상해없음,승용,여,51-60세,중상,2020,5
2020050800100388.8,2020년 5월,금요일,서울특별시 광진구 화양동,경상사고,0,0,1,0,차대사람 - 기타,중앙선침범,건조,흐림,단일로 - 기타,원동기,남,31-40세,상해없음,보행자,여,21-30세,경상,2020,5
2020050000000000.0,2020년 5월,금요일,서울특별시 광진구 자양동,경상사고,0,0,1,0,차대사람 - 기타,안전운전불이행,젖음/습기,비,단일로 - 기타,원동기,남,21-30세,상해없음,보행자,남,12세 이하,경상,2020,5
2020050800100548.0,2020년 5월,금요일,서울특별시 광진구 구의동,경상사고,0,0,1,0,차대차 - 기타,안전운전불이행,젖음/습기,비,단일로 - 기타,원동기,남,21-30세,경상,승용,여,51-60세,상해없음,2020,5
2020050900100119.2,2020년 5월,토요일,서울특별시 광진구 자양동,경상사고,0,0,2,0,차대차 - 기타,안전운전불이행,젖음/습기,비,기타 - 기타,승용,남,31-40세,상해없음,승용,남,31-40세,경상,2020,5
2020050900100291.2,2020년 5월,토요일,서울특별시 광진구 자양동,경상사고,0,0,2,0,차대차 - 충돌,차로위반,건조,맑음,교차로 - 교차로부근,승용,남,41-50세,상해없음,승용,여,41-50세,경상,2020,5
2020050900100384.0,2020년 5월,토요일,서울특별시 광진구 중곡동,경상사고,0,0,2,0,차대차 - 기타,안전운전불이행,기타,맑음,기타 - 기타,승용,남,31-40세,기타불명,승용,남,41-50세,경상,2020,5
2020051000100000.8,2020년 5월,일요일,서울특별시 광진구 중곡동,경상사고,0,0,1,0,차대차 - 충돌,중앙선침범,건조,맑음,단일로 - 기타,승용,남,51-60세,상해없음,승용,남,61-64세,경상,2020,5
2020051000100002.0,2020년 5월,일요일,서울특별시 광진구 중곡동,경상사고,0,0,2,0,차대차 - 기타,안전운전불이행,건조,맑음,단일로 - 기타,승용,남,21-30세,상해없음,승용,남,21-30세,경상,2020,5
2020051000100020.8,2020년 5월,일요일,서울특별시 광진구 중곡동,중상사고,0,1,0,0,차대사람 - 기타,안전운전불이행,젖음/습기,비,주차장 - 주차장,승용,남,31-40세,상해없음,보행자,남,21-30세,중상,2020,5
2020051000100106.0,2020년 5월,일요일,서울특별시 광진구 구의동,경상사고,0,0,2,0,차대차 - 추돌,안전운전불이행,건조,맑음,단일로 - 기타,이륜,남,65세 이상,경상,승용,여,51-60세,경상,2020,5
2020051000100268.0,2020년 5월,일요일,서울특별시 광진구 화양동,경상사고,0,0,1,0,차대사람 - 횡단중,안전운전불이행,건조,맑음,교차로 - 교차로부근,이륜,남,31-40세,상해없음,보행자,남,41-50세,경상,2020,5
2020050000000000.0,2020년 5월,월요일,서울특별시 광진구 화양동,부상신고사고,0,0,0,1,차대차 - 기타,교차로운행방법위반,건조,맑음,교차로 - 교차로안,이륜,남,31-40세,부상신고,승용,여,21-30세,상해없음,2020,5
2020051100100136.0,2020년 5월,월요일,서울특별시 광진구 광장동,경상사고,0,0,1,0,차대차 - 충돌,직진우회전진행방해,건조,맑음,교차로 - 교차로안,승용,여,41-50세,상해없음,승용,여,41-50세,경상,2020,5
2020051100100175.2,2020년 5월,월요일,서울특별시 광진구 중곡동,경상사고,0,0,1,0,차대사람 - 차도통행중,안전운전불이행,건조,맑음,단일로 - 기타,승용,남,31-40세,상해없음,보행자,남,51-60세,경상,2020,5
2020051100100568.0,2020년 5월,월요일,서울특별시 광진구 구의동,경상사고,0,0,2,0,차대차 - 기타,안전운전불이행,건조,맑음,단일로 - 교량,자전거,남,31-40세,경상,자전거,여,21-30세,경상,2020,5
2020051100100652.8,2020년 5월,월요일,서울특별시 광진구 구의동,경상사고,0,0,1,0,차대차 - 기타,안전운전불이행,기타,맑음,기타 - 기타,승용,남,61-64세,상해없음,승용,남,61-64세,경상,2020,5
2020051200100171.2,2020년 5월,화요일,서울특별시 광진구 구의동,경상사고,0,0,2,0,차대차 - 충돌,안전운전불이행,건조,맑음,단일로 - 기타,승용,여,51-60세,상해없음,승용,여,31-40세,경상,2020,5
2020051200100172.0,2020년 5월,화요일,서울특별시 광진구 자양동,경상사고,0,0,1,0,차대차 - 충돌,안전운전불이행,건조,맑음,단일로 - 교량,자전거,여,51-60세,경상,승합,남,41-50세,상해없음,2020,5
2020051200100204.0,2020년 5월,화요일,서울특별시 광진구 중곡동,경상사고,0,0,1,0,차대차 - 충돌,교차로운행방법위반,건조,맑음,교차로 - 교차로안,원동기,여,51-60세,경상,승용,남,31-40세,상해없음,2020,5
2020051200100204.8,2020년 5월,화요일,서울특별시 광진구 군자동,경상사고,0,0,1,0,차대차 - 충돌,안전운전불이행,건조,맑음,교차로 - 교차로부근,기타불명,기타불명,기타불명,기타불명,승용,남,31-40세,경상,2020,5
2020051200100586.0,2020년 5월,화요일,서울특별시 광진구 자양동,경상사고,0,0,1,0,차대차 - 충돌,안전거리미확보,건조,맑음,단일로 - 기타,승용,남,31-40세,상해없음,승용,남,41-50세,경상,2020,5
2020051300100176.8,2020년 5월,수요일,서울특별시 광진구 화양동,경상사고,0,0,3,0,차대차 - 추돌,안전운전불이행,건조,맑음,단일로 - 기타,화물,남,51-60세,상해없음,승용,여,41-50세,경상,2020,5
2020051300100303.2,2020년 5월,수요일,서울특별시 광진구 자양동,중상사고,0,1,0,0,차대차 - 충돌,안전운전불이행,건조,맑음,교차로 - 교차로안,자전거,여,41-50세,중상,화물,남,51-60세,상해없음,2020,5
2020051400100003.2,2020년 5월,목요일,서울특별시 광진구 구의동,경상사고,0,0,1,0,차대차 - 충돌,안전운전불이행,건조,맑음,교차로 - 교차로안,승용,남,51-60세,상해없음,승용,남,51-60세,경상,2020,5
2020051400100218.0,2020년 5월,목요일,서울특별시 광진구 광장동,중상사고,0,1,1,0,차대차 - 추돌,신호위반,건조,맑음,단일로 - 기타,승용,여,51-60세,상해없음,승용,여,41-50세,중상,2020,5
2020051500100048.0,2020년 5월,금요일,서울특별시 광진구 중곡동,중상사고,0,1,0,0,차대차 - 충돌,안전운전불이행,젖음/습기,맑음,단일로 - 기타,승용,남,51-60세,상해없음,원동기,남,51-60세,중상,2020,5
2020051500100215.2,2020년 5월,금요일,서울특별시 광진구 구의동,경상사고,0,0,1,0,차대차 - 충돌,안전거리미확보,젖음/습기,비,단일로 - 기타,승용,여,31-40세,상해없음,승용,여,21-30세,경상,2020,5
2020051500100395.2,2020년 5월,금요일,서울특별시 광진구 화양동,중상사고,0,1,0,0,차대사람 - 횡단중,보행자보호의무위반,건조,맑음,단일로 - 기타,승용,남,65세 이상,상해없음,보행자,남,13-20세,중상,2020,5
2020051500100658.0,2020년 5월,금요일,서울특별시 광진구 구의동,중상사고,0,1,1,0,차대차 - 충돌,중앙선침범,건조,맑음,단일로 - 기타,승용,남,31-40세,상해없음,승용,남,51-60세,중상,2020,5
2020051600100500.8,2020년 5월,토요일,서울특별시 광진구 화양동,경상사고,0,0,1,0,차대사람 - 차도통행중,안전운전불이행,건조,맑음,단일로 - 기타,승용,여,41-50세,기타불명,보행자,여,21-30세,경상,2020,5
2020051700100238.0,2020년 5월,일요일,서울특별시 광진구 중곡동,경상사고,0,0,1,0,차대차 - 충돌,안전운전불이행,건조,맑음,교차로 - 교차로부근,승용,남,65세 이상,상해없음,승용,남,51-60세,경상,2020,5
2020051700100364.0,2020년 5월,일요일,서울특별시 광진구 중곡동,중상사고,0,1,0,0,차대차 - 기타,안전운전불이행,건조,맑음,단일로 - 기타,기타불명,기타불명,기타불명,기타불명,자전거,남,41-50세,중상,2020,5
2020051700100384.8,2020년 5월,일요일,서울특별시 광진구 자양동,경상사고,0,0,1,0,차대차 - 기타,안전운전불이행,건조,맑음,단일로 - 기타,개인형이동수단(PM),여,20세 이하,경상,자전거,남,65세 이상,상해없음,2020,5
2020051700100451.2,2020년 5월,일요일,서울특별시 광진구 중곡동,경상사고,0,0,1,0,차대사람 - 횡단중,안전운전불이행,건조,맑음,교차로 - 교차로부근,승용,남,31-40세,상해없음,보행자,여,13-20세,경상,2020,5