사고번호,발생년월,요일,시군구,사고내용,사망자수,중상자수,경상자수,부상신고자수,사고유형,법규위반,노면상태,기상상태,도로형태,가해운전자 차종,가해운전자 성별,가해운전자 연령대,가해운전자 상해정도,피해운전자 차종,피해운전자 성별,피해운전자 연령대,피해운전자 상해정도,발생년도,발생월
2020081100100524.8,2020년 8월,화요일,서울특별시 광진구 중곡동,경상사고,0,0,2,0,차대차 - 충돌,안전거리미확보,건조,맑음,단일로 - 기타,화물,남,31-40세,경상,승용,남,51-60세,경상,2020,8
2020081100100582.0,2020년 8월,화요일,서울특별시 광진구 화양동,경상사고,0,0,2,0,차대차 - 충돌,안전거리미확보,건조,맑음,교차로 - 교차로부근,승용,남,65세 이상,상해없음,승용,남,41-50세,경상,2020,8
2020081200100000.8,2020년 8월,수요일,서울특별시 광진구 구의동,경상사고,0,0,2,0,차대차 - 충돌,안전운전불이행,건조,맑음,교차로 - 교차로안,승용,남,51-60세,상해없음,승용,남,31-40세,경상,2020,8
2020081200100078.0,2020년 8월,수요일,서울특별시 광진구 광장동,경상사고,0,0,1,0,차대차 - 추돌,안전운전불이행,건조,맑음,단일로 - 기타,승용,남,51-60세,상해없음,승용,남,21-30세,경상,2020,8
2020081200100124.8,2020년 8월,수요일,서울특별시 광진구 중곡동,중상사고,0,1,0,0,차대차 - 충돌,안전운전불이행,건조,맑음,교차로 - 교차로안,승용,남,21-30세,상해없음,원동기,남,41-50세,중상,2020,8
2020081200100327.2,2020년 8월,수요일,서울특별시 광진구 화양동,경상사고,0,0,1,0,차대차 - 충돌,신호위반,건조,맑음,교차로 - 교차로안,이륜,남,20세 이하,상해없음,개인형이동수단(PM),여,21-30세,경상,2020,8
2020081200100496.8,2020년 8월,수요일,서울특별시 광진구 구의동,경상사고,0,0,1,0,차대차 - 기타,안전운전불이행,건조,맑음,단일로 - 기타,승용,남,61-64세,상해없음,이륜,남,21-30세,경상,2020,8
2020081200100498.0,2020년 8월,수요일,서울특별시 광진구 자양동,경상사고,0,0,2,0,차대차 - 충돌,안전거리미확보,건조,맑음,단일로 - 기타,승용,남,31-40세,상해없음,승용,남,51-60세,경상,2020,8
2020081200100516.8,2020년 8월,수요일,서울특별시 광진구 구의동,경상사고,0,0,2,0,차대사람 - 횡단중,보행자보호의무위반,건조,흐림,교차로 - 교차로안,화물,남,31-40세,상해없음,보행자,남,21-30세,경상,2020,8
2020081200100588.8,2020년 8월,수요일,서울특별시 광진구 자양동,경상사고,0,0,1,0,차대차 - 기타,기타,건조,흐림,단일로 - 기타,승용,남,41-50세,상해없음,승용,남,61-64세,경상,2020,8
2020081300100048.0,2020년 8월,목요일,서울특별시 광진구 구의동,경상사고,0,0,1,0,차대차 - 기타,안전운전불이행,기타,맑음,기타 - 기타,승용,남,51-60세,상해없음,건설기계,남,61-64세,경상,2020,8
2020081300100355.2,2020년 8월,목요일,서울특별시 광진구 자양동,경상사고,0,0,1,0,차대차 - 충돌,안전운전불이행,건조,맑음,단일로 - 기타,승용,남,65세 이상,상해없음,승용,남,31-40세,경상,2020,8
2020081300100612.8,2020년 8월,목요일,서울특별시 광진구 군자동,경상사고,0,0,1,0,차대차 - 기타,신호위반,기타,맑음,교차로 - 교차로안,개인형이동수단(PM),여,21-30세,상해없음,이륜,남,31-40세,경상,2020,8
2020081500100059.2,2020년 8월,토요일,서울특별시 광진구 화양동,경상사고,0,0,1,0,차대차 - 기타,안전운전불이행,기타,맑음,기타 - 기타,화물,남,21-30세,기타불명,승용,남,51-60세,경상,2020,8
2020081500100128.8,2020년 8월,토요일,서울특별시 광진구 중곡동,경상사고,0,0,1,0,차대차 - 충돌,안전운전불이행,젖음/습기,비,단일로 - 기타,승용,남,21-30세,상해없음,승용,남,31-40세,경상,2020,8
2020081600100372.0,2020년 8월,일요일,서울특별시 광진구 능동,경상사고,0,0,4,0,차대차 - 기타,안전운전불이행,건조,맑음,단일로 - 기타,승용,여,31-40세,상해없음,승용,남,31-40세,경상,2020,8
2020081600100472.8,2020년 8월,일요일,서울특별시 광진구 화양동,경상사고,0,0,1,0,차대사람 - 기타,안전운전불이행,건조,맑음,단일로 - 기타,승용,남,41-50세,상해없음,보행자,남,13-20세,경상,2020,8
2020081600100516.8,2020년 8월,일요일,서울특별시 광진구 군자동,경상사고,0,0,1,0,차대차 - 기타,안전운전불이행,젖음/습기,흐림,단일로 - 기타,기타불명,기타불명,기타불명,기타불명,승합,남,61-64세,상해없음,2020,8
2020081700100011.2,2020년 8월,월요일,서울특별시 광진구 중곡동,부상신고사고,0,0,0,1,차대차 - 기타,안전운전불이행,건조,맑음,교차로 - 교차로안,이륜,남,21-30세,부상신고,승용,남,51-60세,상해없음,2020,8
2020081700100498.0,2020년 8월,월요일,서울특별시 광진구 중곡동,경상사고,0,0,1,0,차대차 - 충돌,직진우회전진행방해,건조,맑음,교차로 - 교차로부근,승용,남,51-60세,상해없음,승용,남,41-50세,경상,2020,8
2020081800100080.8,2020년 8월,화요일,서울특별시 광진구 중곡동,경상사고,0,0,1,0,차대차 - 충돌,안전운전불이행,건조,맑음,단일로 - 기타,승용,남,41-50세,상해없음,화물,남,51-60세,경상,2020,8
2020081800100184.8,2020년 8월,화요일,서울특별시 광진구 군자동,중상사고,0,1,0,0,차대차 - 추돌,안전운전불이행,건조,맑음,교차로 - 교차로안,승용,남,61-64세,기타불명,이륜,남,21-30세,중상,2020,8
2020081900100644.8,2020년 8월,수요일,서울특별시 광진구 자양동,중상사고,0,1,0,0,차대사람 - 기타,안전운전불이행,건조,맑음,교차로 - 교차로부근,승용,남,31-40세,상해없음,보행자,여,21-30세,중상,2020,8
2020082000100019.2,2020년 8월,목요일,서울특별시 광진구 중곡동,경상사고,0,0,2,0,차대차 - 충돌,신호위반,건조,맑음,교차로 - 교차로안,승용,여,21-30세,상해없음,승용,남,61-64세,경상,2020,8
2020080000000000.0,2020년 8월,목요일,서울특별시 광진구 자양동,경상사고,0,0,1,0,차대차 - 추돌,안전운전불이행,건조,맑음,단일로 - 기타,승용,남,41-50세,상해없음,화물,남,31-40세,경상,2020,8
2020080000000000.0,2020년 8월,목요일,서울특별시 광진구 중곡동,중상사고,0,1,0,0,차대차 - 충돌,신호위반,건조,맑음,교차로 - 교차로안,승용,남,21-30세,상해없음,자전거,남,51-60세,중상,2020,8
2020082100100012.8,2020년 8월,금요일,서울특별시 광진구 화양동,경상사고,0,0,1,0,차대사람 - 기타,안전운전불이행,건조,맑음,단일로 - 기타,승용,남,41-50세,상해없음,보행자,남,21-30세,경상,2020,8
2020082100100088.0,2020년 8월,금요일,서울특별시 광진구 중곡동,경상사고,0,0,1,0,차대사람 - 기타,안전운전불이행,건조,맑음,단일로 - 기타,개인형이동수단(PM),여,21-30세,상해없음,보행자,여,65세 이상,경상,2020,8
2020080000000000.0,2020년 8월,금요일,서울특별시 광진구 자양동,경상사고,0,0,1,0,차대차 - 추돌,안전운전불이행,건조,맑음,단일로 - 기타,승용,남,51-60세,상해없음,화물,남,51-60세,경상,2020,8
2020082100100351.2,2020년 8월,금요일,서울특별시 광진구 자양동,경상사고,0,0,1,0,차대차 - 추돌,안전운전불이행,건조,맑음,교차로 - 교차로안,승용,여,41-50세,상해없음,이륜,남,21-30세,경상,2020,8
2020082100100552.0,2020년 8월,금요일,서울특별시 광진구 중곡동,경상사고,0,0,1,0,차대사람 - 기타,안전운전불이행,건조,맑음,단일로 - 기타,자전거,남,20세 이하,상해없음,보행자,남,51-60세,경상,2020,8
2020082200100072.8,2020년 8월,토요일,서울특별시 광진구 중곡동,경상사고,0,0,1,0,차대차 - 추돌,안전운전불이행,건조,맑음,단일로 - 기타,승용,여,31-40세,경상,화물,남,61-64세,상해없음,2020,8
2020082200100536.8,2020년 8월,토요일,서울특별시 광진구 중곡동,경상사고,0,0,4,0,차대차 - 충돌,교차로운행방법위반,젖음/습기,비,교차로 - 교차로안,승용,남,21-30세,경상,승용,남,21-30세,경상,2020,8
2020082400100388.0,2020년 8월,월요일,서울특별시 광진구 자양동,중상사고,0,1,0,0,차대차 - 충돌,신호위반,건조,맑음,교차로 - 교차로안,승용,남,61-64세,상해없음,이륜,남,41-50세,중상,2020,8
2020082400100523.2,2020년 8월,월요일,서울특별시 광진구 자양동,중상사고,0,1,0,0,차대차 - 충돌,안전운전불이행,건조,맑음,교차로 - 교차로안,승용,남,21-30세,상해없음,자전거,남,65세 이상,중상,2020,8
2020082500100092.8,2020년 8월,화요일,서울특별시 광진구 구의동,경상사고,0,0,1,0,차대차 - 추돌,안전운전불이행,건조,맑음,단일로 - 기타,승용,여,41-50세,상해없음,승용,남,31-40세,경상,2020,8
2020082500100203.2,2020년 8월,화요일,서울특별시 광진구 구의동,중상사고,0,1,0,0,차대사람 - 기타,안전운전불이행,건조,맑음,단일로 - 기타,이륜,남,21-30세,상해없음,보행자,여,51-60세,중상,2020,8
2020082500100314.0,2020년 8월,화요일,서울특별시 광진구 중곡동,중상사고,0,1,1,0,차대차 - 기타,기타,기타,맑음,기타 - 기타,승용,남,51-60세,상해없음,이륜,남,21-30세,경상,2020,8
2020082500100652.8,2020년 8월,화요일,서울특별시 광진구 구의동,경상사고,0,0,1,0,차대차 - 기타,신호위반,건조,맑음,교차로 - 교차로횡단보도내,승용,남,31-40세,경상,승용,남,51-60세,상해없음,2020,8
2020082600100012.0,2020년 8월,수요일,서울특별시 광진구 중곡동,경상사고,0,0,1,0,차대차 - 충돌,안전거리미확보,건조,맑음,단일로 - 기타,승용,남,65세 이상,상해없음,이륜,남,41-50세,경상,2020,8
2020082600100395.2,2020년 8월,수요일,서울특별시 광진구 능동,경상사고,0,0,1,0,차대사람 - 보도통행중,기타,건조,맑음,단일로 - 기타,이륜,남,21-30세,상해없음,보행자,여,12세 이하,경상,2020,8
2020082700100016.8,2020년 8월,목요일,서울특별시 광진구 중곡동,중상사고,0,1,0,0,차대사람 - 횡단중,신호위반,건조,맑음,교차로 - 교차로안,승용,남,65세 이상,상해없음,보행자,남,21-30세,중상,2020,8
2020082700100404.8,2020년 8월,목요일,서울특별시 광진구 자양동,중상사고,0,1,0,0,차대사람 - 기타,안전운전불이행,건조,맑음,교차로 - 교차로안,자전거,남,41-50세,상해없음,보행자,여,61-64세,중상,2020,8
2020082800100092.0,2020년 8월,금요일,서울특별시 광진구 군자동,중상사고,0,1,0,0,차대차 - 충돌,교차로운행방법위반,건조,흐림,교차로 - 교차로안,승용,남,21-30세,상해없음,승용,남,41-50세,중상,2020,8
2020082900100003.2,2020년 8월,토요일,서울특별시 광진구 중곡동,경상사고,0,0,1,0,차대차 - 충돌,안전거리미확보,건조,맑음,단일로 - 기타,승용,남,31-40세,상해없음,승용,남,51-60세,상해없음,2020,8
2020082900100176.8,2020년 8월,토요일,서울특별시 광진구 광장동,경상사고,0,0,1,0,차대차 - 기타,신호위반,젖음/습기,비,교차로 - 교차로안,승용,남,31-40세,상해없음,승용,남,61-64세,경상,2020,8
2020090200100026.0,2020년 9월,수요일,서울특별시 광진구 화양동,경상사고,0,0,1,0,차대차 - 충돌,안전운전불이행,젖음/습기,비,교차로 - 교차로안,승용,남,31-40세,상해없음,승용,남,51-60세,경상,2020,9
2020090200100122.0,2020년 9월,수요일,서울특별시 광진구 능동,경상사고,0,0,1,0,차대차 - 충돌,안전운전불이행,젖음/습기,비,교차로 - 교차로안,승용,여,41-50세,상해없음,화물,남,21-30세,경상,2020,9
2020090200100536.8,2020년 9월,수요일,서울특별시 광진구 중곡동,경상사고,0,0,1,0,차대차 - 추돌,안전운전불이행,젖음/습기,비,단일로 - 기타,승용,남,65세 이상,상해없음,승용,남,31-40세,경상,2020,9
2020090000000000.0,2020년 9월,목요일,서울특별시 광진구 자양동,중상사고,0,1,0,0,차대차 - 기타,기타,건조,맑음,단일로 - 기타,화물,남,41-50세,상해없음,원동기,남,21-30세,중상,2020,9
2020090400100488.8,2020년 9월,금요일,서울특별시 광진구 중곡동,경상사고,0,0,1,0,차대차 - 충돌,안전운전불이행,건조,맑음,교차로 - 교차로안,승용,남,65세 이상,상해없음,승용,여,41-50세,경상,2020,9
2020090000000000.0,2020년 9월,토요일,서울특별시 광진구 구의동,경상사고,0,0,1,0,차대차 - 기타,안전운전불이행,기타,맑음,기타 - 기타,승용,남,65세 이상,상해없음,승용,남,31-40세,경상,2020,9
2020090500100358.0,2020년 9월,토요일,서울특별시 광진구 자양동,경상사고,0,0,1,0,차대차 - 충돌,안전운전불이행,건조,맑음,단일로 - 기타,자전거,남,65세 이상,상해없음,자전거,남,21-30세,경상,2020,9
2020090600100047.2,2020년 9월,일요일,서울특별시 광진구 자양동,경상사고,0,0,1,0,차대차 - 충돌,신호위반,건조,맑음,교차로 - 교차로안,승용,남,65세 이상,상해없음,자전거,남,51-60세,경상,2020,9
2020090600100086.0,2020년 9월,일요일,서울특별시 광진구 자양동,경상사고,0,0,1,0,차대차 - 충돌,안전운전불이행,건조,맑음,교차로 - 교차로부근,승용,여,51-60세,상해없음,자전거,여,51-60세,경상,2020,9
2020090600100283.2,2020년 9월,일요일,서울특별시 광진구 군자동,경상사고,0,0,1,0,차대차 - 기타,안전운전불이행,젖음/습기,비,단일로 - 기타,자전거,남,51-60세,경상,승용,남,31-40세,상해없음,2020,9
2020090700100223.2,2020년 9월,월요일,서울특별시 광진구 자양동,중상사고,0,1,1,0,차대차 - 추돌,안전운전불이행,젖음/습기,비,단일로 - 고가도로위,승용,남,51-60세,상해없음,승용,남,51-60세,중상,2020,9
2020090700100264.8,2020년 9월,월요일,서울특별시 광진구 자양동,경상사고,0,0,1,1,차대차 - 기타,직진우회전진행방해,젖음/습기,비,교차로 - 교차로안,승용,남,21-30세,부상신고,원동기,남,41-50세,경상,2020,9
2020090700100396.0,2020년 9월,월요일,서울특별시 광진구 자양동,경상사고,0,0,1,0,차대차 - 추돌,안전운전불이행,젖음/습기,비,단일로 - 기타,승용,남,41-50세,상해없음,승용,여,31-40세,경상,2020,9
2020090800100412.0,2020년 9월,화요일,서울특별시 광진구 자양동,경상사고,0,0,1,0,차대차 - 기타,안전거리미확보,건조,맑음,단일로 - 기타,승용,남,51-60세,상해없음,승용,남,21-30세,경상,2020,9
2020090800100626.0,2020년 9월,화요일,서울특별시 광진구 자양동,중상사고,0,1,0,0,차량단독 - 전도전복,안전운전불이행,건조,맑음,단일로 - 기타,개인형이동수단(PM),남,20세 이하,중상,,,,,2020,9
2020090900100336.8,2020년 9월,수요일,서울특별시 광진구 자양동,경상사고,0,0,1,0,차대차 - 기타,안전운전불이행,기타,맑음,단일로 - 교량,승용,남,41-50세,상해없음,승용,여,41-50세,경상,2020,9
2020091100100058.0,2020년 9월,금요일,서울특별시 광진구 구의동,경상사고,0,0,1,0,차대차 - 충돌,안전거리미확보,건조,맑음,단일로 - 기타,화물,남,51-60세,상해없음,승용,남,41-50세,경상,2020,9
2020091100100084.0,2020년 9월,금요일,서울특별시 광진구 군자동,경상사고,0,0,1,0,차대차 - 기타,안전운전불이행,건조,맑음,교차로 - 교차로부근,승용,남,51-60세,상해없음,이륜,남,31-40세,경상,2020,9
2020091100100114.0,2020년 9월,금요일,서울특별시 광진구 자양동,경상사고,0,0,1,0,차대차 - 충돌,안전운전불이행,건조,맑음,교차로 - 교차로부근,승용,여,51-60세,상해없음,원동기,남,31-40세,경상,2020,9
2020091200100179.2,2020년 9월,토요일,서울특별시 광진구 구의동,경상사고,0,0,1,0,차대사람 - 기타,교차로운행방법위반,건조,맑음,교차로 - 교차로안,승용,남,41-50세,상해없음,보행자,여,61-64세,경상,2020,9
2020091200100298.0,2020년 9월,토요일,서울특별시 광진구 자양동,경상사고,0,0,1,0,차대차 - 추돌,안전운전불이행,건조,맑음,단일로 - 기타,승용,남,31-40세,상해없음,승용,남,65세 이상,경상,2020,9
2020091200100448.8,2020년 9월,토요일,서울특별시 광진구 중곡동,경상사고,0,0,3,0,차대차 - 기타,안전운전불이행,건조,맑음,단일로 - 기타,승용,남,65세 이상,상해없음,승용,남,31-40세,경상,2020,9
2020091300100118.0,2020년 9월,일요일,서울특별시 광진구 화양동,중상사고,0,1,0,0,차대사람 - 보도통행중,신호위반,건조,맑음,단일로 - 기타,이륜,남,41-50세,상해없음,보행자,남,51-60세,중상,2020,9
2020091300100186.0,2020년 9월,일요일,서울특별시 광진구 군자동,중상사고,0,1,0,0,차대차 - 충돌,안전거리미확보,건조,맑음,교차로 - 교차로안,이륜,남,21-30세,상해없음,원동기,남,31-40세,중상,2020,9
2020091400100031.2,2020년 9월,월요일,서울특별시 광진구 화양동,부상신고사고,0,0,0,1,차대차 - 기타,안전운전불이행,젖음/습기,맑음,교차로 - 교차로안,이륜,남,31-40세,부상신고,원동기,남,21-30세,상해없음,2020,9
2020091400100064.8,2020년 9월,월요일,서울특별시 광진구 구의동,경상사고,0,0,1,0,차대차 - 충돌,안전운전불이행,건조,맑음,교차로 - 교차로부근,승용,여,51-60세,상해없음,승용,남,21-30세,경상,2020,9
2020091400100243.2,2020년 9월,월요일,서울특별시 광진구 자양동,경상사고,0,0,1,0,차대차 - 추돌,안전운전불이행,기타,맑음,기타 - 기타,승용,여,31-40세,상해없음,화물,남,51-60세,경상,2020,9
2020091400100418.0,2020년 9월,월요일,서울특별시 광진구 중곡동,경상사고,0,0,1,0,차대차 - 기타,안전운전불이행,기타,맑음,기타 - 기타,승용,남,65세 이상,상해없음,승용,여,61-64세,경상,2020,9
2020091400100508.0,2020년 9월,월요일,서울특별시 광진구 화양동,경상사고,0,0,1,0,차대차 - 기타,안전운전불이행,건조,맑음,단일로 - 기타,이륜,남,31-40세,경상,승용,남,41-50세,상해없음,2020,9
2020091600100148.0,2020년 9월,수요일,서울특별시 광진구 자양동,중상사고,0,1,0,0,차대차 - 충돌,직진우회전진행방해,건조,맑음,교차로 - 교차로안,개인형이동수단(PM),남,31-40세,중상,승용,남,31-40세,상해없음,2020,9
2020091600100519.2,2020년 9월,수요일,서울특별시 광진구 구의동,경상사고,0,0,2,0,차대차 - 추돌,안전운전불이행,건조,맑음,교차로 - 교차로부근,승용,남,41-50세,상해없음,승용,남,41-50세,경상,2020,9
2020091700100175.2,2020년 9월,목요일,서울특별시 광진구 자양동,경상사고,0,0,1,0,차대사람 - 차도통행중,안전운전불이행,건조,맑음,단일로 - 기타,승용,남,21-30세,상해없음,보행자,남,65세 이상,경상,2020,9
2020091800100088.8,2020년 9월,금요일,서울특별시 광진구 군자동,중상사고,0,1,0,0,차대사람 - 기타,보행자보호의무위반,건조,맑음,교차로 - 교차로횡단보도내,화물,남,65세 이상,상해없음,보행자,남,65세 이상,중상,2020,9
2020091800100266.0,2020년 9월,금요일,서울특별시 광진구 중곡동,경상사고,0,0,1,0,차대차 - 충돌,신호위반,건조,맑음,교차로 - 교차로횡단보도내,이륜,남,61-64세,경상,승합,남,41-50세,상해없음,2020,9
2020091800100688.0,2020년 9월,금요일,서울특별시 광진구 중곡동,중상사고,0,1,0,0,차대사람 - 기타,안전운전불이행,건조,맑음,단일로 - 기타,승용,여,41-50세,상해없음,보행자,여,13-20세,중상,2020,9
2020091900100018.0,2020년 9월,토요일,서울특별시 광진구 화양동,경상사고,0,0,2,0,차대사람 - 기타,안전운전불이행,건조,맑음,단일로 - 기타,승용,남,21-30세,상해없음,보행자,남,21-30세,경상,2020,9
2020091900100543.2,2020년 9월,토요일,서울특별시 광진구 중곡동,경상사고,0,0,1,0,차대사람 - 횡단중,신호위반,기타,맑음,기타 - 기타,승용,남,51-60세,상해없음,보행자,여,51-60세,경상,2020,9
2020092100100216.0,2020년 9월,월요일,서울특별시 광진구 구의동,경상사고,0,0,1,0,차대차 - 기타,안전운전불이행,건조,맑음,교차로 - 교차로안,이륜,남,31-40세,상해없음,자전거,여,65세 이상,경상,2020,9
2020092100100664.0,2020년 9월,월요일,서울특별시 광진구 중곡동,경상사고,0,0,2,0,차대차 - 기타,안전거리미확보,건조,맑음,교차로 - 교차로안,승용,남,41-50세,상해없음,이륜,남,51-60세,경상,2020,9
2020092200100183.2,2020년 9월,화요일,서울특별시 광진구 자양동,경상사고,0,0,1,0,차대차 - 충돌,안전운전불이행,건조,맑음,단일로 - 기타,승용,남,21-30세,상해없음,승용,남,31-40세,경상,2020,9
2020092300100058.0,2020년 9월,수요일,서울특별시 광진구 화양동,경상사고,0,0,1,0,차대사람 - 횡단중,안전운전불이행,건조,맑음,단일로 - 기타,개인형이동수단(PM),남,21-30세,상해없음,보행자,여,51-60세,경상,2020,9
2020092300100568.0,2020년 9월,수요일,서울특별시 광진구 군자동,경상사고,0,0,1,0,차대차 - 추돌,안전운전불이행,건조,맑음,단일로 - 기타,승용,여,31-40세,상해없음,승용,남,61-64세,경상,2020,9
2020092400100315.2,2020년 9월,목요일,서울특별시 광진구 중곡동,중상사고,0,2,0,0,차대차 - 충돌,안전거리미확보,건조,맑음,단일로 - 기타,승용,남,65세 이상,상해없음,승합,남,31-40세,중상,2020,9
2020090000000000.0,2020년 9월,목요일,서울특별시 광진구 중곡동,경상사고,0,0,1,0,차대차 - 추돌,안전운전불이행,건조,맑음,교차로 - 교차로부근,승용,남,51-60세,상해없음,승용,남,31-40세,경상,2020,9
2020092400100638.0,2020년 9월,목요일,서울특별시 광진구 화양동,경상사고,0,0,1,0,차대차 - 충돌,안전운전불이행,건조,맑음,교차로 - 교차로안,승용,남,31-40세,상해없음,승용,남,61-64세,경상,2020,9
2020092500100360.8,2020년 9월,금요일,서울특별시 광진구 광장동,중상사고,0,1,0,0,차대차 - 기타,안전운전불이행,기타,맑음,기타 - 기타,승용,여,61-64세,상해없음,승용,남,31-40세,중상,2020,9
2020092600100087.2,2020년 9월,토요일,서울특별시 광진구 자양동,경상사고,0,0,1,0,차대차 - 충돌,안전거리미확보,건조,맑음,단일로 - 교량,승용,여,20세 이하,상해없음,승용,여,41-50세,경상,2020,9
2020092600100208.0,2020년 9월,토요일,서울특별시 광진구 자양동,중상사고,0,1,0,0,차대차 - 기타,안전운전불이행,기타,맑음,기타 - 기타,건설기계,남,51-60세,상해없음,자전거,남,65세 이상,중상,2020,9
2020092700100002.0,2020년 9월,일요일,서울특별시 광진구 화양동,경상사고,0,0,5,0,차대차 - 충돌,안전운전불이행,건조,맑음,단일로 - 기타,승용,남,31-40세,상해없음,승용,여,31-40세,경상,2020,9
2020092700100076.8,2020년 9월,일요일,서울특별시 광진구 자양동,경상사고,0,0,1,0,차대사람 - 횡단중,안전운전불이행,건조,맑음,교차로 - 교차로안,개인형이동수단(PM),남,21-30세,상해없음,보행자,여,21-30세,경상,2020,9
2020092800100031.2,2020년 9월,월요일,서울특별시 광진구 광장동,중상사고,0,1,2,0,차대차 - 기타,신호위반,기타,맑음,교차로 - 교차로안,승합,남,21-30세,상해없음,승용,여,41-50세,중상,2020,9
2020093000100003.2,2020년 9월,수요일,서울특별시 광진구 중곡동,부상신고사고,0,0,0,1,차량단독 - 기타,안전운전불이행,건조,맑음,단일로 - 기타,자전거,남,51-60세,부상신고,,,,,2020,9
2020093000100491.2,2020년 9월,수요일,서울특별시 광진구 광장동,경상사고,0,0,1,0,차량단독 - 충돌,안전운전불이행,건조,맑음,교차로 - 교차로부근,이륜,여,20세 이하,경상,,,,,2020,9
2020093000100511.2,2020년 9월,수요일,서울특별시 광진구 능동,경상사고,0,0,1,0,차대사람 - 길가장자리구역통행중,안전운전불이행,건조,맑음,단일로 - 기타,승용,남,20세 이하,상해없음,보행자,남,21-30세,경상,2020,9
2020100100100176.0,2020년 10월,목요일,서울특별시 광진구 중곡동,중상사고,0,1,0,0,차대차 - 충돌,기타,건조,맑음,기타 - 기타,개인형이동수단(PM),남,20세 이하,상해없음,자전거,여,65세 이상,중상,2020,10
2020100100100323.2,2020년 10월,목요일,서울특별시 광진구 중곡동,경상사고,0,0,2,0,차대차 - 충돌,직진우회전진행방해,건조,맑음,교차로 - 교차로안,승용,남,31-40세,경상,승용,남,51-60세,경상,2020,10
2020100400100112.0,2020년 10월,일요일,서울특별시 광진구 중곡동,경상사고,0,0,1,0,차대차 - 기타,신호위반,기타,맑음,단일로 - 기타,승용,남,21-30세,상해없음,승용,남,21-30세,경상,2020,10
2020100000000000.0,2020년 10월,일요일,서울특별시 광진구 화양동,경상사고,0,0,1,0,차대차 - 충돌,안전운전불이행,건조,맑음,단일로 - 기타,원동기,남,51-60세,경상,승용,남,21-30세,상해없음,2020,10
2020100500100416.0,2020년 10월,월요일,서울특별시 광진구 광장동,경상사고,0,0,1,0,차대차 - 충돌,안전운전불이행,건조,맑음,단일로 - 기타,승용,여,41-50세,상해없음,승용,남,21-30세,경상,2020,10
2020100500100554.0,2020년 10월,월요일,서울특별시 광진구 자양동,경상사고,0,0,1,0,차대차 - 기타,안전운전불이행,기타,맑음,기타 - 기타,이륜,남,31-40세,상해없음,승용,남,31-40세,경상,2020,10
2020100600100084.8,2020년 10월,화요일,서울특별시 광진구 광장동,경상사고,0,0,1,0,차대차 - 추돌,안전운전불이행,건조,맑음,단일로 - 기타,이륜,남,31-40세,상해없음,승용,남,21-30세,경상,2020,10
2020100700100000.8,2020년 10월,수요일,서울특별시 광진구 중곡동,경상사고,0,0,1,0,차대차 - 충돌,안전운전불이행,건조,맑음,단일로 - 기타,이륜,여,21-30세,상해없음,승용,여,21-30세,경상,2020,10
2020100700100002.0,2020년 10월,수요일,서울특별시 광진구 화양동,경상사고,0,0,2,0,차대사람 - 횡단중,신호위반,건조,맑음,교차로 - 교차로부근,승용,여,65세 이상,상해없음,보행자,여,21-30세,경상,2020,10
2020100700100442.0,2020년 10월,수요일,서울특별시 광진구 자양동,경상사고,0,0,1,0,차대사람 - 기타,안전운전불이행,건조,맑음,교차로 - 교차로부근,개인형이동수단(PM),여,21-30세,상해없음,보행자,여,61-64세,경상,2020,10
2020100700100542.0,2020년 10월,수요일,서울특별시 광진구 군자동,중상사고,0,1,0,0,차대차 - 충돌,안전거리미확보,건조,맑음,단일로 - 기타,기타불명,기타불명,기타불명,기타불명,이륜,여,21-30세,중상,2020,10
2020100700100568.0,2020년 10월,수요일,서울특별시 광진구 자양동,경상사고,0,0,1,0,차대차 - 충돌,신호위반,건조,맑음,교차로 - 교차로안,이륜,남,21-30세,경상,승용,남,51-60세,상해없음,2020,10
2020100800100071.2,2020년 10월,목요일,서울특별시 광진구 자양동,경상사고,0,0,2,0,차대차 - 기타,안전운전불이행,건조,맑음,교차로 - 교차로안,승용,남,51-60세,경상,승용,여,65세 이상,상해없음,2020,10
2020100800100272.0,2020년 10월,목요일,서울특별시 광진구 구의동,중상사고,0,1,0,0,차대차 - 충돌,안전운전불이행,건조,맑음,단일로 - 기타,승용,남,61-64세,상해없음,이륜,남,21-30세,중상,2020,10
2020100900100236.8,2020년 10월,금요일,서울특별시 광진구 자양동,경상사고,0,0,1,0,차대차 - 충돌,안전운전불이행,건조,맑음,단일로 - 기타,승용,남,31-40세,상해없음,화물,남,41-50세,경상,2020,10
2020100900100456.0,2020년 10월,금요일,서울특별시 광진구 자양동,경상사고,0,0,1,0,차대차 - 기타,안전운전불이행,건조,맑음,단일로 - 기타,개인형이동수단(PM),남,31-40세,상해없음,자전거,여,65세 이상,경상,2020,10
2020100900100502.0,2020년 10월,금요일,서울특별시 광진구 중곡동,중상사고,0,1,0,0,차대차 - 기타,신호위반,기타,맑음,교차로 - 교차로안,원동기,남,20세 이하,상해없음,승용,여,41-50세,상해없음,2020,10
2020100900100563.2,2020년 10월,금요일,서울특별시 광진구 광장동,경상사고,0,0,1,0,차대차 - 기타,신호위반,건조,맑음,단일로 - 기타,승용,여,21-30세,상해없음,개인형이동수단(PM),여,21-30세,경상,2020,10