사고번호,발생년월,요일,시군구,사고내용,사망자수,중상자수,경상자수,부상신고자수,사고유형,법규위반,노면상태,기상상태,도로형태,가해운전자 차종,가해운전자 성별,가해운전자 연령대,가해운전자 상해정도,피해운전자 차종,피해운전자 성별,피해운전자 연령대,피해운전자 상해정도,발생년도,발생월
2020111900100047.2,2020년 11월,목요일,서울특별시 광진구 화양동,경상사고,0,0,1,0,차대사람 - 기타,신호위반,기타,맑음,기타 - 기타,승용,남,65세 이상,상해없음,보행자,남,21-30세,경상,2020,11
2020111900100468.0,2020년 11월,목요일,서울특별시 광진구 자양동,경상사고,0,0,1,0,차대사람 - 차도통행중,안전운전불이행,건조,맑음,단일로 - 교량,승용,남,51-60세,상해없음,보행자,남,31-40세,경상,2020,11
2020111900100634.0,2020년 11월,목요일,서울특별시 광진구 군자동,부상신고사고,0,0,0,1,차대차 - 기타,안전거리미확보,건조,맑음,단일로 - 기타,기타불명,기타불명,기타불명,기타불명,이륜,남,41-50세,부상신고,2020,11
2020112000100186.0,2020년 11월,금요일,서울특별시 광진구 자양동,경상사고,0,0,1,0,차대사람 - 보도통행중,기타,건조,맑음,단일로 - 기타,승용,남,61-64세,상해없음,보행자,여,21-30세,경상,2020,11
2020112000100303.2,2020년 11월,금요일,서울특별시 광진구 자양동,경상사고,0,0,2,0,차대차 - 충돌,안전거리미확보,건조,맑음,단일로 - 기타,화물,남,65세 이상,상해없음,승용,여,51-60세,경상,2020,11
2020112000100564.0,2020년 11월,금요일,서울특별시 광진구 자양동,경상사고,0,0,1,0,차대차 - 추돌,안전운전불이행,건조,맑음,단일로 - 기타,승용,남,21-30세,상해없음,승용,남,13-20세,경상,2020,11
2020112000100708.0,2020년 11월,금요일,서울특별시 광진구 중곡동,경상사고,0,0,1,0,차대차 - 충돌,안전운전불이행,건조,맑음,단일로 - 기타,승용,남,31-40세,상해없음,승용,남,51-60세,기타불명,2020,11
2020112100100364.8,2020년 11월,토요일,서울특별시 광진구 자양동,중상사고,0,1,0,0,차대사람 - 기타,안전운전불이행,기타,맑음,단일로 - 기타,화물,남,41-50세,상해없음,보행자,여,41-50세,중상,2020,11
2020110000000000.0,2020년 11월,일요일,서울특별시 광진구 자양동,경상사고,0,0,4,0,차대차 - 추돌,안전운전불이행,건조,맑음,단일로 - 기타,승용,남,21-30세,상해없음,승용,여,65세 이상,경상,2020,11
2020110000000000.0,2020년 11월,월요일,서울특별시 광진구 화양동,경상사고,0,0,1,0,차대차 - 충돌,신호위반,건조,맑음,교차로 - 교차로안,화물,남,65세 이상,상해없음,이륜,남,31-40세,경상,2020,11
2020112400100172.0,2020년 11월,화요일,서울특별시 광진구 중곡동,경상사고,0,0,1,0,차대차 - 충돌,안전운전불이행,건조,맑음,단일로 - 기타,승합,남,61-64세,상해없음,자전거,여,61-64세,경상,2020,11
2020112400100351.2,2020년 11월,화요일,서울특별시 광진구 자양동,중상사고,0,1,0,0,차대차 - 충돌,신호위반,건조,맑음,교차로 - 교차로안,승용,남,41-50세,상해없음,이륜,남,51-60세,중상,2020,11
2020110000000000.0,2020년 11월,목요일,서울특별시 광진구 자양동,경상사고,0,0,1,0,차대차 - 기타,안전거리미확보,건조,맑음,단일로 - 기타,승용,남,21-30세,상해없음,이륜,남,21-30세,경상,2020,11
2020112700100036.8,2020년 11월,금요일,서울특별시 광진구 군자동,경상사고,0,0,1,0,차대사람 - 횡단중,보행자보호의무위반,건조,맑음,교차로 - 교차로횡단보도내,원동기,남,31-40세,상해없음,보행자,남,51-60세,경상,2020,11
2020112700100204.8,2020년 11월,금요일,서울특별시 광진구 화양동,중상사고,0,1,0,0,차대사람 - 기타,안전운전불이행,건조,맑음,단일로 - 기타,화물,남,51-60세,상해없음,보행자,여,65세 이상,중상,2020,11
2020112700100232.8,2020년 11월,금요일,서울특별시 광진구 중곡동,경상사고,0,0,1,0,차대사람 - 기타,안전운전불이행,건조,맑음,교차로 - 교차로안,화물,남,41-50세,상해없음,보행자,여,51-60세,경상,2020,11
2020112700100316.0,2020년 11월,금요일,서울특별시 광진구 화양동,경상사고,0,0,1,0,차대차 - 충돌,안전운전불이행,건조,맑음,교차로 - 교차로부근,승용,여,51-60세,상해없음,이륜,남,21-30세,경상,2020,11
2020112700100556.8,2020년 11월,금요일,서울특별시 광진구 광장동,경상사고,0,0,1,0,차대차 - 충돌,신호위반,건조,맑음,단일로 - 교량,승용,남,31-40세,상해없음,자전거,남,31-40세,경상,2020,11
2020112800100002.0,2020년 11월,토요일,서울특별시 광진구 구의동,중상사고,0,1,0,0,차량단독 - 충돌,안전운전불이행,건조,맑음,단일로 - 고가도로위,승용,여,31-40세,중상,,,,,2020,11
2020110000000000.0,2020년 11월,토요일,서울특별시 광진구 자양동,경상사고,0,0,2,0,차대차 - 추돌,안전운전불이행,건조,맑음,단일로 - 기타,승용,남,31-40세,상해없음,승용,남,65세 이상,경상,2020,11
2020112900100083.2,2020년 11월,일요일,서울특별시 광진구 군자동,경상사고,0,0,1,0,차대차 - 충돌,안전거리미확보,건조,맑음,단일로 - 기타,승용,여,51-60세,상해없음,승용,남,21-30세,경상,2020,11
2020112900100200.8,2020년 11월,일요일,서울특별시 광진구 화양동,경상사고,0,0,1,0,차대차 - 충돌,신호위반,건조,맑음,교차로 - 교차로안,이륜,남,20세 이하,경상,승용,남,65세 이상,상해없음,2020,11
2020113000100531.2,2020년 11월,월요일,서울특별시 광진구 광장동,경상사고,0,0,1,0,차대차 - 충돌,안전거리미확보,건조,맑음,단일로 - 기타,승용,여,41-50세,상해없음,승용,여,51-60세,경상,2020,11
2020113000100616.8,2020년 11월,월요일,서울특별시 광진구 구의동,경상사고,0,0,1,0,차대차 - 충돌,안전운전불이행,건조,맑음,단일로 - 기타,승용,여,31-40세,상해없음,승용,남,65세 이상,경상,2020,11
2020120100100075.2,2020년 12월,화요일,서울특별시 광진구 군자동,부상신고사고,0,0,0,1,차대차 - 충돌,안전운전불이행,건조,맑음,단일로 - 기타,이륜,남,21-30세,부상신고,화물,남,21-30세,상해없음,2021,12
2020120100100488.8,2020년 12월,화요일,서울특별시 광진구 능동,경상사고,0,0,1,0,차대차 - 추돌,안전운전불이행,건조,맑음,교차로 - 교차로부근,승용,여,20세 이하,상해없음,승용,여,51-60세,경상,2021,12
2020120200100038.0,2020년 12월,수요일,서울특별시 광진구 화양동,경상사고,0,0,1,0,차대차 - 충돌,교차로운행방법위반,건조,맑음,교차로 - 교차로안,승용,남,51-60세,상해없음,이륜,남,21-30세,경상,2021,12
2020120200100454.0,2020년 12월,수요일,서울특별시 광진구 구의동,중상사고,0,1,0,0,차대차 - 충돌,직진우회전진행방해,건조,맑음,교차로 - 교차로안,원동기,남,51-60세,중상,승용,남,31-40세,상해없음,2021,12
2020120200100455.2,2020년 12월,수요일,서울특별시 광진구 화양동,경상사고,0,0,2,0,차대차 - 기타,신호위반,건조,맑음,단일로 - 기타,화물,남,61-64세,상해없음,자전거,여,41-50세,경상,2021,12
2020120200100456.0,2020년 12월,수요일,서울특별시 광진구 자양동,중상사고,0,1,0,0,차대차 - 충돌,안전운전불이행,건조,맑음,교차로 - 교차로안,이륜,남,65세 이상,상해없음,자전거,여,51-60세,중상,2021,12
2020120300100147.2,2020년 12월,목요일,서울특별시 광진구 중곡동,중상사고,0,1,3,0,차대차 - 추돌,안전운전불이행,건조,맑음,단일로 - 기타,승용,남,21-30세,상해없음,화물,남,61-64세,중상,2021,12
2020120300100551.2,2020년 12월,목요일,서울특별시 광진구 자양동,중상사고,0,2,1,0,차대차 - 충돌,신호위반,건조,맑음,교차로 - 교차로안,이륜,남,51-60세,중상,승용,여,65세 이상,경상,2021,12
2020120400100003.2,2020년 12월,금요일,서울특별시 광진구 구의동,경상사고,0,0,1,0,차대차 - 충돌,안전운전불이행,건조,맑음,교차로 - 교차로안,승용,남,31-40세,상해없음,이륜,남,41-50세,경상,2021,12
2020120400100252.8,2020년 12월,금요일,서울특별시 광진구 구의동,경상사고,0,0,1,0,차대사람 - 기타,안전운전불이행,건조,맑음,단일로 - 기타,승용,남,51-60세,상해없음,보행자,남,13-20세,경상,2021,12
2020120500100172.0,2020년 12월,토요일,서울특별시 광진구 구의동,경상사고,0,0,1,0,차대차 - 추돌,안전운전불이행,건조,맑음,단일로 - 기타,승용,남,31-40세,상해없음,승용,남,51-60세,상해없음,2021,12
2020120500100359.2,2020년 12월,토요일,서울특별시 광진구 자양동,중상사고,0,2,3,0,차대차 - 기타,안전거리미확보,건조,맑음,단일로 - 교량,승용,남,51-60세,상해없음,승합,남,51-60세,경상,2021,12
2020120500100500.8,2020년 12월,토요일,서울특별시 광진구 중곡동,중상사고,0,1,1,0,차대차 - 추돌,안전운전불이행,건조,맑음,단일로 - 기타,승용,남,41-50세,상해없음,승용,남,65세 이상,경상,2021,12
2020120700100079.2,2020년 12월,월요일,서울특별시 광진구 화양동,경상사고,0,0,1,0,차대차 - 기타,안전운전불이행,건조,맑음,교차로 - 교차로안,자전거,여,21-30세,기타불명,이륜,남,21-30세,경상,2021,12
2020120700100334.0,2020년 12월,월요일,서울특별시 광진구 화양동,경상사고,0,0,1,0,차대차 - 기타,안전거리미확보,건조,맑음,단일로 - 기타,승용,남,51-60세,상해없음,화물,남,61-64세,경상,2021,12
2020120800100000.8,2020년 12월,화요일,서울특별시 광진구 자양동,부상신고사고,0,0,0,1,차대차 - 충돌,안전운전불이행,건조,맑음,교차로 - 교차로부근,자전거,남,51-60세,부상신고,승용,남,61-64세,상해없음,2021,12
2020120800100016.0,2020년 12월,화요일,서울특별시 광진구 자양동,경상사고,0,0,1,0,차대차 - 기타,신호위반,건조,맑음,교차로 - 교차로안,이륜,남,41-50세,상해없음,이륜,남,13-20세,경상,2021,12
2020120800100446.0,2020년 12월,화요일,서울특별시 광진구 자양동,경상사고,0,0,1,0,차대차 - 충돌,안전거리미확보,건조,맑음,단일로 - 기타,승용,남,65세 이상,상해없음,승합,남,31-40세,경상,2021,12
2020120900100180.8,2020년 12월,수요일,서울특별시 광진구 구의동,경상사고,0,0,1,0,차대차 - 추돌,안전운전불이행,건조,맑음,단일로 - 기타,승용,남,51-60세,상해없음,원동기,남,31-40세,경상,2021,12
2020121000100344.8,2020년 12월,목요일,서울특별시 광진구 화양동,경상사고,0,0,1,0,차대사람 - 길가장자리구역통행중,안전운전불이행,건조,맑음,단일로 - 기타,승용,남,21-30세,상해없음,보행자,남,21-30세,경상,2021,12
2020120000000000.0,2020년 12월,금요일,서울특별시 광진구 자양동,경상사고,0,0,1,0,차대차 - 충돌,기타,건조,맑음,단일로 - 기타,승용,남,61-64세,상해없음,이륜,여,31-40세,경상,2021,12
2020121400100316.8,2020년 12월,월요일,서울특별시 광진구 자양동,경상사고,0,0,1,0,차대사람 - 기타,안전운전불이행,건조,맑음,단일로 - 기타,승용,남,65세 이상,상해없음,보행자,남,31-40세,경상,2021,12
2020121400100504.8,2020년 12월,월요일,서울특별시 광진구 화양동,경상사고,0,0,1,0,차대차 - 충돌,신호위반,건조,맑음,교차로 - 교차로안,원동기,남,21-30세,경상,승용,남,41-50세,상해없음,2021,12
2020121400100506.0,2020년 12월,월요일,서울특별시 광진구 구의동,중상사고,0,1,0,0,차대차 - 기타,안전거리미확보,건조,맑음,교차로 - 교차로부근,승용,여,51-60세,상해없음,원동기,남,13-20세,중상,2021,12
2020121500100012.0,2020년 12월,화요일,서울특별시 광진구 화양동,중상사고,0,1,0,0,차대사람 - 기타,보행자보호의무위반,건조,맑음,교차로 - 교차로안,승용,남,51-60세,상해없음,보행자,남,41-50세,중상,2021,12
2020121500100102.0,2020년 12월,화요일,서울특별시 광진구 광장동,경상사고,0,0,1,0,차대차 - 기타,교차로운행방법위반,건조,맑음,단일로 - 기타,승용,남,65세 이상,상해없음,승용,남,65세 이상,경상,2021,12
2020121500100192.0,2020년 12월,화요일,서울특별시 광진구 중곡동,경상사고,0,0,1,0,차대사람 - 길가장자리구역통행중,안전운전불이행,건조,맑음,단일로 - 기타,화물,남,41-50세,상해없음,보행자,여,21-30세,경상,2021,12
2020121500100266.0,2020년 12월,화요일,서울특별시 광진구 화양동,중상사고,0,1,0,0,차대사람 - 길가장자리구역통행중,안전운전불이행,건조,맑음,단일로 - 기타,승합,남,61-64세,상해없음,보행자,여,21-30세,중상,2021,12
2020121500100339.2,2020년 12월,화요일,서울특별시 광진구 광장동,경상사고,0,0,1,0,차대차 - 충돌,안전운전불이행,건조,맑음,단일로 - 기타,승용,남,41-50세,상해없음,승용,남,21-30세,경상,2021,12
2020121500100514.0,2020년 12월,화요일,서울특별시 광진구 구의동,중상사고,0,1,0,0,차대사람 - 횡단중,안전운전불이행,건조,맑음,교차로 - 교차로부근,이륜,남,31-40세,상해없음,보행자,여,51-60세,중상,2021,12
2020121600100004.8,2020년 12월,수요일,서울특별시 광진구 구의동,경상사고,0,0,1,0,차대차 - 기타,안전운전불이행,건조,맑음,교차로 - 교차로안,이륜,기타불명,기타불명,기타불명,이륜,남,21-30세,경상,2021,12
2020121600100063.2,2020년 12월,수요일,서울특별시 광진구 자양동,경상사고,0,0,4,0,차대차 - 추돌,안전운전불이행,건조,맑음,단일로 - 기타,화물,남,61-64세,상해없음,승용,남,51-60세,경상,2021,12
2020121600100226.0,2020년 12월,수요일,서울특별시 광진구 구의동,경상사고,0,0,1,0,차대차 - 충돌,안전거리미확보,건조,맑음,단일로 - 기타,승용,남,61-64세,상해없음,이륜,남,41-50세,경상,2021,12
2020121700100142.0,2020년 12월,목요일,서울특별시 광진구 자양동,경상사고,0,0,1,0,차대차 - 추돌,안전운전불이행,건조,맑음,단일로 - 기타,원동기,남,21-30세,경상,화물,남,51-60세,상해없음,2021,12
2020121700100143.2,2020년 12월,목요일,서울특별시 광진구 군자동,중상사고,0,1,0,0,차대차 - 기타,중앙선침범,건조,맑음,단일로 - 기타,승합,남,51-60세,상해없음,이륜,남,51-60세,중상,2021,12
2020121700100144.0,2020년 12월,목요일,서울특별시 광진구 화양동,경상사고,0,0,1,0,차대차 - 충돌,안전운전불이행,건조,맑음,교차로 - 교차로부근,승용,남,31-40세,상해없음,승용,남,65세 이상,경상,2021,12
2020121700100315.2,2020년 12월,목요일,서울특별시 광진구 구의동,경상사고,0,0,3,0,차대차 - 추돌,안전운전불이행,건조,맑음,단일로 - 기타,승용,여,41-50세,상해없음,이륜,남,51-60세,경상,2021,12
2020121700100316.0,2020년 12월,목요일,서울특별시 광진구 자양동,경상사고,0,0,1,0,차대차 - 추돌,안전운전불이행,건조,맑음,기타 - 기타,승용,여,65세 이상,상해없음,화물,남,21-30세,경상,2021,12
2020121700100415.2,2020년 12월,목요일,서울특별시 광진구 중곡동,경상사고,0,0,1,0,차대차 - 기타,안전운전불이행,건조,맑음,단일로 - 기타,원동기,남,31-40세,경상,승용,여,51-60세,상해없음,2021,12
2020121700100416.0,2020년 12월,목요일,서울특별시 광진구 구의동,중상사고,0,1,0,0,차대차 - 기타,신호위반,건조,맑음,교차로 - 교차로안,승용,여,31-40세,상해없음,원동기,남,31-40세,중상,2021,12
2020121800100128.0,2020년 12월,금요일,서울특별시 광진구 자양동,경상사고,0,0,1,1,차대차 - 추돌,안전운전불이행,건조,맑음,단일로 - 기타,화물,남,21-30세,상해없음,화물,남,31-40세,부상신고,2021,12
2020121800100508.8,2020년 12월,금요일,서울특별시 광진구 화양동,경상사고,0,0,1,0,차대사람 - 차도통행중,안전운전불이행,건조,맑음,단일로 - 기타,원동기,남,21-30세,상해없음,보행자,남,21-30세,경상,2021,12
2020121800100562.0,2020년 12월,금요일,서울특별시 광진구 화양동,중상사고,0,1,0,0,차대차 - 충돌,안전거리미확보,건조,맑음,단일로 - 기타,기타불명,기타불명,기타불명,기타불명,원동기,남,41-50세,중상,2021,12
2020121800100563.2,2020년 12월,금요일,서울특별시 광진구 화양동,경상사고,0,0,1,0,차대차 - 기타,안전거리미확보,건조,맑음,단일로 - 기타,승용,남,41-50세,상해없음,승용,남,41-50세,경상,2021,12
2020121900100000.8,2020년 12월,토요일,서울특별시 광진구 자양동,중상사고,0,1,0,0,차대차 - 기타,안전거리미확보,건조,맑음,단일로 - 기타,승용,남,51-60세,상해없음,이륜,남,41-50세,중상,2021,12
2020120000000000.0,2020년 12월,토요일,서울특별시 광진구 자양동,경상사고,0,0,1,0,차대차 - 추돌,안전운전불이행,건조,맑음,단일로 - 교량,승용,남,21-30세,상해없음,승용,남,51-60세,경상,2021,12
2020121900100067.2,2020년 12월,토요일,서울특별시 광진구 자양동,경상사고,0,0,1,0,차대차 - 기타,안전운전불이행,젖음/습기,맑음,단일로 - 기타,이륜,남,21-30세,경상,기타불명,기타불명,기타불명,기타불명,2021,12
2020122000100286.0,2020년 12월,일요일,서울특별시 광진구 군자동,경상사고,0,0,1,0,차대차 - 기타,안전운전불이행,기타,맑음,기타 - 기타,승용,남,51-60세,기타불명,이륜,남,51-60세,경상,2021,12
2020122000100287.2,2020년 12월,일요일,서울특별시 광진구 화양동,경상사고,0,0,1,0,차대차 - 기타,안전거리미확보,서리/결빙,맑음,단일로 - 기타,승용,남,61-64세,상해없음,이륜,남,21-30세,경상,2021,12
2020122100100000.8,2020년 12월,월요일,서울특별시 광진구 화양동,중상사고,0,1,0,0,차대차 - 추돌,안전운전불이행,건조,맑음,교차로 - 교차로안,이륜,남,21-30세,상해없음,이륜,남,41-50세,중상,2021,12
2020122200100244.0,2020년 12월,화요일,서울특별시 광진구 중곡동,경상사고,0,0,1,0,차대차 - 기타,안전거리미확보,건조,맑음,단일로 - 기타,승용,남,65세 이상,상해없음,이륜,남,41-50세,경상,2021,12
2020122300100527.2,2020년 12월,수요일,서울특별시 광진구 화양동,중상사고,0,1,1,0,차대차 - 충돌,안전운전불이행,건조,맑음,교차로 - 교차로부근,이륜,남,21-30세,경상,승용,남,31-40세,중상,2021,12
2020120000000000.0,2020년 12월,수요일,서울특별시 광진구 능동,경상사고,0,0,1,0,차대차 - 추돌,안전운전불이행,젖음/습기,맑음,단일로 - 기타,이륜,남,20세 이하,상해없음,승용,남,51-60세,경상,2021,12
2020122400100296.0,2020년 12월,목요일,서울특별시 광진구 중곡동,중상사고,0,1,0,0,차대사람 - 보도통행중,기타,건조,맑음,단일로 - 기타,화물,남,51-60세,상해없음,보행자,남,31-40세,중상,2021,12
2020122400100507.2,2020년 12월,목요일,서울특별시 광진구 화양동,경상사고,0,0,1,0,차대차 - 기타,안전거리미확보,기타,맑음,기타 - 기타,승용,여,51-60세,상해없음,승용,남,41-50세,경상,2021,12
2020122500100095.2,2020년 12월,금요일,서울특별시 광진구 중곡동,경상사고,0,0,1,0,차대사람 - 횡단중,신호위반,건조,맑음,교차로 - 교차로횡단보도내,화물,남,51-60세,상해없음,보행자,여,13-20세,경상,2021,12
2020120000000000.0,2020년 12월,금요일,서울특별시 광진구 광장동,중상사고,0,1,1,0,차대차 - 추돌,안전운전불이행,건조,맑음,단일로 - 기타,건설기계,남,41-50세,상해없음,승용,남,41-50세,경상,2021,12
2020122800100231.2,2020년 12월,월요일,서울특별시 광진구 자양동,경상사고,0,0,1,0,차대사람 - 횡단중,보행자보호의무위반,건조,맑음,교차로 - 교차로횡단보도내,화물,남,61-64세,상해없음,보행자,여,31-40세,경상,2021,12
2020122900100391.2,2020년 12월,화요일,서울특별시 광진구 자양동,경상사고,0,0,4,0,차대차 - 충돌,직진우회전진행방해,건조,맑음,교차로 - 교차로안,승용,남,51-60세,상해없음,승용,남,31-40세,경상,2021,12
2020123000100095.2,2020년 12월,수요일,서울특별시 광진구 자양동,경상사고,0,0,1,0,차대차 - 추돌,안전거리미확보,건조,맑음,단일로 - 기타,승용,남,61-64세,상해없음,승용,남,51-60세,경상,2021,12
2020123100100382.0,2020년 12월,목요일,서울특별시 광진구 군자동,경상사고,0,0,1,0,차대차 - 추돌,안전운전불이행,건조,맑음,교차로 - 교차로안,승용,남,65세 이상,상해없음,승용,남,51-60세,경상,2021,12
2021010100100182.0,2021년 1월,금요일,서울특별시 광진구 화양동,경상사고,0,0,1,0,차대차 - 추돌,안전운전불이행,건조,맑음,단일로 - 기타,승용,남,51-60세,상해없음,이륜,남,21-30세,경상,2021,1
2021010200100139.2,2021년 1월,토요일,서울특별시 광진구 화양동,경상사고,0,0,1,0,차대차 - 충돌,신호위반,건조,맑음,단일로 - 기타,승용,남,65세 이상,상해없음,이륜,남,51-60세,경상,2021,1
2021010200100231.2,2021년 1월,토요일,서울특별시 광진구 구의동,경상사고,0,0,1,0,차대사람 - 보도통행중,기타,건조,맑음,단일로 - 기타,승용,남,31-40세,상해없음,보행자,남,65세 이상,경상,2021,1
2021010200100314.0,2021년 1월,토요일,서울특별시 광진구 구의동,경상사고,0,0,2,0,차대차 - 기타,안전운전불이행,건조,맑음,교차로 - 교차로부근,승용,남,41-50세,상해없음,승용,남,51-60세,경상,2021,1
2021010400100252.8,2021년 1월,월요일,서울특별시 광진구 중곡동,경상사고,0,0,1,0,차대차 - 추돌,안전운전불이행,건조,맑음,단일로 - 기타,승용,남,51-60세,상해없음,승용,여,51-60세,경상,2021,1
2021010400100432.0,2021년 1월,월요일,서울특별시 광진구 중곡동,경상사고,0,0,2,0,차대차 - 추돌,안전운전불이행,건조,맑음,단일로 - 기타,승용,남,31-40세,상해없음,승용,남,51-60세,경상,2021,1
2021010600100095.2,2021년 1월,수요일,서울특별시 광진구 자양동,경상사고,0,0,1,0,차대차 - 충돌,안전거리미확보,건조,맑음,단일로 - 기타,승용,여,41-50세,상해없음,승용,남,21-30세,경상,2021,1
2021010000000000.0,2021년 1월,목요일,서울특별시 광진구 구의동,경상사고,0,0,1,0,차대차 - 충돌,안전거리미확보,젖음/습기,맑음,단일로 - 기타,승합,남,41-50세,상해없음,승용,여,51-60세,경상,2021,1
2021010700100336.8,2021년 1월,목요일,서울특별시 광진구 중곡동,경상사고,0,0,1,0,차대사람 - 횡단중,안전운전불이행,건조,맑음,단일로 - 기타,승용,남,61-64세,상해없음,보행자,여,21-30세,경상,2021,1
2021010800100467.2,2021년 1월,금요일,서울특별시 광진구 자양동,경상사고,0,0,2,0,차대사람 - 횡단중,보행자보호의무위반,건조,맑음,교차로 - 교차로안,승용,여,31-40세,상해없음,보행자,남,13-20세,경상,2021,1
2021010800100504.8,2021년 1월,금요일,서울특별시 광진구 자양동,부상신고사고,0,0,0,1,차량단독 - 기타,안전운전불이행,젖음/습기,맑음,단일로 - 기타,승용,남,21-30세,부상신고,,,,,2021,1
2021010000000000.0,2021년 1월,토요일,서울특별시 광진구 자양동,경상사고,0,0,1,0,차대차 - 충돌,안전거리미확보,건조,맑음,단일로 - 기타,승용,남,41-50세,경상,승용,남,51-60세,상해없음,2021,1
2021011000100064.8,2021년 1월,일요일,서울특별시 광진구 중곡동,경상사고,0,0,2,0,차대차 - 추돌,안전운전불이행,건조,맑음,단일로 - 기타,승용,여,65세 이상,상해없음,승용,남,31-40세,경상,2021,1
2021011000100120.8,2021년 1월,일요일,서울특별시 광진구 자양동,경상사고,0,0,2,0,차대차 - 기타,안전운전불이행,건조,맑음,단일로 - 기타,승용,남,31-40세,상해없음,승용,남,21-30세,경상,2021,1
2021010000000000.0,2021년 1월,일요일,서울특별시 광진구 중곡동,경상사고,0,0,1,0,차대차 - 추돌,안전운전불이행,건조,맑음,단일로 - 기타,기타불명,기타불명,기타불명,기타불명,승용,남,21-30세,상해없음,2021,1
2021011000100204.8,2021년 1월,일요일,서울특별시 광진구 화양동,경상사고,0,0,1,0,차대차 - 충돌,안전운전불이행,건조,맑음,단일로 - 기타,승용,남,41-50세,상해없음,이륜,남,41-50세,경상,2021,1
2021011000100206.0,2021년 1월,일요일,서울특별시 광진구 구의동,부상신고사고,0,0,0,1,차대차 - 기타,안전운전불이행,서리/결빙,맑음,교차로 - 교차로안,원동기,남,31-40세,부상신고,승용,남,21-30세,상해없음,2021,1
2021011100100263.2,2021년 1월,월요일,서울특별시 광진구 중곡동,경상사고,0,0,1,0,차대차 - 기타,안전거리미확보,건조,맑음,단일로 - 기타,승용,남,51-60세,상해없음,이륜,여,51-60세,경상,2021,1
2021011100100299.2,2021년 1월,월요일,서울특별시 광진구 군자동,경상사고,0,0,1,0,차대차 - 기타,안전거리미확보,젖음/습기,흐림,단일로 - 기타,이륜,남,31-40세,경상,승용,남,65세 이상,상해없음,2021,1
2021011100100323.2,2021년 1월,월요일,서울특별시 광진구 중곡동,경상사고,0,0,1,0,차대차 - 기타,안전운전불이행,젖음/습기,맑음,단일로 - 기타,승합,남,31-40세,상해없음,승용,남,31-40세,경상,2021,1
2021011300100047.2,2021년 1월,수요일,서울특별시 광진구 구의동,경상사고,0,0,1,0,차대사람 - 횡단중,안전운전불이행,젖음/습기,맑음,단일로 - 기타,승용,남,65세 이상,상해없음,보행자,여,65세 이상,경상,2021,1
2021011400100012.0,2021년 1월,목요일,서울특별시 광진구 구의동,경상사고,0,0,2,0,차대차 - 추돌,안전운전불이행,젖음/습기,맑음,단일로 - 기타,승용,남,31-40세,상해없음,승용,남,65세 이상,경상,2021,1
2021011400100212.8,2021년 1월,목요일,서울특별시 광진구 광장동,경상사고,0,0,1,0,차대차 - 기타,안전운전불이행,건조,맑음,단일로 - 기타,이륜,남,41-50세,상해없음,이륜,남,31-40세,경상,2021,1
2021011400100622.0,2021년 1월,목요일,서울특별시 광진구 중곡동,경상사고,0,0,1,0,차대차 - 충돌,안전운전불이행,건조,맑음,단일로 - 기타,이륜,남,21-30세,경상,승용,남,51-60세,상해없음,2021,1
2021011500100514.0,2021년 1월,금요일,서울특별시 광진구 구의동,경상사고,0,0,1,0,차대차 - 충돌,안전거리미확보,건조,맑음,단일로 - 기타,승용,남,21-30세,상해없음,승용,남,51-60세,상해없음,2021,1
2021011600100016.0,2021년 1월,토요일,서울특별시 광진구 화양동,경상사고,0,0,1,0,차대차 - 기타,안전운전불이행,건조,맑음,교차로 - 교차로안,원동기,남,31-40세,경상,승용,남,21-30세,상해없음,2021,1
2021011600100142.0,2021년 1월,토요일,서울특별시 광진구 중곡동,경상사고,0,0,2,0,차대차 - 기타,안전운전불이행,건조,맑음,단일로 - 기타,기타불명,기타불명,기타불명,기타불명,승용,남,51-60세,경상,2021,1
2021011600100244.8,2021년 1월,토요일,서울특별시 광진구 화양동,경상사고,0,0,2,0,차대차 - 기타,안전운전불이행,건조,맑음,단일로 - 기타,승용,남,51-60세,상해없음,승용,남,61-64세,경상,2021,1
2021010000000000.0,2021년 1월,토요일,서울특별시 광진구 구의동,경상사고,0,0,1,0,차대차 - 기타,안전운전불이행,건조,맑음,교차로 - 교차로부근,승용,남,21-30세,상해없음,이륜,남,31-40세,경상,2021,1
2021011600100362.0,2021년 1월,토요일,서울특별시 광진구 중곡동,중상사고,0,1,0,0,차대차 - 기타,안전거리미확보,건조,맑음,단일로 - 기타,기타불명,기타불명,기타불명,기타불명,이륜,남,31-40세,중상,2021,1
2021011600100392.0,2021년 1월,토요일,서울특별시 광진구 군자동,중상사고,0,1,0,0,차대차 - 추돌,안전운전불이행,젖음/습기,맑음,단일로 - 기타,승용,여,21-30세,상해없음,승용,남,21-30세,중상,2021,1
2021011800100044.0,2021년 1월,월요일,서울특별시 광진구 구의동,경상사고,0,0,1,0,차대차 - 충돌,안전거리미확보,건조,맑음,교차로 - 교차로부근,화물,남,51-60세,상해없음,승용,남,21-30세,경상,2021,1