사고번호,발생년월,요일,시군구,사고내용,사망자수,중상자수,경상자수,부상신고자수,사고유형,법규위반,노면상태,기상상태,도로형태,가해운전자 차종,가해운전자 성별,가해운전자 연령대,가해운전자 상해정도,피해운전자 차종,피해운전자 성별,피해운전자 연령대,피해운전자 상해정도,발생년도,발생월
2021011800100203.2,2021년 1월,월요일,서울특별시 광진구 자양동,경상사고,0,0,1,0,차대차 - 기타,안전운전불이행,건조,맑음,단일로 - 기타,승용,여,31-40세,상해없음,승용,남,31-40세,경상,2021,1
2021011900100000.8,2021년 1월,화요일,서울특별시 광진구 중곡동,경상사고,0,0,1,0,차대차 - 기타,안전운전불이행,건조,맑음,교차로 - 교차로부근,승용,남,41-50세,상해없음,원동기,남,51-60세,경상,2021,1
2021011900100002.0,2021년 1월,화요일,서울특별시 광진구 화양동,중상사고,0,1,0,0,차대차 - 충돌,안전거리미확보,건조,맑음,교차로 - 교차로부근,승용,남,31-40세,상해없음,원동기,남,31-40세,중상,2021,1
2021011900100167.2,2021년 1월,화요일,서울특별시 광진구 중곡동,중상사고,0,1,1,0,차대차 - 충돌,신호위반,건조,맑음,교차로 - 교차로부근,화물,남,65세 이상,상해없음,승용,여,51-60세,경상,2021,1
2021011900100296.8,2021년 1월,화요일,서울특별시 광진구 자양동,경상사고,0,0,3,0,차대차 - 기타,교차로운행방법위반,건조,맑음,교차로 - 교차로안,이륜,남,51-60세,경상,승용,남,61-64세,경상,2021,1
2021012000100002.0,2021년 1월,수요일,서울특별시 광진구 광장동,중상사고,0,1,0,0,차대차 - 충돌,안전거리미확보,건조,맑음,단일로 - 기타,화물,남,65세 이상,상해없음,원동기,남,31-40세,중상,2021,1
2021012000100302.0,2021년 1월,수요일,서울특별시 광진구 중곡동,경상사고,0,0,1,0,차대차 - 기타,안전운전불이행,건조,맑음,단일로 - 기타,승합,남,51-60세,상해없음,승용,남,21-30세,경상,2021,1
2021012000100360.8,2021년 1월,수요일,서울특별시 광진구 중곡동,경상사고,0,0,2,0,차대차 - 기타,안전운전불이행,건조,맑음,단일로 - 기타,승용,여,21-30세,상해없음,승용,남,21-30세,경상,2021,1
2021012000100532.8,2021년 1월,수요일,서울특별시 광진구 군자동,경상사고,0,0,2,0,차대차 - 충돌,안전거리미확보,건조,맑음,단일로 - 기타,승용,남,65세 이상,상해없음,화물,남,41-50세,경상,2021,1
2021012000100614.0,2021년 1월,수요일,서울특별시 광진구 자양동,경상사고,0,0,2,0,차대차 - 추돌,안전거리미확보,젖음/습기,맑음,단일로 - 기타,승용,여,51-60세,상해없음,승용,여,61-64세,경상,2021,1
2021012100100091.2,2021년 1월,목요일,서울특별시 광진구 구의동,중상사고,0,2,0,0,차대차 - 추돌,안전운전불이행,젖음/습기,맑음,단일로 - 교량,승합,남,51-60세,상해없음,승용,남,21-30세,중상,2021,1
2021012100100124.0,2021년 1월,목요일,서울특별시 광진구 자양동,경상사고,0,0,2,0,차대차 - 추돌,안전운전불이행,건조,맑음,단일로 - 기타,승용,남,61-64세,상해없음,승용,여,31-40세,경상,2021,1
2021012100100340.8,2021년 1월,목요일,서울특별시 광진구 구의동,경상사고,0,0,1,0,차량단독 - 기타,안전운전불이행,젖음/습기,비,단일로 - 기타,승용,남,61-64세,상해없음,,,,,2021,1
2021012100100534.0,2021년 1월,목요일,서울특별시 광진구 구의동,경상사고,0,0,1,0,차대차 - 추돌,안전운전불이행,건조,맑음,교차로 - 교차로안,승용,남,41-50세,상해없음,승용,남,51-60세,경상,2021,1
2021012300100026.0,2021년 1월,토요일,서울특별시 광진구 중곡동,경상사고,0,0,1,0,차대사람 - 보도통행중,안전운전불이행,건조,맑음,단일로 - 기타,승용,남,65세 이상,상해없음,보행자,남,21-30세,경상,2021,1
2021012300100063.2,2021년 1월,토요일,서울특별시 광진구 구의동,경상사고,0,0,1,0,차대차 - 충돌,신호위반,건조,맑음,교차로 - 교차로안,승용,남,65세 이상,상해없음,이륜,남,21-30세,경상,2021,1
2021012300100232.8,2021년 1월,토요일,서울특별시 광진구 중곡동,경상사고,0,0,2,0,차대차 - 추돌,안전운전불이행,건조,맑음,단일로 - 기타,승용,남,31-40세,상해없음,승용,남,41-50세,경상,2021,1
2021012300100268.0,2021년 1월,토요일,서울특별시 광진구 구의동,중상사고,0,1,0,0,차대차 - 충돌,신호위반,건조,맑음,교차로 - 교차로안,이륜,남,41-50세,중상,승용,여,41-50세,상해없음,2021,1
2021012400100002.0,2021년 1월,일요일,서울특별시 광진구 자양동,경상사고,0,0,1,0,차대차 - 추돌,안전운전불이행,건조,맑음,단일로 - 기타,승용,남,31-40세,상해없음,승용,남,31-40세,경상,2021,1
2021012500100123.2,2021년 1월,월요일,서울특별시 광진구 자양동,경상사고,0,0,1,0,차대차 - 충돌,차로위반,건조,맑음,단일로 - 기타,화물,남,31-40세,상해없음,승용,남,21-30세,경상,2021,1
2021012500100220.8,2021년 1월,월요일,서울특별시 광진구 중곡동,경상사고,0,0,1,0,차대차 - 추돌,안전운전불이행,건조,맑음,단일로 - 기타,승용,남,21-30세,상해없음,승합,남,21-30세,경상,2021,1
2021012500100523.2,2021년 1월,월요일,서울특별시 광진구 화양동,경상사고,0,0,1,0,차대사람 - 기타,안전운전불이행,건조,맑음,단일로 - 기타,승용,남,65세 이상,상해없음,보행자,남,13-20세,경상,2021,1
2021012600100166.0,2021년 1월,화요일,서울특별시 광진구 중곡동,중상사고,0,1,0,0,차대사람 - 횡단중,안전운전불이행,젖음/습기,비,단일로 - 기타,화물,남,65세 이상,상해없음,보행자,여,61-64세,중상,2021,1
2021010000000000.0,2021년 1월,화요일,서울특별시 광진구 중곡동,경상사고,0,0,1,0,차대차 - 기타,안전운전불이행,건조,맑음,교차로 - 교차로안,승합,남,41-50세,상해없음,이륜,남,21-30세,경상,2021,1
2021012600100556.8,2021년 1월,화요일,서울특별시 광진구 중곡동,경상사고,0,0,4,0,차대차 - 추돌,안전운전불이행,건조,맑음,교차로 - 교차로부근,승용,여,51-60세,상해없음,승용,남,65세 이상,경상,2021,1
2021010000000000.0,2021년 1월,수요일,서울특별시 광진구 화양동,중상사고,0,1,0,0,차대사람 - 기타,안전운전불이행,건조,맑음,단일로 - 기타,승용,여,31-40세,상해없음,보행자,여,61-64세,중상,2021,1
2021012800100067.2,2021년 1월,목요일,서울특별시 광진구 화양동,경상사고,0,0,1,0,차대차 - 기타,안전운전불이행,기타,맑음,기타 - 기타,화물,남,41-50세,상해없음,이륜,남,31-40세,경상,2021,1
2021012800100238.0,2021년 1월,목요일,서울특별시 광진구 구의동,경상사고,0,0,1,0,차대사람 - 횡단중,신호위반,건조,맑음,단일로 - 기타,원동기,남,21-30세,상해없음,보행자,여,21-30세,경상,2021,1
2021012900100027.2,2021년 1월,금요일,서울특별시 광진구 광장동,경상사고,0,0,2,0,차대차 - 충돌,신호위반,젖음/습기,맑음,단일로 - 기타,승용,남,41-50세,경상,승합,남,51-60세,상해없음,2021,1
2021012900100456.0,2021년 1월,금요일,서울특별시 광진구 능동,중상사고,0,1,0,0,차대차 - 기타,안전운전불이행,건조,맑음,단일로 - 기타,이륜,남,21-30세,상해없음,승합,남,41-50세,상해없음,2021,1
2021012900100524.8,2021년 1월,금요일,서울특별시 광진구 구의동,경상사고,0,0,1,0,차대차 - 기타,안전운전불이행,건조,맑음,단일로 - 기타,이륜,남,21-30세,경상,승합,남,41-50세,상해없음,2021,1
2021012900100526.0,2021년 1월,금요일,서울특별시 광진구 자양동,경상사고,0,0,1,0,차대차 - 기타,안전운전불이행,기타,맑음,기타 - 기타,승합,남,31-40세,상해없음,승용,여,31-40세,경상,2021,1
2021013000100012.0,2021년 1월,토요일,서울특별시 광진구 구의동,경상사고,0,0,1,0,차대사람 - 횡단중,보행자보호의무위반,기타,맑음,기타 - 기타,승용,남,65세 이상,상해없음,보행자,남,51-60세,경상,2021,1
2021013000100018.0,2021년 1월,토요일,서울특별시 광진구 군자동,경상사고,0,0,1,0,차대차 - 기타,안전거리미확보,건조,맑음,단일로 - 기타,승용,남,65세 이상,상해없음,승용,남,61-64세,상해없음,2021,1
2021013000100534.0,2021년 1월,토요일,서울특별시 광진구 화양동,중상사고,0,1,0,0,차대사람 - 횡단중,안전운전불이행,건조,맑음,단일로 - 기타,승용,남,21-30세,상해없음,보행자,남,21-30세,중상,2021,1
2021013000100551.2,2021년 1월,토요일,서울특별시 광진구 중곡동,경상사고,0,0,2,0,차대차 - 추돌,안전운전불이행,기타,맑음,기타 - 기타,승용,남,65세 이상,상해없음,승용,남,31-40세,경상,2021,1
2021013100100062.0,2021년 1월,일요일,서울특별시 광진구 구의동,경상사고,0,0,1,0,차대차 - 충돌,안전운전불이행,건조,맑음,교차로 - 교차로안,화물,남,51-60세,상해없음,승용,남,41-50세,경상,2021,1
2021013100100151.2,2021년 1월,일요일,서울특별시 광진구 화양동,경상사고,0,0,1,0,차대차 - 기타,안전거리미확보,서리/결빙,맑음,단일로 - 기타,승용,남,65세 이상,상해없음,이륜,남,13-20세,경상,2021,1
2021013100100254.0,2021년 1월,일요일,서울특별시 광진구 화양동,경상사고,0,0,1,0,차대사람 - 차도통행중,안전운전불이행,건조,맑음,단일로 - 기타,승용,남,21-30세,상해없음,보행자,여,21-30세,경상,2021,1
2021013100100315.2,2021년 1월,일요일,서울특별시 광진구 군자동,경상사고,0,0,1,0,차대사람 - 횡단중,안전운전불이행,건조,맑음,단일로 - 기타,승용,남,51-60세,상해없음,보행자,남,31-40세,경상,2021,1
2021020100100067.2,2021년 2월,월요일,서울특별시 광진구 자양동,경상사고,0,0,1,0,차대차 - 기타,안전운전불이행,건조,맑음,교차로 - 교차로횡단보도내,자전거,여,21-30세,경상,승용,여,51-60세,상해없음,2021,2
2021020100100068.0,2021년 2월,월요일,서울특별시 광진구 자양동,경상사고,0,0,2,0,차대차 - 기타,안전운전불이행,건조,맑음,기타 - 기타,승용,여,41-50세,상해없음,승용,남,31-40세,경상,2021,2
2021020100100134.0,2021년 2월,월요일,서울특별시 광진구 군자동,경상사고,0,0,1,0,차대차 - 기타,중앙선침범,건조,맑음,단일로 - 기타,이륜,남,21-30세,상해없음,자전거,남,65세 이상,경상,2021,2
2021020100100492.8,2021년 2월,월요일,서울특별시 광진구 중곡동,경상사고,0,0,4,1,차대차 - 충돌,중앙선침범,건조,맑음,교차로 - 교차로부근,이륜,남,20세 이하,부상신고,승용,남,21-30세,경상,2021,2
2021020200100248.0,2021년 2월,화요일,서울특별시 광진구 능동,중상사고,0,1,0,0,차량단독 - 기타,기타,건조,맑음,단일로 - 기타,승합,남,41-50세,상해없음,,,,,2021,2
2021020300100134.0,2021년 2월,수요일,서울특별시 광진구 구의동,경상사고,0,0,1,0,차대차 - 추돌,안전운전불이행,건조,맑음,단일로 - 기타,승용,남,41-50세,상해없음,원동기,남,21-30세,경상,2021,2
2021020300100219.2,2021년 2월,수요일,서울특별시 광진구 구의동,중상사고,0,2,0,0,차대차 - 충돌,신호위반,건조,맑음,교차로 - 교차로안,원동기,남,20세 이하,상해없음,화물,남,41-50세,상해없음,2021,2
2021020400100066.0,2021년 2월,목요일,서울특별시 광진구 화양동,경상사고,0,0,1,0,차대차 - 기타,안전거리미확보,적설,눈,단일로 - 기타,승용,남,65세 이상,상해없음,승용,남,31-40세,경상,2021,2
2021020400100446.0,2021년 2월,목요일,서울특별시 광진구 구의동,경상사고,0,0,1,0,차대차 - 충돌,안전운전불이행,건조,맑음,교차로 - 교차로부근,승용,남,51-60세,상해없음,승용,여,31-40세,경상,2021,2
2021020500100158.0,2021년 2월,금요일,서울특별시 광진구 광장동,중상사고,0,1,0,0,차대사람 - 기타,안전운전불이행,건조,맑음,교차로 - 교차로안,승합,남,41-50세,상해없음,보행자,남,65세 이상,중상,2021,2
2021020500100284.0,2021년 2월,금요일,서울특별시 광진구 자양동,중상사고,0,1,0,0,차대사람 - 기타,안전운전불이행,건조,맑음,교차로 - 교차로안,승용,남,21-30세,상해없음,보행자,여,51-60세,중상,2021,2
2021020500100364.8,2021년 2월,금요일,서울특별시 광진구 군자동,경상사고,0,0,1,0,차대차 - 기타,안전운전불이행,건조,맑음,교차로 - 교차로안,화물,남,41-50세,상해없음,승용,여,51-60세,경상,2021,2
2021020600100002.0,2021년 2월,토요일,서울특별시 광진구 자양동,경상사고,0,0,1,4,차대차 - 충돌,안전운전불이행,건조,맑음,단일로 - 기타,승용,여,51-60세,상해없음,승용,남,41-50세,경상,2021,2
2021020000000000.0,2021년 2월,토요일,서울특별시 광진구 광장동,경상사고,0,0,1,0,차대차 - 충돌,안전운전불이행,건조,맑음,단일로 - 기타,승용,여,21-30세,상해없음,승용,여,51-60세,경상,2021,2
2021020000000000.0,2021년 2월,일요일,서울특별시 광진구 자양동,중상사고,0,1,0,0,차대차 - 기타,안전운전불이행,건조,맑음,단일로 - 기타,자전거,남,20세 이하,상해없음,자전거,남,51-60세,중상,2021,2
2021020700100146.0,2021년 2월,일요일,서울특별시 광진구 자양동,경상사고,0,0,1,0,차대사람 - 차도통행중,안전운전불이행,건조,맑음,단일로 - 기타,승용,남,65세 이상,상해없음,보행자,여,65세 이상,경상,2021,2
2021020700100176.0,2021년 2월,일요일,서울특별시 광진구 화양동,경상사고,0,0,1,0,차대차 - 기타,안전거리미확보,건조,맑음,단일로 - 기타,승용,남,31-40세,상해없음,승합,남,41-50세,상해없음,2021,2
2021020800100007.2,2021년 2월,월요일,서울특별시 광진구 군자동,중상사고,0,1,0,0,차대차 - 기타,안전거리미확보,건조,맑음,단일로 - 기타,기타불명,기타불명,기타불명,기타불명,원동기,남,41-50세,중상,2021,2
2021020800100022.0,2021년 2월,월요일,서울특별시 광진구 광장동,경상사고,0,0,1,0,차대사람 - 기타,보행자보호의무위반,건조,맑음,교차로 - 교차로횡단보도내,화물,남,51-60세,상해없음,보행자,여,41-50세,경상,2021,2
2021020800100056.0,2021년 2월,월요일,서울특별시 광진구 군자동,경상사고,0,0,1,0,차대차 - 충돌,안전거리미확보,건조,맑음,단일로 - 기타,승용,남,41-50세,상해없음,승용,남,31-40세,경상,2021,2
2021020900100343.2,2021년 2월,화요일,서울특별시 광진구 구의동,경상사고,0,0,2,0,차대차 - 충돌,안전운전불이행,건조,맑음,단일로 - 기타,건설기계,남,51-60세,상해없음,승용,남,21-30세,경상,2021,2
2021020900100432.8,2021년 2월,화요일,서울특별시 광진구 화양동,중상사고,0,1,0,0,차대사람 - 기타,안전운전불이행,건조,맑음,단일로 - 기타,화물,남,31-40세,상해없음,보행자,여,51-60세,중상,2021,2
2021020000000000.0,2021년 2월,화요일,서울특별시 광진구 화양동,경상사고,0,0,1,0,차대차 - 충돌,안전운전불이행,건조,맑음,교차로 - 교차로횡단보도내,승용,남,31-40세,상해없음,개인형이동수단(PM),남,31-40세,경상,2021,2
2021020900100540.8,2021년 2월,화요일,서울특별시 광진구 군자동,경상사고,0,0,1,0,차대차 - 추돌,안전거리미확보,건조,맑음,교차로 - 교차로부근,이륜,남,31-40세,상해없음,이륜,남,13-20세,경상,2021,2
2021020900100542.0,2021년 2월,화요일,서울특별시 광진구 자양동,경상사고,0,0,2,0,차대차 - 충돌,안전거리미확보,건조,맑음,단일로 - 기타,승용,여,21-30세,상해없음,승용,남,13-20세,경상,2021,2
2021020900100588.8,2021년 2월,화요일,서울특별시 광진구 구의동,경상사고,0,0,1,0,차대차 - 충돌,차로위반,건조,맑음,단일로 - 기타,승용,남,51-60세,상해없음,화물,남,21-30세,경상,2021,2
2021021000100287.2,2021년 2월,수요일,서울특별시 광진구 자양동,중상사고,0,1,0,0,차대차 - 기타,직진우회전진행방해,건조,맑음,교차로 - 교차로안,화물,남,61-64세,상해없음,자전거,남,51-60세,중상,2021,2
2021021000100534.0,2021년 2월,수요일,서울특별시 광진구 군자동,경상사고,0,0,1,0,차대차 - 충돌,안전운전불이행,건조,맑음,교차로 - 교차로안,승용,남,21-30세,상해없음,이륜,남,31-40세,경상,2021,2
2021021100100074.0,2021년 2월,목요일,서울특별시 광진구 중곡동,경상사고,0,0,1,0,차대차 - 충돌,안전운전불이행,건조,맑음,단일로 - 기타,자전거,남,65세 이상,상해없음,자전거,남,21-30세,경상,2021,2
2021021100100104.0,2021년 2월,목요일,서울특별시 광진구 자양동,중상사고,0,1,0,0,차대사람 - 차도통행중,안전운전불이행,건조,맑음,교차로 - 교차로안,승합,남,31-40세,상해없음,보행자,남,65세 이상,중상,2021,2
2021021200100088.0,2021년 2월,금요일,서울특별시 광진구 군자동,경상사고,0,0,3,0,차대차 - 충돌,안전거리미확보,건조,맑음,기타 - 기타,승용,남,41-50세,기타불명,승용,남,31-40세,경상,2021,2
2021021200100266.0,2021년 2월,금요일,서울특별시 광진구 구의동,중상사고,0,1,0,0,차대사람 - 기타,안전운전불이행,건조,맑음,기타 - 기타,원동기,남,20세 이하,상해없음,보행자,여,51-60세,중상,2021,2
2021021300100051.2,2021년 2월,토요일,서울특별시 광진구 능동,경상사고,0,0,1,0,차대차 - 기타,직진우회전진행방해,건조,맑음,교차로 - 교차로안,승용,남,31-40세,경상,승용,남,21-30세,상해없음,2021,2
2021021300100184.0,2021년 2월,토요일,서울특별시 광진구 중곡동,중상사고,0,1,0,0,차대차 - 추돌,안전운전불이행,건조,맑음,단일로 - 기타,승용,남,65세 이상,상해없음,이륜,남,21-30세,중상,2021,2
2021021300100239.2,2021년 2월,토요일,서울특별시 광진구 구의동,경상사고,0,0,1,0,차대사람 - 기타,안전운전불이행,건조,맑음,교차로 - 교차로안,승용,남,21-30세,상해없음,보행자,남,65세 이상,경상,2021,2
2021021300100358.0,2021년 2월,토요일,서울특별시 광진구 군자동,경상사고,0,0,1,0,차대사람 - 보도통행중,기타,건조,맑음,단일로 - 기타,개인형이동수단(PM),남,21-30세,상해없음,보행자,남,12세 이하,경상,2021,2
2021020000000000.0,2021년 2월,일요일,서울특별시 광진구 자양동,부상신고사고,0,0,0,1,차대차 - 충돌,직진우회전진행방해,건조,맑음,교차로 - 교차로안,자전거,남,65세 이상,부상신고,원동기,여,31-40세,상해없음,2021,2
2021021400100280.8,2021년 2월,일요일,서울특별시 광진구 자양동,경상사고,0,0,1,0,차대차 - 충돌,안전거리미확보,건조,맑음,단일로 - 기타,기타불명,기타불명,기타불명,기타불명,승용,여,41-50세,경상,2021,2
2021021500100163.2,2021년 2월,월요일,서울특별시 광진구 구의동,경상사고,0,0,1,0,차대사람 - 길가장자리구역통행중,안전운전불이행,건조,맑음,기타 - 기타,개인형이동수단(PM),남,41-50세,상해없음,보행자,여,31-40세,경상,2021,2
2021021600100108.8,2021년 2월,화요일,서울특별시 광진구 화양동,경상사고,0,0,1,0,차량단독 - 기타,안전운전불이행,건조,맑음,단일로 - 기타,승합,남,61-64세,상해없음,,,,,2021,2
2021021600100479.2,2021년 2월,화요일,서울특별시 광진구 자양동,경상사고,0,0,1,0,차대차 - 기타,안전운전불이행,건조,맑음,교차로 - 교차로안,승용,남,31-40세,상해없음,이륜,남,13-20세,경상,2021,2
2021021700100000.8,2021년 2월,수요일,서울특별시 광진구 화양동,중상사고,0,2,2,0,차대차 - 추돌,안전운전불이행,건조,맑음,기타 - 기타,승용,남,31-40세,상해없음,승용,여,31-40세,중상,2021,2
2021021700100348.8,2021년 2월,수요일,서울특별시 광진구 화양동,경상사고,0,0,1,0,차대차 - 충돌,안전운전불이행,건조,맑음,단일로 - 기타,승용,남,51-60세,상해없음,승용,남,21-30세,경상,2021,2
2021021900100040.8,2021년 2월,금요일,서울특별시 광진구 중곡동,경상사고,0,0,1,0,차대사람 - 기타,안전운전불이행,건조,맑음,단일로 - 기타,이륜,남,51-60세,상해없음,보행자,남,65세 이상,경상,2021,2
2021021900100100.8,2021년 2월,금요일,서울특별시 광진구 구의동,경상사고,0,0,1,0,차대차 - 추돌,안전운전불이행,건조,맑음,교차로 - 교차로안,승합,남,51-60세,상해없음,승용,남,51-60세,경상,2021,2
2021021900100204.8,2021년 2월,금요일,서울특별시 광진구 군자동,중상사고,0,1,0,0,차량단독 - 전도전복,안전운전불이행,건조,맑음,단일로 - 기타,개인형이동수단(PM),남,21-30세,중상,,,,,2021,2
2021022000100420.8,2021년 2월,토요일,서울특별시 광진구 구의동,부상신고사고,0,0,0,1,차대사람 - 기타,안전운전불이행,건조,맑음,단일로 - 기타,승용,여,21-30세,상해없음,보행자,남,31-40세,부상신고,2021,2
2021022200100036.0,2021년 2월,월요일,서울특별시 광진구 자양동,부상신고사고,0,0,0,1,차대차 - 충돌,안전운전불이행,건조,맑음,단일로 - 기타,승용,남,65세 이상,상해없음,승용,여,31-40세,부상신고,2021,2
2021022200100344.0,2021년 2월,월요일,서울특별시 광진구 자양동,경상사고,0,0,1,0,차대차 - 추돌,안전운전불이행,건조,맑음,단일로 - 기타,승용,남,41-50세,상해없음,승용,남,31-40세,경상,2021,2
2021022300100103.2,2021년 2월,화요일,서울특별시 광진구 자양동,경상사고,0,0,1,0,차대차 - 추돌,안전운전불이행,건조,맑음,교차로 - 교차로부근,승용,여,21-30세,상해없음,승용,남,31-40세,경상,2021,2
2021022300100247.2,2021년 2월,화요일,서울특별시 광진구 광장동,경상사고,0,0,1,0,차대차 - 충돌,신호위반,건조,맑음,교차로 - 교차로안,승용,여,65세 이상,기타불명,승용,남,31-40세,경상,2021,2
2021022300100248.0,2021년 2월,화요일,서울특별시 광진구 자양동,경상사고,0,0,1,0,차대차 - 기타,교차로운행방법위반,건조,맑음,교차로 - 교차로안,승용,남,65세 이상,상해없음,승용,여,41-50세,경상,2021,2
2021022300100363.2,2021년 2월,화요일,서울특별시 광진구 자양동,경상사고,0,0,1,0,차대사람 - 기타,보행자보호의무위반,건조,맑음,교차로 - 교차로안,승용,남,65세 이상,상해없음,보행자,여,12세 이하,경상,2021,2
2021022500100044.0,2021년 2월,목요일,서울특별시 광진구 군자동,경상사고,0,0,3,0,차대차 - 충돌,직진우회전진행방해,건조,맑음,교차로 - 교차로안,승용,남,41-50세,경상,화물,남,51-60세,경상,2021,2
2021022500100168.8,2021년 2월,목요일,서울특별시 광진구 자양동,경상사고,0,0,5,0,차대차 - 기타,안전운전불이행,건조,기타,기타 - 기타,승용,남,41-50세,상해없음,승용,남,13-20세,경상,2021,2
2021022500100394.0,2021년 2월,목요일,서울특별시 광진구 중곡동,경상사고,0,0,1,0,차대차 - 충돌,차로위반,건조,맑음,교차로 - 교차로부근,승용,여,31-40세,상해없음,승용,남,21-30세,경상,2021,2
2021020000000000.0,2021년 2월,금요일,서울특별시 광진구 화양동,경상사고,0,0,1,0,차대차 - 추돌,안전운전불이행,건조,맑음,단일로 - 기타,승용,여,31-40세,상해없음,승용,남,65세 이상,경상,2021,2
2021022600100376.0,2021년 2월,금요일,서울특별시 광진구 자양동,경상사고,0,0,2,0,차대차 - 충돌,차로위반,건조,맑음,기타 - 기타,승용,여,31-40세,기타불명,승용,남,31-40세,경상,2021,2
2021020000000000.0,2021년 2월,금요일,서울특별시 광진구 자양동,중상사고,0,1,0,0,차대차 - 기타,안전운전불이행,건조,맑음,기타 - 기타,승용,남,41-50세,기타불명,이륜,남,41-50세,중상,2021,2
2021022700100023.2,2021년 2월,토요일,서울특별시 광진구 자양동,경상사고,0,0,1,0,차대차 - 충돌,중앙선침범,건조,맑음,단일로 - 기타,승용,남,51-60세,상해없음,개인형이동수단(PM),남,31-40세,경상,2021,2
2021022700100188.8,2021년 2월,토요일,서울특별시 광진구 화양동,중상사고,0,1,0,0,차대사람 - 길가장자리구역통행중,안전운전불이행,건조,맑음,교차로 - 교차로안,승용,남,41-50세,상해없음,보행자,여,65세 이상,중상,2021,2
2021022700100280.8,2021년 2월,토요일,서울특별시 광진구 화양동,부상신고사고,0,0,0,1,차대사람 - 횡단중,신호위반,건조,맑음,교차로 - 교차로횡단보도내,승용,남,65세 이상,상해없음,보행자,남,12세 이하,부상신고,2021,2
2021022700100483.2,2021년 2월,토요일,서울특별시 광진구 화양동,경상사고,0,0,1,0,차대차 - 추돌,안전거리미확보,건조,맑음,기타 - 기타,승용,여,65세 이상,상해없음,승용,여,21-30세,경상,2021,2
2021022800100086.0,2021년 2월,일요일,서울특별시 광진구 중곡동,중상사고,0,1,0,0,차대차 - 충돌,차로위반,건조,맑음,교차로 - 교차로부근,화물,남,41-50세,상해없음,개인형이동수단(PM),남,51-60세,중상,2021,2
2021030100100191.2,2021년 3월,월요일,서울특별시 광진구 구의동,경상사고,0,0,2,0,차대차 - 충돌,직진우회전진행방해,젖음/습기,비,교차로 - 교차로안,승용,여,65세 이상,상해없음,승용,남,65세 이상,경상,2021,3
2021030000000000.0,2021년 3월,월요일,서울특별시 광진구 군자동,경상사고,0,0,1,0,차대차 - 충돌,차로위반,젖음/습기,비,교차로 - 교차로부근,승용,남,51-60세,상해없음,승용,남,21-30세,경상,2021,3
2021030100100387.2,2021년 3월,월요일,서울특별시 광진구 화양동,부상신고사고,0,0,0,1,차대사람 - 기타,안전운전불이행,건조,맑음,단일로 - 기타,이륜,남,51-60세,상해없음,보행자,남,21-30세,부상신고,2021,3
2021030100100418.0,2021년 3월,월요일,서울특별시 광진구 구의동,경상사고,0,0,2,0,차대차 - 충돌,안전운전불이행,젖음/습기,비,단일로 - 기타,승용,남,31-40세,상해없음,승용,남,51-60세,경상,2021,3
2021030200100414.0,2021년 3월,화요일,서울특별시 광진구 군자동,경상사고,0,0,2,0,차대차 - 충돌,신호위반,건조,맑음,단일로 - 기타,승용,남,31-40세,상해없음,이륜,남,31-40세,경상,2021,3
2021030300100116.8,2021년 3월,수요일,서울특별시 광진구 화양동,중상사고,0,1,0,0,차대사람 - 기타,안전운전불이행,건조,맑음,단일로 - 기타,개인형이동수단(PM),여,21-30세,상해없음,보행자,남,13-20세,중상,2021,3
2021030300100267.2,2021년 3월,수요일,서울특별시 광진구 자양동,경상사고,0,0,1,0,차대차 - 기타,차로위반,건조,맑음,단일로 - 기타,승용,남,51-60세,상해없음,승용,남,65세 이상,상해없음,2021,3
2021030000000000.0,2021년 3월,수요일,서울특별시 광진구 자양동,경상사고,0,0,1,0,차대사람 - 기타,신호위반,건조,맑음,교차로 - 교차로횡단보도내,승용,남,31-40세,상해없음,보행자,여,21-30세,경상,2021,3
2021030400100508.0,2021년 3월,목요일,서울특별시 광진구 구의동,경상사고,0,0,1,0,차대차 - 충돌,안전운전불이행,건조,맑음,단일로 - 기타,승용,여,31-40세,상해없음,원동기,남,31-40세,경상,2021,3
2021030500100466.0,2021년 3월,금요일,서울특별시 광진구 구의동,경상사고,0,0,3,0,차대차 - 충돌,안전운전불이행,건조,맑음,단일로 - 기타,승용,여,41-50세,경상,승용,남,51-60세,경상,2021,3
2021030600100132.0,2021년 3월,토요일,서울특별시 광진구 자양동,경상사고,0,0,3,0,차대차 - 기타,안전거리미확보,건조,맑음,단일로 - 기타,승용,남,21-30세,상해없음,승용,남,31-40세,경상,2021,3
2021030600100154.0,2021년 3월,토요일,서울특별시 광진구 자양동,경상사고,0,0,1,0,차대차 - 기타,안전운전불이행,건조,맑음,주차장 - 주차장,승용,남,41-50세,상해없음,승용,남,31-40세,경상,2021,3
2021030600100379.2,2021년 3월,토요일,서울특별시 광진구 군자동,경상사고,0,0,1,0,차대차 - 추돌,안전운전불이행,건조,맑음,교차로 - 교차로부근,원동기,남,31-40세,기타불명,승용,남,51-60세,경상,2021,3
2021030000000000.0,2021년 3월,일요일,서울특별시 광진구 중곡동,경상사고,0,0,1,0,차대차 - 추돌,안전운전불이행,건조,맑음,단일로 - 기타,승용,남,41-50세,상해없음,승용,남,51-60세,경상,2021,3