사고번호,발생년월,요일,시군구,사고내용,사망자수,중상자수,경상자수,부상신고자수,사고유형,법규위반,노면상태,기상상태,도로형태,가해운전자 차종,가해운전자 성별,가해운전자 연령대,가해운전자 상해정도,피해운전자 차종,피해운전자 성별,피해운전자 연령대,피해운전자 상해정도,발생년도,발생월
2021100700100566.0,2021년 10월,목요일,서울특별시 광진구 화양동,중상사고,0,1,0,0,차대차 - 충돌,신호위반,건조,맑음,기타 - 기타,승합,남,41-50세,상해없음,이륜,남,31-40세,중상,2021,10
2021100800100138.0,2021년 10월,금요일,서울특별시 광진구 광장동,경상사고,0,0,1,0,차대차 - 충돌,안전운전불이행,건조,맑음,교차로 - 교차로안,승용,여,61-64세,상해없음,승용,여,41-50세,경상,2021,10
2021100800100455.2,2021년 10월,금요일,서울특별시 광진구 군자동,경상사고,0,0,3,0,차대차 - 추돌,안전운전불이행,건조,기타,교차로 - 교차로안,승용,여,65세 이상,상해없음,승용,남,51-60세,경상,2021,10
2021100900100080.8,2021년 10월,토요일,서울특별시 광진구 화양동,경상사고,0,0,1,0,차대차 - 기타,직진우회전진행방해,건조,맑음,교차로 - 교차로안,승용,여,31-40세,상해없음,원동기,남,31-40세,경상,2021,10
2021100900100175.2,2021년 10월,토요일,서울특별시 광진구 중곡동,부상신고사고,0,0,0,1,차대사람 - 기타,안전운전불이행,건조,맑음,기타 - 기타,화물,남,65세 이상,상해없음,보행자,남,41-50세,부상신고,2021,10
2021100900100274.0,2021년 10월,토요일,서울특별시 광진구 능동,부상신고사고,0,0,0,1,차대차 - 기타,안전운전불이행,건조,맑음,교차로 - 교차로안,이륜,남,21-30세,부상신고,이륜,남,21-30세,상해없음,2021,10
2021100900100275.2,2021년 10월,토요일,서울특별시 광진구 중곡동,부상신고사고,0,0,0,1,차대사람 - 길가장자리구역통행중,안전운전불이행,건조,맑음,교차로 - 교차로부근,기타불명,기타불명,기타불명,기타불명,보행자,남,21-30세,부상신고,2021,10
2021100900100354.0,2021년 10월,토요일,서울특별시 광진구 자양동,경상사고,0,0,2,0,차대차 - 충돌,안전거리미확보,건조,맑음,단일로 - 기타,기타불명,기타불명,기타불명,기타불명,승용,여,41-50세,경상,2021,10
2021101000100264.0,2021년 10월,일요일,서울특별시 광진구 광장동,경상사고,0,0,1,0,차대차 - 추돌,안전운전불이행,건조,맑음,단일로 - 교량,승용,남,51-60세,상해없음,승용,여,31-40세,경상,2021,10
2021101000100264.8,2021년 10월,일요일,서울특별시 광진구 구의동,중상사고,0,1,0,0,차대차 - 기타,안전운전불이행,젖음/습기,비,교차로 - 교차로부근,이륜,남,31-40세,중상,기타불명,기타불명,기타불명,기타불명,2021,10
2021101100100014.0,2021년 10월,월요일,서울특별시 광진구 능동,중상사고,0,1,0,0,차대차 - 기타,교차로운행방법위반,젖음/습기,비,교차로 - 교차로안,승용,남,21-30세,상해없음,이륜,남,65세 이상,중상,2021,10
2021100000000000.0,2021년 10월,월요일,서울특별시 광진구 자양동,경상사고,0,0,1,0,차대차 - 기타,안전운전불이행,건조,기타,교차로 - 교차로부근,자전거,남,41-50세,경상,이륜,남,31-40세,상해없음,2021,10
2021101100100407.2,2021년 10월,월요일,서울특별시 광진구 군자동,경상사고,0,0,1,0,차대차 - 충돌,신호위반,건조,맑음,교차로 - 교차로안,화물,남,65세 이상,상해없음,이륜,남,13-20세,경상,2021,10
2021101200100548.8,2021년 10월,화요일,서울특별시 광진구 광장동,경상사고,0,0,1,0,차대차 - 추돌,안전운전불이행,건조,맑음,교차로 - 교차로안,승용,남,41-50세,상해없음,승용,남,51-60세,경상,2021,10
2021101300100178.0,2021년 10월,수요일,서울특별시 광진구 광장동,경상사고,0,0,1,0,차대차 - 충돌,안전운전불이행,건조,맑음,기타 - 기타,건설기계,남,51-60세,상해없음,승용,남,21-30세,경상,2021,10
2021101400100206.0,2021년 10월,목요일,서울특별시 광진구 자양동,중상사고,0,1,0,0,차대사람 - 기타,안전운전불이행,건조,맑음,기타 - 기타,승합,남,51-60세,상해없음,보행자,남,65세 이상,중상,2021,10
2021101500100188.8,2021년 10월,금요일,서울특별시 광진구 구의동,경상사고,0,0,1,0,차대차 - 기타,안전운전불이행,건조,맑음,단일로 - 기타,승용,남,51-60세,상해없음,승용,여,31-40세,경상,2021,10
2021101500100398.0,2021년 10월,금요일,서울특별시 광진구 능동,경상사고,0,0,1,0,차대차 - 추돌,안전거리미확보,건조,맑음,단일로 - 기타,승용,남,65세 이상,상해없음,승용,여,41-50세,경상,2021,10
2021101500100596.0,2021년 10월,금요일,서울특별시 광진구 자양동,경상사고,0,0,1,0,차대차 - 충돌,안전운전불이행,건조,맑음,기타 - 기타,승용,남,65세 이상,상해없음,자전거,남,21-30세,경상,2021,10
2021101600100044.8,2021년 10월,토요일,서울특별시 광진구 광장동,중상사고,0,1,1,0,차대차 - 충돌,신호위반,건조,맑음,교차로 - 교차로안,개인형이동수단(PM),남,21-30세,중상,승용,남,51-60세,경상,2021,10
2021101600100148.8,2021년 10월,토요일,서울특별시 광진구 군자동,경상사고,0,0,1,0,차대사람 - 보도통행중,안전운전불이행,건조,맑음,단일로 - 기타,자전거,남,31-40세,상해없음,보행자,남,61-64세,경상,2021,10
2021101600100487.2,2021년 10월,토요일,서울특별시 광진구 화양동,중상사고,0,1,0,0,차대차 - 기타,안전운전불이행,건조,맑음,단일로 - 기타,승용,남,21-30세,상해없음,승용,남,21-30세,중상,2021,10
2021100000000000.0,2021년 10월,일요일,서울특별시 광진구 중곡동,중상사고,0,1,0,0,차대차 - 충돌,안전운전불이행,건조,맑음,교차로 - 교차로안,승용,남,51-60세,상해없음,원동기,남,51-60세,중상,2021,10
2021101700100346.0,2021년 10월,일요일,서울특별시 광진구 구의동,부상신고사고,0,0,0,1,차대차 - 기타,안전운전불이행,건조,맑음,단일로 - 기타,원동기,남,21-30세,부상신고,개인형이동수단(PM),남,13-20세,상해없음,2021,10
2021101700100448.8,2021년 10월,일요일,서울특별시 광진구 화양동,경상사고,0,0,1,0,차대차 - 충돌,신호위반,건조,맑음,단일로 - 기타,이륜,남,21-30세,상해없음,이륜,남,31-40세,경상,2021,10
2021101800100144.0,2021년 10월,월요일,서울특별시 광진구 중곡동,경상사고,0,0,4,0,차대차 - 기타,중앙선침범,건조,맑음,교차로 - 교차로안,자전거,여,61-64세,상해없음,승합,남,51-60세,상해없음,2021,10
2021101800100144.8,2021년 10월,월요일,서울특별시 광진구 군자동,경상사고,0,0,2,0,차대차 - 충돌,안전운전불이행,건조,맑음,단일로 - 기타,화물,남,51-60세,상해없음,승용,남,41-50세,경상,2021,10
2021101800100687.2,2021년 10월,월요일,서울특별시 광진구 자양동,경상사고,0,0,1,0,차대차 - 충돌,안전운전불이행,젖음/습기,비,기타 - 기타,기타불명,기타불명,기타불명,기타불명,원동기,남,41-50세,경상,2021,10
2021101900100526.0,2021년 10월,화요일,서울특별시 광진구 중곡동,중상사고,0,1,0,0,차대차 - 기타,안전운전불이행,건조,맑음,교차로 - 교차로부근,승용,여,51-60세,상해없음,원동기,남,31-40세,중상,2021,10
2021100000000000.0,2021년 10월,화요일,서울특별시 광진구 화양동,경상사고,0,0,2,0,차대차 - 충돌,중앙선침범,건조,맑음,단일로 - 기타,자전거,여,31-40세,경상,이륜,남,21-30세,경상,2021,10
2021102000100435.2,2021년 10월,수요일,서울특별시 광진구 중곡동,경상사고,0,0,1,0,차대차 - 충돌,안전운전불이행,건조,맑음,교차로 - 교차로부근,승용,남,61-64세,상해없음,이륜,남,13-20세,경상,2021,10
2021102000100436.0,2021년 10월,수요일,서울특별시 광진구 구의동,경상사고,0,0,2,0,차대차 - 추돌,안전운전불이행,건조,맑음,단일로 - 기타,승용,남,21-30세,상해없음,승용,남,21-30세,경상,2021,10
2021102000100559.2,2021년 10월,수요일,서울특별시 광진구 중곡동,경상사고,0,0,1,0,차대차 - 충돌,안전운전불이행,건조,맑음,교차로 - 교차로부근,화물,남,41-50세,상해없음,승용,남,21-30세,경상,2021,10
2021102000100607.2,2021년 10월,수요일,서울특별시 광진구 화양동,경상사고,0,0,1,0,차대사람 - 보도통행중,보행자보호의무위반,건조,맑음,단일로 - 기타,승용,남,51-60세,상해없음,보행자,남,51-60세,경상,2021,10
2021102200100036.0,2021년 10월,금요일,서울특별시 광진구 군자동,경상사고,0,0,1,0,차대사람 - 횡단중,안전운전불이행,건조,맑음,단일로 - 기타,화물,남,41-50세,상해없음,보행자,여,41-50세,경상,2021,10
2021102200100074.0,2021년 10월,금요일,서울특별시 광진구 자양동,경상사고,0,0,1,0,차대사람 - 횡단중,신호위반,건조,맑음,기타 - 기타,승용,여,51-60세,상해없음,보행자,여,31-40세,경상,2021,10
2021102200100075.2,2021년 10월,금요일,서울특별시 광진구 구의동,경상사고,0,0,1,0,차대차 - 충돌,안전운전불이행,건조,맑음,교차로 - 교차로안,승용,남,51-60세,상해없음,승합,남,51-60세,상해없음,2021,10
2021102200100076.0,2021년 10월,금요일,서울특별시 광진구 자양동,경상사고,0,0,1,0,차대차 - 충돌,안전운전불이행,건조,맑음,단일로 - 기타,승용,남,51-60세,상해없음,승용,여,51-60세,경상,2021,10
2021100000000000.0,2021년 10월,금요일,서울특별시 광진구 군자동,경상사고,0,0,5,0,차대차 - 기타,신호위반,건조,맑음,기타 - 기타,승용,여,31-40세,상해없음,승합,남,41-50세,경상,2021,10
2021102200100395.2,2021년 10월,금요일,서울특별시 광진구 화양동,중상사고,0,1,1,0,차대차 - 기타,안전거리미확보,건조,맑음,단일로 - 기타,승용,남,31-40세,상해없음,승합,남,51-60세,상해없음,2021,10
2021102200100686.0,2021년 10월,금요일,서울특별시 광진구 화양동,경상사고,0,0,1,0,차대사람 - 길가장자리구역통행중,안전운전불이행,건조,맑음,단일로 - 기타,승용,남,31-40세,상해없음,보행자,남,21-30세,경상,2021,10
2021102300100444.0,2021년 10월,토요일,서울특별시 광진구 구의동,부상신고사고,0,0,0,1,차대차 - 기타,안전운전불이행,건조,맑음,주차장 - 주차장,이륜,남,21-30세,부상신고,기타불명,기타불명,기타불명,기타불명,2021,10
2021102300100555.2,2021년 10월,토요일,서울특별시 광진구 자양동,중상사고,0,1,0,0,차대차 - 추돌,안전운전불이행,건조,맑음,단일로 - 교량,원동기,남,20세 이하,중상,승용,여,31-40세,상해없음,2021,10
2021102300100606.0,2021년 10월,토요일,서울특별시 광진구 중곡동,경상사고,0,0,2,0,차대차 - 충돌,중앙선침범,건조,맑음,단일로 - 기타,화물,남,41-50세,상해없음,승용,남,51-60세,경상,2021,10
2021102400100251.2,2021년 10월,일요일,서울특별시 광진구 중곡동,경상사고,0,0,1,0,차대차 - 충돌,안전운전불이행,건조,맑음,단일로 - 기타,승용,남,51-60세,상해없음,이륜,남,21-30세,경상,2021,10
2021102400100432.0,2021년 10월,일요일,서울특별시 광진구 중곡동,경상사고,0,0,1,0,차대차 - 추돌,안전운전불이행,건조,맑음,기타 - 기타,승용,남,31-40세,상해없음,승합,남,51-60세,경상,2021,10
2021102500100184.8,2021년 10월,월요일,서울특별시 광진구 능동,경상사고,0,0,1,0,차대차 - 기타,안전운전불이행,건조,맑음,주차장 - 주차장,승용,남,65세 이상,상해없음,승용,남,31-40세,경상,2021,10
2021100000000000.0,2021년 10월,월요일,서울특별시 광진구 군자동,중상사고,0,1,0,0,차대차 - 충돌,중앙선침범,건조,맑음,교차로 - 교차로횡단보도내,자전거,남,65세 이상,중상,승용,남,41-50세,상해없음,2021,10
2021102500100528.0,2021년 10월,월요일,서울특별시 광진구 군자동,경상사고,0,0,1,0,차대차 - 추돌,안전운전불이행,건조,맑음,단일로 - 기타,원동기,남,41-50세,상해없음,승용,남,41-50세,경상,2021,10
2021102500100596.0,2021년 10월,월요일,서울특별시 광진구 광장동,중상사고,0,1,1,0,차대차 - 충돌,안전운전불이행,건조,맑음,단일로 - 교량,승용,남,31-40세,상해없음,승용,여,21-30세,중상,2021,10
2021100000000000.0,2021년 10월,수요일,서울특별시 광진구 자양동,경상사고,0,0,1,0,차대차 - 충돌,안전거리미확보,건조,맑음,단일로 - 기타,승용,남,51-60세,상해없음,승용,남,41-50세,경상,2021,10
2021102700100612.0,2021년 10월,수요일,서울특별시 광진구 화양동,경상사고,0,0,1,0,차대차 - 추돌,안전운전불이행,건조,맑음,단일로 - 기타,이륜,남,41-50세,상해없음,승용,남,65세 이상,경상,2021,10
2021102800100066.0,2021년 10월,목요일,서울특별시 광진구 자양동,경상사고,0,0,1,0,차대사람 - 횡단중,보행자보호의무위반,건조,맑음,교차로 - 교차로안,승용,남,65세 이상,상해없음,보행자,여,12세 이하,경상,2021,10
2021102800100184.0,2021년 10월,목요일,서울특별시 광진구 자양동,경상사고,0,0,1,0,차대사람 - 보도통행중,신호위반,건조,맑음,기타 - 기타,화물,남,65세 이상,상해없음,보행자,여,51-60세,경상,2021,10
2021102800100618.0,2021년 10월,목요일,서울특별시 광진구 자양동,중상사고,0,1,0,0,차대차 - 충돌,안전운전불이행,건조,맑음,교차로 - 교차로안,이륜,남,21-30세,상해없음,자전거,남,65세 이상,중상,2021,10
2021102800100619.2,2021년 10월,목요일,서울특별시 광진구 중곡동,경상사고,0,0,1,0,차대사람 - 보도통행중,안전운전불이행,건조,맑음,교차로 - 교차로횡단보도내,화물,남,41-50세,상해없음,보행자,남,51-60세,경상,2021,10
2021102900100091.2,2021년 10월,금요일,서울특별시 광진구 구의동,경상사고,0,0,1,0,차대차 - 충돌,안전거리미확보,건조,맑음,단일로 - 기타,승용,여,41-50세,상해없음,승용,남,65세 이상,경상,2021,10
2021102900100532.0,2021년 10월,금요일,서울특별시 광진구 광장동,경상사고,0,0,1,0,차대차 - 추돌,안전운전불이행,건조,맑음,단일로 - 기타,원동기,남,20세 이하,상해없음,화물,남,41-50세,경상,2021,10
2021100000000000.0,2021년 10월,금요일,서울특별시 광진구 화양동,경상사고,0,0,1,0,차대차 - 추돌,안전운전불이행,건조,맑음,단일로 - 기타,승용,남,41-50세,상해없음,이륜,남,51-60세,경상,2021,10
2021103000100143.2,2021년 10월,토요일,서울특별시 광진구 군자동,경상사고,0,0,1,1,차대차 - 충돌,신호위반,건조,맑음,단일로 - 기타,이륜,남,20세 이하,상해없음,자전거,남,13-20세,경상,2021,10
2021103000100344.0,2021년 10월,토요일,서울특별시 광진구 군자동,경상사고,0,0,1,0,차대사람 - 기타,안전운전불이행,건조,맑음,기타 - 기타,승용,여,31-40세,상해없음,보행자,여,61-64세,경상,2021,10
2021103100100484.0,2021년 10월,일요일,서울특별시 광진구 중곡동,경상사고,0,0,1,0,차대차 - 기타,기타,건조,맑음,단일로 - 기타,기타불명,기타불명,기타불명,기타불명,이륜,남,21-30세,경상,2021,10
2021110100100000.8,2021년 11월,월요일,서울특별시 광진구 화양동,경상사고,0,0,1,0,차대사람 - 기타,안전운전불이행,건조,맑음,단일로 - 기타,개인형이동수단(PM),남,21-30세,상해없음,보행자,남,21-30세,경상,2021,11
2021110100100027.2,2021년 11월,월요일,서울특별시 광진구 중곡동,중상사고,0,1,0,0,차대사람 - 차도통행중,안전운전불이행,건조,맑음,기타 - 기타,화물,남,51-60세,상해없음,보행자,남,65세 이상,중상,2021,11
2021110000000000.0,2021년 11월,월요일,서울특별시 광진구 화양동,경상사고,0,0,1,0,차대차 - 기타,안전운전불이행,건조,맑음,단일로 - 기타,이륜,남,21-30세,경상,승용,남,31-40세,상해없음,2021,11
2021110200100086.0,2021년 11월,화요일,서울특별시 광진구 구의동,경상사고,0,0,2,0,차대차 - 충돌,직진우회전진행방해,건조,맑음,교차로 - 교차로안,승용,여,41-50세,상해없음,승용,여,41-50세,경상,2021,11
2021110200100351.2,2021년 11월,화요일,서울특별시 광진구 군자동,중상사고,0,1,0,0,차대사람 - 기타,안전운전불이행,건조,맑음,교차로 - 교차로부근,승합,남,65세 이상,상해없음,보행자,여,61-64세,중상,2021,11
2021110200100531.2,2021년 11월,화요일,서울특별시 광진구 자양동,경상사고,0,0,1,0,차대차 - 추돌,안전운전불이행,건조,맑음,교차로 - 교차로부근,승용,남,41-50세,상해없음,승용,여,41-50세,경상,2021,11
2021110300100366.0,2021년 11월,수요일,서울특별시 광진구 구의동,경상사고,0,0,3,0,차대차 - 충돌,안전거리미확보,건조,맑음,단일로 - 기타,승용,여,41-50세,경상,승용,남,41-50세,경상,2021,11
2021110300100622.0,2021년 11월,수요일,서울특별시 광진구 자양동,중상사고,0,1,0,0,차대차 - 충돌,안전운전불이행,건조,맑음,교차로 - 교차로부근,승용,남,61-64세,상해없음,개인형이동수단(PM),여,21-30세,중상,2021,11
2021110500100002.0,2021년 11월,금요일,서울특별시 광진구 구의동,경상사고,0,0,2,0,차대차 - 충돌,신호위반,건조,맑음,교차로 - 교차로안,승용,여,31-40세,경상,승용,남,51-60세,경상,2021,11
2021110000000000.0,2021년 11월,금요일,서울특별시 광진구 군자동,경상사고,0,0,1,0,차대차 - 기타,교차로운행방법위반,건조,맑음,교차로 - 교차로안,이륜,남,31-40세,상해없음,이륜,남,21-30세,경상,2021,11
2021110600100098.0,2021년 11월,토요일,서울특별시 광진구 자양동,경상사고,0,0,1,0,차대차 - 추돌,안전운전불이행,건조,맑음,단일로 - 기타,승용,남,31-40세,상해없음,승용,남,51-60세,경상,2021,11
2021110600100152.0,2021년 11월,토요일,서울특별시 광진구 광장동,경상사고,0,0,1,0,차대차 - 충돌,안전운전불이행,건조,맑음,기타 - 기타,자전거,남,51-60세,경상,기타불명,기타불명,기타불명,기타불명,2021,11
2021110600100484.8,2021년 11월,토요일,서울특별시 광진구 광장동,경상사고,0,0,1,0,차대사람 - 횡단중,신호위반,건조,맑음,단일로 - 기타,승용,남,31-40세,상해없음,보행자,여,61-64세,경상,2021,11
2021110600100486.0,2021년 11월,토요일,서울특별시 광진구 구의동,경상사고,0,0,1,0,차대차 - 추돌,안전운전불이행,건조,맑음,기타 - 기타,화물,남,41-50세,상해없음,승용,남,31-40세,경상,2021,11
2021110700100348.0,2021년 11월,일요일,서울특별시 광진구 구의동,경상사고,0,0,2,0,차대차 - 충돌,안전거리미확보,건조,맑음,기타 - 기타,자전거,여,51-60세,경상,원동기,남,21-30세,경상,2021,11
2021110700100436.8,2021년 11월,일요일,서울특별시 광진구 자양동,경상사고,0,0,1,0,차대차 - 충돌,안전거리미확보,건조,맑음,단일로 - 기타,승용,남,21-30세,상해없음,화물,남,61-64세,상해없음,2021,11
2021110800100000.8,2021년 11월,월요일,서울특별시 광진구 중곡동,경상사고,0,0,1,0,차대차 - 기타,기타,건조,맑음,단일로 - 기타,승용,남,51-60세,상해없음,이륜,남,41-50세,경상,2021,11
2021110800100676.0,2021년 11월,월요일,서울특별시 광진구 중곡동,경상사고,0,0,1,0,차대차 - 기타,안전운전불이행,젖음/습기,비,교차로 - 교차로부근,승용,남,65세 이상,상해없음,이륜,남,31-40세,경상,2021,11
2021110900100328.0,2021년 11월,화요일,서울특별시 광진구 자양동,경상사고,0,0,2,0,차대차 - 충돌,안전운전불이행,젖음/습기,비,단일로 - 기타,승용,여,51-60세,상해없음,승용,남,31-40세,경상,2021,11
2021111000100040.8,2021년 11월,수요일,서울특별시 광진구 자양동,경상사고,0,0,2,0,차대차 - 추돌,안전거리미확보,건조,맑음,단일로 - 기타,승용,남,65세 이상,경상,승합,남,41-50세,상해없음,2021,11
2021111000100154.0,2021년 11월,수요일,서울특별시 광진구 군자동,중상사고,0,1,0,0,차대사람 - 횡단중,보행자보호의무위반,건조,맑음,기타 - 기타,승용,남,41-50세,상해없음,보행자,여,41-50세,중상,2021,11
2021111000100592.8,2021년 11월,수요일,서울특별시 광진구 화양동,경상사고,0,0,1,0,차대사람 - 차도통행중,안전운전불이행,건조,맑음,단일로 - 기타,승용,남,51-60세,상해없음,보행자,여,21-30세,경상,2021,11
2021110000000000.0,2021년 11월,목요일,서울특별시 광진구 화양동,경상사고,0,0,1,0,차대차 - 충돌,안전운전불이행,건조,맑음,교차로 - 교차로안,승용,남,61-64세,상해없음,승용,남,31-40세,경상,2021,11
2021111100100279.2,2021년 11월,목요일,서울특별시 광진구 화양동,경상사고,0,0,1,0,차대차 - 충돌,안전운전불이행,건조,맑음,교차로 - 교차로안,화물,남,51-60세,상해없음,원동기,남,65세 이상,경상,2021,11
2021111100100566.0,2021년 11월,목요일,서울특별시 광진구 중곡동,경상사고,0,0,1,0,차대차 - 기타,기타,건조,맑음,단일로 - 기타,이륜,남,61-64세,상해없음,승합,남,31-40세,경상,2021,11
2021111100100615.2,2021년 11월,목요일,서울특별시 광진구 화양동,중상사고,0,1,0,0,차대사람 - 기타,안전운전불이행,건조,맑음,교차로 - 교차로안,승용,남,65세 이상,상해없음,보행자,남,21-30세,중상,2021,11
2021110000000000.0,2021년 11월,금요일,서울특별시 광진구 능동,중상사고,0,1,0,0,차대차 - 충돌,신호위반,건조,맑음,교차로 - 교차로안,승용,남,21-30세,상해없음,이륜,남,31-40세,중상,2021,11
2021111200100463.2,2021년 11월,금요일,서울특별시 광진구 광장동,중상사고,0,1,0,0,차대사람 - 기타,안전운전불이행,건조,맑음,기타 - 기타,자전거,남,31-40세,상해없음,보행자,남,65세 이상,중상,2021,11
2021110000000000.0,2021년 11월,금요일,서울특별시 광진구 중곡동,중상사고,0,1,0,0,차대차 - 기타,안전운전불이행,건조,맑음,단일로 - 기타,승용,남,65세 이상,상해없음,이륜,여,13-20세,중상,2021,11
2021111300100024.0,2021년 11월,토요일,서울특별시 광진구 구의동,경상사고,0,0,1,0,차대차 - 충돌,안전운전불이행,건조,맑음,기타 - 기타,승용,남,51-60세,상해없음,이륜,남,31-40세,경상,2021,11
2021111300100046.0,2021년 11월,토요일,서울특별시 광진구 화양동,경상사고,0,0,1,0,차대사람 - 기타,안전운전불이행,건조,맑음,단일로 - 기타,승용,남,65세 이상,상해없음,보행자,여,21-30세,경상,2021,11
2021111300100067.2,2021년 11월,토요일,서울특별시 광진구 화양동,경상사고,0,0,1,0,차대사람 - 기타,안전운전불이행,건조,맑음,기타 - 기타,승용,남,61-64세,상해없음,보행자,남,21-30세,경상,2021,11
2021111300100102.0,2021년 11월,토요일,서울특별시 광진구 구의동,중상사고,0,1,0,0,차대사람 - 횡단중,신호위반,건조,맑음,교차로 - 교차로횡단보도내,승용,남,31-40세,상해없음,보행자,여,41-50세,중상,2021,11
2021111300100192.0,2021년 11월,토요일,서울특별시 광진구 구의동,경상사고,0,0,1,0,차대차 - 충돌,안전거리미확보,건조,맑음,기타 - 기타,승용,남,65세 이상,상해없음,승합,남,41-50세,상해없음,2021,11
2021110000000000.0,2021년 11월,토요일,서울특별시 광진구 광장동,중상사고,0,1,0,0,차량단독 - 기타,안전운전불이행,건조,맑음,단일로 - 기타,승합,남,51-60세,상해없음,,,,,2021,11
2021111300100552.0,2021년 11월,토요일,서울특별시 광진구 화양동,중상사고,0,1,0,0,차대차 - 기타,신호위반,건조,맑음,교차로 - 교차로부근,이륜,남,31-40세,중상,승용,남,31-40세,상해없음,2021,11
2021111400100239.2,2021년 11월,일요일,서울특별시 광진구 화양동,경상사고,0,0,4,0,차대차 - 추돌,안전운전불이행,건조,맑음,단일로 - 기타,승용,남,31-40세,상해없음,승용,남,65세 이상,경상,2021,11
2021110000000000.0,2021년 11월,일요일,서울특별시 광진구 중곡동,경상사고,0,0,3,0,차대차 - 추돌,신호위반,건조,맑음,기타 - 기타,승용,남,65세 이상,상해없음,승용,남,31-40세,경상,2021,11
2021111500100219.2,2021년 11월,월요일,서울특별시 광진구 구의동,경상사고,0,0,1,0,차대차 - 충돌,교차로운행방법위반,건조,맑음,교차로 - 교차로부근,승용,여,65세 이상,상해없음,승용,여,21-30세,경상,2021,11
2021111500100558.0,2021년 11월,월요일,서울특별시 광진구 자양동,경상사고,0,0,1,0,차대차 - 충돌,신호위반,건조,맑음,교차로 - 교차로안,이륜,남,21-30세,경상,승용,여,41-50세,상해없음,2021,11
2021111600100051.2,2021년 11월,화요일,서울특별시 광진구 자양동,사망사고,1,0,0,0,차대사람 - 기타,안전운전불이행,건조,맑음,단일로 - 기타,승용,남,21-30세,상해없음,보행자,여,21-30세,사망,2021,11
2021111600100607.2,2021년 11월,화요일,서울특별시 광진구 군자동,경상사고,0,0,2,0,차대차 - 추돌,안전운전불이행,건조,맑음,기타 - 기타,승용,남,31-40세,상해없음,승용,남,51-60세,경상,2021,11
2021111700100124.8,2021년 11월,수요일,서울특별시 광진구 자양동,경상사고,0,0,1,0,차대차 - 추돌,안전운전불이행,건조,맑음,단일로 - 기타,승용,남,41-50세,상해없음,승용,남,31-40세,경상,2021,11
2021111700100318.0,2021년 11월,수요일,서울특별시 광진구 자양동,중상사고,0,1,0,0,차대차 - 충돌,안전거리미확보,건조,맑음,교차로 - 교차로부근,승용,남,65세 이상,상해없음,원동기,남,31-40세,중상,2021,11
2021111800100254.0,2021년 11월,목요일,서울특별시 광진구 자양동,경상사고,0,0,4,0,차대차 - 기타,신호위반,건조,맑음,단일로 - 기타,승용,여,21-30세,상해없음,승용,남,13-20세,경상,2021,11
2021111800100384.0,2021년 11월,목요일,서울특별시 광진구 중곡동,경상사고,0,0,3,0,차대차 - 충돌,안전운전불이행,건조,맑음,기타 - 기타,화물,남,61-64세,상해없음,승용,남,13-20세,경상,2021,11
2021111900100319.2,2021년 11월,금요일,서울특별시 광진구 자양동,경상사고,0,0,1,0,차대차 - 기타,안전운전불이행,건조,맑음,단일로 - 기타,승용,남,65세 이상,상해없음,이륜,남,61-64세,경상,2021,11
2021110000000000.0,2021년 11월,금요일,서울특별시 광진구 자양동,경상사고,0,0,1,0,차대차 - 충돌,안전거리미확보,건조,맑음,단일로 - 교량,승용,남,41-50세,상해없음,승용,남,21-30세,경상,2021,11
2021111900100320.8,2021년 11월,금요일,서울특별시 광진구 구의동,중상사고,0,1,0,0,차대사람 - 기타,안전운전불이행,건조,맑음,단일로 - 기타,자전거,남,65세 이상,상해없음,보행자,여,51-60세,중상,2021,11
2021111900100472.8,2021년 11월,금요일,서울특별시 광진구 광장동,경상사고,0,0,1,0,차대차 - 충돌,안전운전불이행,건조,흐림,단일로 - 고가도로위,승용,남,31-40세,기타불명,승용,여,21-30세,경상,2021,11
2021110000000000.0,2021년 11월,토요일,서울특별시 광진구 화양동,경상사고,0,0,1,0,차대차 - 기타,안전운전불이행,건조,맑음,기타 - 기타,승용,남,65세 이상,상해없음,승용,여,31-40세,경상,2021,11
2021112000100312.0,2021년 11월,토요일,서울특별시 광진구 화양동,경상사고,0,0,1,0,차대차 - 기타,안전운전불이행,건조,맑음,교차로 - 교차로안,승용,남,51-60세,기타불명,승용,남,31-40세,경상,2021,11
2021112100100000.8,2021년 11월,일요일,서울특별시 광진구 화양동,경상사고,0,0,1,0,차대사람 - 횡단중,안전운전불이행,건조,맑음,단일로 - 기타,승용,여,41-50세,상해없음,보행자,여,13-20세,경상,2021,11
2021112200100028.0,2021년 11월,월요일,서울특별시 광진구 자양동,경상사고,0,0,2,0,차대차 - 추돌,안전운전불이행,건조,흐림,단일로 - 기타,화물,남,31-40세,기타불명,승합,남,41-50세,경상,2021,11
2021112200100134.0,2021년 11월,월요일,서울특별시 광진구 구의동,경상사고,0,0,1,0,차대차 - 기타,교차로운행방법위반,건조,맑음,교차로 - 교차로안,승용,남,65세 이상,상해없음,자전거,남,21-30세,경상,2021,11