사고번호,발생년월,요일,시군구,사고내용,사망자수,중상자수,경상자수,부상신고자수,사고유형,법규위반,노면상태,기상상태,도로형태,가해운전자 차종,가해운전자 성별,가해운전자 연령대,가해운전자 상해정도,피해운전자 차종,피해운전자 성별,피해운전자 연령대,피해운전자 상해정도,발생년도,발생월
2021110000000000.0,2021년 11월,월요일,서울특별시 광진구 중곡동,경상사고,0,0,1,0,차대차 - 충돌,신호위반,건조,맑음,교차로 - 교차로안,승용,남,51-60세,상해없음,이륜,남,21-30세,경상,2021,11
2021112200100551.2,2021년 11월,월요일,서울특별시 광진구 광장동,경상사고,0,0,1,0,차대차 - 기타,안전운전불이행,건조,맑음,교차로 - 교차로부근,승용,남,65세 이상,상해없음,승용,여,41-50세,경상,2021,11
2021112300100516.8,2021년 11월,화요일,서울특별시 광진구 자양동,중상사고,0,1,0,0,차대사람 - 차도통행중,안전운전불이행,건조,맑음,교차로 - 교차로안,승용,남,31-40세,상해없음,보행자,여,21-30세,중상,2021,11
2021112300100542.0,2021년 11월,화요일,서울특별시 광진구 자양동,경상사고,0,0,1,0,차대차 - 충돌,신호위반,건조,맑음,교차로 - 교차로안,자전거,여,51-60세,경상,승용,남,41-50세,상해없음,2021,11
2021112400100504.8,2021년 11월,수요일,서울특별시 광진구 중곡동,경상사고,0,0,1,0,차대차 - 충돌,안전거리미확보,건조,맑음,단일로 - 기타,승용,남,51-60세,상해없음,승용,여,21-30세,경상,2021,11
2021112500100308.0,2021년 11월,목요일,서울특별시 광진구 중곡동,중상사고,0,2,0,0,차대차 - 추돌,안전운전불이행,건조,맑음,단일로 - 기타,승용,남,21-30세,상해없음,승용,남,21-30세,중상,2021,11
2021112500100551.2,2021년 11월,목요일,서울특별시 광진구 광장동,경상사고,0,0,1,0,차대차 - 기타,안전운전불이행,건조,맑음,교차로 - 교차로부근,승용,남,61-64세,상해없음,원동기,남,51-60세,경상,2021,11
2021110000000000.0,2021년 11월,금요일,서울특별시 광진구 중곡동,중상사고,0,2,0,0,차대차 - 충돌,직진우회전진행방해,건조,맑음,교차로 - 교차로안,승용,남,61-64세,상해없음,승용,남,21-30세,중상,2021,11
2021112700100118.0,2021년 11월,토요일,서울특별시 광진구 자양동,경상사고,0,0,1,0,차대차 - 추돌,안전운전불이행,건조,맑음,교차로 - 교차로부근,승용,남,21-30세,상해없음,승용,여,41-50세,경상,2021,11
2021112700100154.0,2021년 11월,토요일,서울특별시 광진구 자양동,경상사고,0,0,1,0,차대차 - 기타,신호위반,건조,맑음,교차로 - 교차로안,승용,여,41-50세,상해없음,이륜,남,13-20세,경상,2021,11
2021112700100316.0,2021년 11월,토요일,서울특별시 광진구 구의동,경상사고,0,0,1,0,차대사람 - 횡단중,안전운전불이행,건조,맑음,기타 - 기타,자전거,남,61-64세,상해없음,보행자,여,65세 이상,경상,2021,11
2021112800100059.2,2021년 11월,일요일,서울특별시 광진구 광장동,경상사고,0,0,2,0,차대차 - 추돌,안전운전불이행,건조,맑음,단일로 - 기타,승용,남,65세 이상,상해없음,승용,남,21-30세,경상,2021,11
2021120100100015.2,2021년 12월,수요일,서울특별시 광진구 중곡동,경상사고,0,0,1,0,차대차 - 충돌,안전운전불이행,건조,맑음,단일로 - 기타,기타불명,기타불명,기타불명,기타불명,승용,남,51-60세,경상,2022,12
2021120200100135.2,2021년 12월,목요일,서울특별시 광진구 자양동,중상사고,0,1,0,0,차대차 - 기타,안전운전불이행,건조,맑음,교차로 - 교차로안,자전거,여,51-60세,중상,승용,여,61-64세,상해없음,2022,12
2021120300100364.0,2021년 12월,금요일,서울특별시 광진구 광장동,경상사고,0,0,3,0,차대사람 - 기타,보행자보호의무위반,건조,맑음,단일로 - 기타,승용,남,41-50세,상해없음,보행자,여,41-50세,경상,2022,12
2021120300100724.0,2021년 12월,금요일,서울특별시 광진구 자양동,경상사고,0,0,2,0,차대차 - 충돌,안전운전불이행,건조,맑음,단일로 - 기타,승용,남,21-30세,상해없음,이륜,남,51-60세,경상,2022,12
2021120400100256.0,2021년 12월,토요일,서울특별시 광진구 자양동,경상사고,0,0,1,0,차대차 - 충돌,차로위반,건조,맑음,단일로 - 기타,승용,남,65세 이상,상해없음,화물,남,41-50세,경상,2022,12
2021120500100208.8,2021년 12월,일요일,서울특별시 광진구 중곡동,경상사고,0,0,1,0,차대사람 - 길가장자리구역통행중,안전운전불이행,건조,맑음,교차로 - 교차로부근,화물,남,41-50세,상해없음,보행자,남,65세 이상,경상,2022,12
2021120500100435.2,2021년 12월,일요일,서울특별시 광진구 구의동,경상사고,0,0,2,0,차대차 - 추돌,안전운전불이행,건조,맑음,단일로 - 기타,승용,남,31-40세,상해없음,승용,남,61-64세,경상,2022,12
2021120600100138.0,2021년 12월,월요일,서울특별시 광진구 광장동,경상사고,0,0,2,0,차대차 - 기타,안전운전불이행,건조,맑음,기타 - 기타,승용,남,51-60세,경상,건설기계,남,51-60세,경상,2022,12
2021120600100199.2,2021년 12월,월요일,서울특별시 광진구 자양동,중상사고,0,1,0,0,차대차 - 충돌,안전운전불이행,건조,맑음,단일로 - 기타,이륜,남,65세 이상,중상,승용,남,51-60세,상해없음,2022,12
2021120800100564.8,2021년 12월,수요일,서울특별시 광진구 자양동,경상사고,0,0,1,0,차대사람 - 기타,보행자보호의무위반,건조,맑음,교차로 - 교차로안,화물,남,51-60세,상해없음,보행자,여,31-40세,경상,2022,12
2021120900100072.8,2021년 12월,목요일,서울특별시 광진구 화양동,경상사고,0,0,1,0,차대차 - 기타,안전운전불이행,건조,맑음,기타 - 기타,기타불명,기타불명,기타불명,기타불명,개인형이동수단(PM),여,21-30세,경상,2022,12
2021120900100255.2,2021년 12월,목요일,서울특별시 광진구 능동,경상사고,0,0,2,0,차대차 - 충돌,안전운전불이행,건조,맑음,교차로 - 교차로안,이륜,남,21-30세,경상,이륜,남,51-60세,경상,2022,12
2021120900100476.8,2021년 12월,목요일,서울특별시 광진구 화양동,경상사고,0,0,1,0,차대차 - 충돌,안전운전불이행,건조,맑음,단일로 - 기타,화물,남,65세 이상,상해없음,승용,남,51-60세,경상,2022,12
2021120000000000.0,2021년 12월,금요일,서울특별시 광진구 자양동,경상사고,0,0,1,0,차대차 - 기타,안전운전불이행,건조,맑음,교차로 - 교차로안,기타불명,기타불명,기타불명,기타불명,원동기,남,21-30세,경상,2022,12
2021120000000000.0,2021년 12월,토요일,서울특별시 광진구 화양동,부상신고사고,0,0,0,1,차대사람 - 기타,안전운전불이행,건조,맑음,단일로 - 기타,승용,남,21-30세,상해없음,보행자,남,41-50세,부상신고,2022,12
2021121100100151.2,2021년 12월,토요일,서울특별시 광진구 자양동,경상사고,0,0,1,0,차대차 - 충돌,안전운전불이행,건조,맑음,단일로 - 기타,화물,남,51-60세,상해없음,승용,남,31-40세,경상,2022,12
2021121100100279.2,2021년 12월,토요일,서울특별시 광진구 자양동,경상사고,0,0,1,0,차대사람 - 횡단중,안전운전불이행,건조,맑음,단일로 - 기타,승용,여,41-50세,상해없음,보행자,여,13-20세,경상,2022,12
2021121200100232.0,2021년 12월,일요일,서울특별시 광진구 중곡동,경상사고,0,0,3,0,차대차 - 추돌,안전운전불이행,건조,맑음,단일로 - 기타,이륜,남,31-40세,경상,승용,남,41-50세,경상,2022,12
2021121300100375.2,2021년 12월,월요일,서울특별시 광진구 구의동,경상사고,0,0,1,0,차대차 - 충돌,신호위반,건조,맑음,기타 - 기타,승용,남,65세 이상,상해없음,이륜,남,41-50세,경상,2022,12
2021121400100152.0,2021년 12월,화요일,서울특별시 광진구 화양동,경상사고,0,0,1,0,차대사람 - 기타,안전운전불이행,건조,맑음,교차로 - 교차로부근,승용,여,21-30세,상해없음,보행자,남,41-50세,경상,2022,12
2021121400100203.2,2021년 12월,화요일,서울특별시 광진구 능동,경상사고,0,0,1,0,차대차 - 기타,안전운전불이행,건조,맑음,단일로 - 기타,승합,남,65세 이상,상해없음,승용,여,61-64세,경상,2022,12
2021121600100002.0,2021년 12월,목요일,서울특별시 광진구 자양동,경상사고,0,0,3,0,차대차 - 기타,안전운전불이행,건조,흐림,단일로 - 고가도로위,승용,남,21-30세,경상,승용,남,41-50세,상해없음,2022,12
2021121600100376.8,2021년 12월,목요일,서울특별시 광진구 화양동,경상사고,0,0,1,0,차대차 - 충돌,안전운전불이행,건조,맑음,단일로 - 기타,개인형이동수단(PM),여,21-30세,상해없음,자전거,남,41-50세,경상,2022,12
2021121600100420.8,2021년 12월,목요일,서울특별시 광진구 화양동,경상사고,0,0,1,0,차대차 - 기타,안전운전불이행,건조,흐림,단일로 - 기타,승용,남,51-60세,상해없음,이륜,남,13-20세,경상,2022,12
2021121700100031.2,2021년 12월,금요일,서울특별시 광진구 구의동,경상사고,0,0,1,0,차대차 - 충돌,안전운전불이행,건조,맑음,단일로 - 기타,승용,남,41-50세,상해없음,승용,남,51-60세,기타불명,2022,12
2021120000000000.0,2021년 12월,금요일,서울특별시 광진구 중곡동,경상사고,0,0,1,0,차대차 - 기타,안전거리미확보,건조,맑음,기타 - 기타,기타불명,기타불명,기타불명,기타불명,원동기,남,21-30세,경상,2022,12
2021121700100539.2,2021년 12월,금요일,서울특별시 광진구 중곡동,경상사고,0,0,3,0,차대차 - 충돌,신호위반,건조,맑음,교차로 - 교차로안,이륜,남,31-40세,경상,승용,남,41-50세,경상,2022,12
2021121700100612.8,2021년 12월,금요일,서울특별시 광진구 자양동,경상사고,0,0,1,0,차대차 - 충돌,신호위반,건조,맑음,단일로 - 기타,승용,남,41-50세,상해없음,원동기,남,31-40세,경상,2022,12
2021121700100648.0,2021년 12월,금요일,서울특별시 광진구 광장동,부상신고사고,0,0,0,1,차대차 - 기타,안전거리미확보,건조,맑음,기타 - 기타,기타불명,기타불명,기타불명,기타불명,원동기,남,51-60세,부상신고,2022,12
2021121800100112.0,2021년 12월,토요일,서울특별시 광진구 화양동,경상사고,0,0,2,0,차대차 - 기타,안전운전불이행,건조,맑음,단일로 - 기타,승용,남,31-40세,상해없음,승용,여,41-50세,경상,2022,12
2021121800100411.2,2021년 12월,토요일,서울특별시 광진구 중곡동,경상사고,0,0,1,0,차대차 - 추돌,안전운전불이행,서리/결빙,맑음,기타 - 기타,화물,남,65세 이상,상해없음,승용,남,41-50세,경상,2022,12
2021120000000000.0,2021년 12월,월요일,서울특별시 광진구 자양동,경상사고,0,0,1,0,차대사람 - 기타,안전운전불이행,건조,맑음,단일로 - 기타,원동기,여,51-60세,상해없음,보행자,남,13-20세,경상,2022,12
2021122000100248.8,2021년 12월,월요일,서울특별시 광진구 중곡동,경상사고,0,0,1,0,차대차 - 충돌,안전운전불이행,건조,맑음,교차로 - 교차로부근,승합,남,61-64세,상해없음,승용,여,51-60세,경상,2022,12
2021122000100371.2,2021년 12월,월요일,서울특별시 광진구 군자동,경상사고,0,0,1,0,차대차 - 충돌,중앙선침범,건조,맑음,단일로 - 기타,승용,남,31-40세,상해없음,이륜,남,51-60세,경상,2022,12
2021122000100544.0,2021년 12월,월요일,서울특별시 광진구 자양동,경상사고,0,0,1,0,차대차 - 충돌,중앙선침범,기타,맑음,기타 - 기타,이륜,남,65세 이상,상해없음,이륜,남,31-40세,경상,2022,12
2021120000000000.0,2021년 12월,화요일,서울특별시 광진구 중곡동,중상사고,0,1,0,0,차대사람 - 횡단중,안전운전불이행,건조,맑음,단일로 - 기타,승용,남,65세 이상,상해없음,보행자,여,65세 이상,중상,2022,12
2021122100100187.2,2021년 12월,화요일,서울특별시 광진구 구의동,경상사고,0,0,1,0,차대차 - 기타,교차로운행방법위반,젖음/습기,맑음,교차로 - 교차로부근,기타불명,기타불명,기타불명,기타불명,이륜,남,31-40세,경상,2022,12
2021122100100364.0,2021년 12월,화요일,서울특별시 광진구 능동,중상사고,0,1,0,0,차대사람 - 기타,안전운전불이행,건조,흐림,교차로 - 교차로안,승용,남,51-60세,기타불명,보행자,여,65세 이상,중상,2022,12
2021122200100099.2,2021년 12월,수요일,서울특별시 광진구 자양동,경상사고,0,0,1,0,차대차 - 충돌,안전운전불이행,건조,맑음,단일로 - 기타,승용,여,31-40세,상해없음,승용,여,31-40세,경상,2022,12
2021122200100526.0,2021년 12월,수요일,서울특별시 광진구 중곡동,경상사고,0,0,1,0,차대차 - 기타,불법유턴,건조,맑음,기타 - 기타,승용,여,21-30세,상해없음,이륜,남,21-30세,경상,2022,12
2021120000000000.0,2021년 12월,금요일,서울특별시 광진구 능동,경상사고,0,0,1,0,차대사람 - 기타,보행자보호의무위반,젖음/습기,비,교차로 - 교차로부근,승용,남,31-40세,상해없음,보행자,여,31-40세,경상,2022,12
2021122400100336.8,2021년 12월,금요일,서울특별시 광진구 군자동,중상사고,0,1,0,0,차대사람 - 횡단중,보행자보호의무위반,건조,맑음,교차로 - 교차로안,승용,남,31-40세,상해없음,보행자,여,21-30세,중상,2022,12
2021122600100288.0,2021년 12월,일요일,서울특별시 광진구 화양동,중상사고,0,1,0,0,차대차 - 충돌,교차로운행방법위반,건조,맑음,교차로 - 교차로안,승용,남,20세 이하,상해없음,이륜,남,21-30세,중상,2022,12
2021120000000000.0,2021년 12월,화요일,서울특별시 광진구 구의동,중상사고,0,1,0,0,차대사람 - 기타,안전운전불이행,건조,맑음,단일로 - 기타,승용,남,61-64세,상해없음,보행자,남,61-64세,중상,2022,12
2021122800100192.8,2021년 12월,화요일,서울특별시 광진구 구의동,경상사고,0,0,1,0,차대차 - 기타,직진우회전진행방해,건조,맑음,교차로 - 교차로안,이륜,여,51-60세,경상,승용,남,31-40세,상해없음,2022,12
2021122800100356.0,2021년 12월,화요일,서울특별시 광진구 화양동,경상사고,0,0,1,0,차대차 - 충돌,기타,건조,맑음,단일로 - 기타,승용,남,65세 이상,상해없음,이륜,남,21-30세,경상,2022,12
2021122900100292.8,2021년 12월,수요일,서울특별시 광진구 구의동,경상사고,0,0,3,0,차대차 - 기타,안전운전불이행,건조,맑음,기타 - 기타,승용,남,61-64세,상해없음,승용,남,31-40세,경상,2022,12
2021122900100374.0,2021년 12월,수요일,서울특별시 광진구 구의동,경상사고,0,0,1,0,차대차 - 기타,안전운전불이행,건조,맑음,교차로 - 교차로부근,원동기,남,31-40세,경상,승용,남,41-50세,상해없음,2022,12
2021123000100384.8,2021년 12월,목요일,서울특별시 광진구 구의동,중상사고,0,1,0,0,차대사람 - 기타,안전운전불이행,건조,맑음,교차로 - 교차로안,승용,여,51-60세,상해없음,보행자,여,13-20세,중상,2022,12
2021123100100024.8,2021년 12월,금요일,서울특별시 광진구 군자동,중상사고,0,1,1,0,차대차 - 추돌,안전거리미확보,건조,맑음,교차로 - 교차로부근,이륜,남,61-64세,중상,승용,남,65세 이상,상해없음,2022,12
2021123100100419.2,2021년 12월,금요일,서울특별시 광진구 능동,중상사고,0,1,0,0,차대차 - 충돌,안전운전불이행,건조,맑음,교차로 - 교차로부근,화물,남,61-64세,상해없음,화물,남,51-60세,중상,2022,12
2022010200100122.0,2022년 1월,일요일,서울특별시 광진구 구의동,경상사고,0,0,1,0,차대차 - 충돌,안전운전불이행,건조,맑음,단일로 - 기타,승용,남,65세 이상,상해없음,이륜,남,51-60세,경상,2022,1
2022010200100286.0,2022년 1월,일요일,서울특별시 광진구 구의동,경상사고,0,0,1,0,차대차 - 기타,안전거리미확보,건조,맑음,단일로 - 기타,이륜,남,31-40세,경상,기타불명,기타불명,기타불명,기타불명,2022,1
2022010000000000.0,2022년 1월,일요일,서울특별시 광진구 자양동,경상사고,0,0,1,0,차대차 - 추돌,안전운전불이행,건조,맑음,단일로 - 기타,원동기,남,20세 이하,상해없음,원동기,남,41-50세,경상,2022,1
2022010200100351.2,2022년 1월,일요일,서울특별시 광진구 구의동,중상사고,0,1,0,0,차대차 - 기타,신호위반,젖음/습기,흐림,교차로 - 교차로안,이륜,남,31-40세,상해없음,이륜,남,41-50세,중상,2022,1
2022010300100027.2,2022년 1월,월요일,서울특별시 광진구 화양동,경상사고,0,0,1,0,차대차 - 추돌,안전거리미확보,건조,맑음,단일로 - 기타,승용,남,65세 이상,상해없음,승용,남,21-30세,경상,2022,1
2022010300100322.0,2022년 1월,월요일,서울특별시 광진구 중곡동,경상사고,0,0,1,0,차대차 - 충돌,안전운전불이행,건조,맑음,단일로 - 기타,승용,여,65세 이상,상해없음,승용,여,31-40세,경상,2022,1
2022010300100511.2,2022년 1월,월요일,서울특별시 광진구 화양동,경상사고,0,0,1,0,차대차 - 추돌,안전운전불이행,건조,맑음,단일로 - 기타,화물,남,61-64세,상해없음,승용,남,21-30세,경상,2022,1
2022010400100466.0,2022년 1월,화요일,서울특별시 광진구 광장동,경상사고,0,0,1,0,차대차 - 충돌,안전운전불이행,건조,맑음,단일로 - 기타,기타불명,기타불명,기타불명,기타불명,승용,여,51-60세,경상,2022,1
2022010500100172.8,2022년 1월,수요일,서울특별시 광진구 화양동,경상사고,0,0,1,0,차대차 - 기타,안전운전불이행,건조,맑음,교차로 - 교차로부근,승용,남,31-40세,상해없음,이륜,남,21-30세,경상,2022,1
2022010500100404.0,2022년 1월,수요일,서울특별시 광진구 화양동,경상사고,0,0,1,0,차대차 - 충돌,안전운전불이행,건조,흐림,교차로 - 교차로부근,승용,남,41-50세,상해없음,승용,남,61-64세,경상,2022,1
2022010600100012.8,2022년 1월,목요일,서울특별시 광진구 중곡동,중상사고,0,1,0,0,차대차 - 추돌,안전운전불이행,건조,맑음,교차로 - 교차로안,승용,남,31-40세,상해없음,승용,남,51-60세,중상,2022,1
2022010600100044.0,2022년 1월,목요일,서울특별시 광진구 군자동,경상사고,0,0,1,0,차대차 - 기타,안전운전불이행,건조,맑음,기타 - 기타,기타불명,기타불명,기타불명,기타불명,이륜,남,21-30세,경상,2022,1
2022010600100044.8,2022년 1월,목요일,서울특별시 광진구 구의동,경상사고,0,0,2,0,차대차 - 추돌,안전거리미확보,건조,맑음,단일로 - 교량,승용,남,41-50세,상해없음,승용,여,51-60세,경상,2022,1
2022010700100122.0,2022년 1월,금요일,서울특별시 광진구 광장동,경상사고,0,0,1,0,차대사람 - 횡단중,보행자보호의무위반,건조,맑음,교차로 - 교차로안,승용,여,31-40세,상해없음,보행자,여,13-20세,경상,2022,1
2022010700100620.8,2022년 1월,금요일,서울특별시 광진구 광장동,경상사고,0,0,1,0,차대차 - 추돌,안전거리미확보,건조,맑음,단일로 - 기타,승용,남,61-64세,상해없음,원동기,남,21-30세,경상,2022,1
2022010800100024.8,2022년 1월,토요일,서울특별시 광진구 자양동,부상신고사고,0,0,0,1,차대차 - 기타,안전운전불이행,건조,맑음,단일로 - 기타,화물,남,21-30세,상해없음,이륜,남,21-30세,부상신고,2022,1
2022010000000000.0,2022년 1월,토요일,서울특별시 광진구 구의동,경상사고,0,0,1,0,차대차 - 충돌,안전운전불이행,건조,맑음,단일로 - 기타,승용,남,41-50세,상해없음,이륜,남,21-30세,경상,2022,1
2022010800100460.8,2022년 1월,토요일,서울특별시 광진구 자양동,중상사고,0,1,0,0,차대차 - 충돌,신호위반,건조,맑음,교차로 - 교차로안,승용,남,51-60세,상해없음,승용,여,65세 이상,중상,2022,1
2022011000100140.8,2022년 1월,월요일,서울특별시 광진구 자양동,경상사고,0,0,1,0,차대차 - 추돌,안전운전불이행,건조,맑음,단일로 - 교량,승용,남,51-60세,상해없음,승용,남,41-50세,경상,2022,1
2022011000100488.0,2022년 1월,월요일,서울특별시 광진구 화양동,경상사고,0,0,1,0,차대차 - 충돌,안전운전불이행,건조,맑음,단일로 - 기타,개인형이동수단(PM),남,21-30세,경상,이륜,남,21-30세,상해없음,2022,1
2022010000000000.0,2022년 1월,월요일,서울특별시 광진구 자양동,부상신고사고,0,0,0,1,차대차 - 기타,중앙선침범,서리/결빙,눈,기타 - 기타,자전거,기타불명,기타불명,기타불명,원동기,남,21-30세,부상신고,2022,1
2022011100100035.2,2022년 1월,화요일,서울특별시 광진구 광장동,중상사고,0,1,1,0,차대차 - 추돌,안전운전불이행,건조,맑음,교차로 - 교차로부근,화물,남,41-50세,경상,승합,남,65세 이상,중상,2022,1
2022011100100072.8,2022년 1월,화요일,서울특별시 광진구 중곡동,중상사고,0,1,0,0,차대차 - 기타,안전거리미확보,건조,맑음,단일로 - 기타,화물,남,65세 이상,기타불명,이륜,여,31-40세,중상,2022,1
2022010000000000.0,2022년 1월,화요일,서울특별시 광진구 군자동,경상사고,0,0,1,0,차대차 - 추돌,안전운전불이행,건조,맑음,단일로 - 기타,승합,남,51-60세,상해없음,승용,남,65세 이상,경상,2022,1
2022011100100191.2,2022년 1월,화요일,서울특별시 광진구 중곡동,경상사고,0,0,1,0,차대차 - 기타,신호위반,건조,맑음,교차로 - 교차로안,승용,남,65세 이상,상해없음,이륜,남,21-30세,경상,2022,1
2022011100100224.0,2022년 1월,화요일,서울특별시 광진구 구의동,경상사고,0,0,1,0,차대차 - 기타,신호위반,건조,맑음,교차로 - 교차로부근,이륜,남,41-50세,경상,승용,여,41-50세,상해없음,2022,1
2022011100100224.8,2022년 1월,화요일,서울특별시 광진구 중곡동,중상사고,0,1,1,0,차대차 - 충돌,교차로운행방법위반,건조,맑음,교차로 - 교차로안,승용,남,61-64세,상해없음,승용,남,61-64세,중상,2022,1
2022011100100303.2,2022년 1월,화요일,서울특별시 광진구 구의동,중상사고,0,1,1,0,차대차 - 기타,신호위반,건조,맑음,기타 - 기타,승용,남,51-60세,상해없음,승용,남,51-60세,중상,2022,1
2022010000000000.0,2022년 1월,화요일,서울특별시 광진구 화양동,부상신고사고,0,0,0,1,차대차 - 기타,안전운전불이행,건조,맑음,교차로 - 교차로안,화물,남,41-50세,상해없음,원동기,남,51-60세,부상신고,2022,1
2022011300100238.0,2022년 1월,목요일,서울특별시 광진구 중곡동,경상사고,0,0,1,0,차대차 - 충돌,기타,건조,맑음,교차로 - 교차로횡단보도내,승용,남,51-60세,상해없음,자전거,남,12세 이하,경상,2022,1
2022011300100399.2,2022년 1월,목요일,서울특별시 광진구 중곡동,중상사고,0,1,0,0,차대차 - 기타,안전거리미확보,건조,맑음,단일로 - 기타,승용,남,61-64세,상해없음,이륜,남,51-60세,중상,2022,1
2022011400100022.0,2022년 1월,금요일,서울특별시 광진구 화양동,중상사고,0,1,0,0,차대차 - 충돌,신호위반,건조,맑음,교차로 - 교차로안,승용,남,21-30세,상해없음,승용,여,51-60세,중상,2022,1
2022011400100308.8,2022년 1월,금요일,서울특별시 광진구 군자동,부상신고사고,0,0,0,1,차대차 - 기타,안전운전불이행,건조,맑음,기타 - 기타,승용,남,31-40세,상해없음,이륜,남,41-50세,부상신고,2022,1
2022011400100495.2,2022년 1월,금요일,서울특별시 광진구 군자동,중상사고,0,1,0,0,차대차 - 충돌,안전거리미확보,건조,맑음,단일로 - 기타,화물,남,21-30세,상해없음,원동기,남,21-30세,중상,2022,1
2022011400100496.0,2022년 1월,금요일,서울특별시 광진구 중곡동,중상사고,0,1,0,0,차대사람 - 횡단중,안전운전불이행,건조,맑음,단일로 - 기타,이륜,남,31-40세,상해없음,보행자,남,65세 이상,중상,2022,1
2022010000000000.0,2022년 1월,금요일,서울특별시 광진구 구의동,중상사고,0,2,0,0,차대차 - 충돌,신호위반,건조,맑음,교차로 - 교차로안,승용,여,51-60세,상해없음,승용,여,65세 이상,중상,2022,1
2022011500100052.8,2022년 1월,토요일,서울특별시 광진구 군자동,중상사고,0,1,0,0,차대차 - 기타,안전거리미확보,건조,맑음,단일로 - 기타,승용,남,65세 이상,상해없음,이륜,남,21-30세,중상,2022,1
2022011500100180.8,2022년 1월,토요일,서울특별시 광진구 화양동,중상사고,0,1,0,0,차대차 - 충돌,중앙선침범,건조,맑음,단일로 - 기타,승용,남,65세 이상,상해없음,원동기,남,31-40세,중상,2022,1
2022011500100352.8,2022년 1월,토요일,서울특별시 광진구 중곡동,중상사고,0,1,0,0,차대차 - 기타,안전운전불이행,건조,맑음,단일로 - 기타,승용,남,61-64세,상해없음,이륜,남,41-50세,중상,2022,1
2022011800100000.8,2022년 1월,화요일,서울특별시 광진구 광장동,경상사고,0,0,1,0,차대차 - 추돌,안전운전불이행,젖음/습기,눈,기타 - 기타,승용,남,31-40세,상해없음,승용,남,51-60세,경상,2022,1
2022011800100112.0,2022년 1월,화요일,서울특별시 광진구 구의동,경상사고,0,0,1,0,차대차 - 기타,안전운전불이행,건조,맑음,교차로 - 교차로부근,화물,남,41-50세,상해없음,이륜,남,41-50세,경상,2022,1
2022011800100112.8,2022년 1월,화요일,서울특별시 광진구 자양동,경상사고,0,0,1,0,차대차 - 추돌,안전운전불이행,적설,눈,기타 - 기타,승용,남,65세 이상,상해없음,승합,여,41-50세,경상,2022,1
2022011800100162.0,2022년 1월,화요일,서울특별시 광진구 화양동,경상사고,0,0,1,0,차대차 - 기타,안전운전불이행,젖음/습기,맑음,교차로 - 교차로안,이륜,남,51-60세,경상,승용,남,21-30세,상해없음,2022,1
2022011800100628.8,2022년 1월,화요일,서울특별시 광진구 광장동,경상사고,0,0,1,0,차대차 - 추돌,안전운전불이행,건조,맑음,단일로 - 기타,승합,남,20세 이하,상해없음,승용,남,51-60세,경상,2022,1
2022012000100176.8,2022년 1월,목요일,서울특별시 광진구 화양동,경상사고,0,0,1,0,차대차 - 충돌,안전운전불이행,건조,맑음,기타 - 기타,승용,남,41-50세,상해없음,승용,남,31-40세,상해없음,2022,1
2022012100100639.2,2022년 1월,금요일,서울특별시 광진구 중곡동,경상사고,0,0,5,0,차대차 - 기타,교차로운행방법위반,건조,맑음,교차로 - 교차로부근,승용,남,21-30세,상해없음,승용,여,31-40세,경상,2022,1
2022012100100691.2,2022년 1월,금요일,서울특별시 광진구 화양동,경상사고,0,0,1,0,차대사람 - 차도통행중,안전운전불이행,건조,맑음,단일로 - 기타,승용,남,65세 이상,상해없음,보행자,남,21-30세,경상,2022,1
2022012200100322.0,2022년 1월,토요일,서울특별시 광진구 중곡동,경상사고,0,0,1,0,차대차 - 기타,안전운전불이행,건조,맑음,교차로 - 교차로부근,이륜,남,31-40세,경상,이륜,남,41-50세,상해없음,2022,1
2022012200100323.2,2022년 1월,토요일,서울특별시 광진구 구의동,경상사고,0,0,1,0,차대차 - 추돌,안전운전불이행,건조,맑음,단일로 - 기타,승용,남,21-30세,상해없음,승용,남,41-50세,경상,2022,1
2022012300100046.0,2022년 1월,일요일,서울특별시 광진구 군자동,중상사고,0,1,0,0,차대사람 - 기타,안전운전불이행,건조,맑음,단일로 - 기타,원동기,남,41-50세,상해없음,보행자,여,65세 이상,중상,2022,1
2022012300100108.8,2022년 1월,일요일,서울특별시 광진구 군자동,중상사고,0,1,0,0,차대차 - 기타,안전운전불이행,건조,맑음,교차로 - 교차로안,이륜,기타불명,기타불명,기타불명,이륜,남,51-60세,중상,2022,1
2022012300100292.0,2022년 1월,일요일,서울특별시 광진구 화양동,경상사고,0,0,1,0,차대차 - 기타,안전운전불이행,건조,흐림,교차로 - 교차로부근,승용,남,31-40세,상해없음,이륜,남,13-20세,경상,2022,1
2022012300100356.8,2022년 1월,일요일,서울특별시 광진구 능동,경상사고,0,0,1,0,차대차 - 기타,안전거리미확보,젖음/습기,맑음,단일로 - 기타,승용,남,21-30세,상해없음,이륜,남,51-60세,경상,2022,1
2022012400100444.8,2022년 1월,월요일,서울특별시 광진구 능동,경상사고,0,0,1,0,차대차 - 추돌,안전운전불이행,건조,맑음,단일로 - 기타,화물,남,65세 이상,상해없음,승용,여,51-60세,경상,2022,1