사고번호,발생년월,요일,시군구,사고내용,사망자수,중상자수,경상자수,부상신고자수,사고유형,법규위반,노면상태,기상상태,도로형태,가해운전자 차종,가해운전자 성별,가해운전자 연령대,가해운전자 상해정도,피해운전자 차종,피해운전자 성별,피해운전자 연령대,피해운전자 상해정도,발생년도,발생월
2022080200100483.2,2022년 8월,화요일,서울특별시 광진구 광장동,부상신고사고,0,0,0,2,차대차 - 충돌,안전운전불이행,젖음/습기,비,교차로 - 교차로안,승용,여,51-60세,상해없음,승용,남,31-40세,부상신고,2022,8
2022080200100507.2,2022년 8월,화요일,서울특별시 광진구 자양동,경상사고,0,0,1,0,차대사람 - 기타,안전운전불이행,젖음/습기,비,단일로 - 기타,승용,남,65세 이상,상해없음,보행자,남,31-40세,경상,2022,8
2022080000000000.0,2022년 8월,수요일,서울특별시 광진구 화양동,경상사고,0,0,1,0,차대사람 - 기타,안전운전불이행,건조,맑음,기타 - 기타,기타불명,기타불명,기타불명,기타불명,보행자,남,21-30세,경상,2022,8
2022080300100148.0,2022년 8월,수요일,서울특별시 광진구 중곡동,경상사고,0,0,1,0,차대차 - 충돌,안전거리미확보,건조,맑음,단일로 - 기타,승용,여,41-50세,상해없음,승용,남,31-40세,경상,2022,8
2022080300100332.0,2022년 8월,수요일,서울특별시 광진구 자양동,중상사고,0,1,0,0,차대차 - 기타,안전운전불이행,건조,맑음,단일로 - 기타,승용,남,65세 이상,상해없음,이륜,남,41-50세,중상,2022,8
2022080600100091.2,2022년 8월,토요일,서울특별시 광진구 중곡동,경상사고,0,0,1,0,차대차 - 충돌,안전운전불이행,건조,맑음,교차로 - 교차로부근,승용,여,31-40세,상해없음,승용,남,21-30세,경상,2022,8
2022080600100278.0,2022년 8월,토요일,서울특별시 광진구 중곡동,경상사고,0,0,1,0,차대차 - 충돌,신호위반,젖음/습기,흐림,교차로 - 교차로부근,이륜,남,31-40세,경상,승용,남,41-50세,상해없음,2022,8
2022080600100368.8,2022년 8월,토요일,서울특별시 광진구 중곡동,경상사고,0,0,2,0,차대차 - 추돌,안전운전불이행,건조,맑음,교차로 - 교차로부근,승합,남,51-60세,상해없음,승용,여,41-50세,경상,2022,8
2022080700100047.2,2022년 8월,일요일,서울특별시 광진구 화양동,경상사고,0,0,1,0,차대사람 - 기타,신호위반,건조,맑음,단일로 - 기타,이륜,남,41-50세,상해없음,보행자,여,21-30세,경상,2022,8
2022080700100218.0,2022년 8월,일요일,서울특별시 광진구 자양동,경상사고,0,0,1,0,차대차 - 충돌,안전거리미확보,건조,맑음,기타 - 기타,승용,여,41-50세,기타불명,원동기,남,31-40세,경상,2022,8
2022080000000000.0,2022년 8월,월요일,서울특별시 광진구 군자동,중상사고,0,1,0,0,차대사람 - 횡단중,신호위반,건조,맑음,교차로 - 교차로횡단보도내,원동기,남,41-50세,상해없음,보행자,여,13-20세,중상,2022,8
2022080800100204.8,2022년 8월,월요일,서울특별시 광진구 자양동,경상사고,0,0,1,0,차대차 - 충돌,안전운전불이행,젖음/습기,비,기타 - 기타,승용,여,41-50세,상해없음,승용,여,41-50세,경상,2022,8
2022081000100104.0,2022년 8월,수요일,서울특별시 광진구 자양동,중상사고,0,1,0,0,차대사람 - 횡단중,신호위반,건조,맑음,교차로 - 교차로안,승용,남,21-30세,상해없음,보행자,여,65세 이상,중상,2022,8
2022081000100104.8,2022년 8월,수요일,서울특별시 광진구 자양동,경상사고,0,0,1,0,차대차 - 기타,안전운전불이행,건조,맑음,교차로 - 교차로횡단보도내,승용,남,31-40세,상해없음,자전거,남,65세 이상,경상,2022,8
2022081300100162.0,2022년 8월,토요일,서울특별시 광진구 중곡동,중상사고,0,1,1,0,차대차 - 기타,교차로운행방법위반,젖음/습기,비,기타 - 기타,승용,남,65세 이상,상해없음,원동기,남,41-50세,중상,2022,8
2022081400100012.0,2022년 8월,일요일,서울특별시 광진구 구의동,사망사고,1,0,0,0,차대사람 - 차도통행중,기타,건조,맑음,단일로 - 기타,승용,여,31-40세,상해없음,보행자,남,21-30세,사망,2022,8
2022081400100335.2,2022년 8월,일요일,서울특별시 광진구 화양동,경상사고,0,0,1,0,차대차 - 추돌,신호위반,건조,맑음,교차로 - 교차로안,이륜,남,31-40세,경상,승용,남,61-64세,상해없음,2022,8
2022081900100328.8,2022년 8월,금요일,서울특별시 광진구 중곡동,중상사고,0,1,0,0,차대차 - 충돌,신호위반,젖음/습기,비,교차로 - 교차로안,승용,여,61-64세,상해없음,승용,여,65세 이상,중상,2022,8
2022082100100000.8,2022년 8월,일요일,서울특별시 광진구 중곡동,중상사고,0,1,0,0,차대차 - 충돌,신호위반,건조,맑음,교차로 - 교차로부근,승용,여,21-30세,상해없음,이륜,남,41-50세,중상,2022,8
2022082200100019.2,2022년 8월,월요일,서울특별시 광진구 자양동,경상사고,0,0,1,0,차대사람 - 기타,안전운전불이행,건조,맑음,단일로 - 기타,기타불명,기타불명,기타불명,기타불명,보행자,여,65세 이상,경상,2022,8
2022082200100079.2,2022년 8월,월요일,서울특별시 광진구 광장동,경상사고,0,0,2,0,차대차 - 추돌,안전운전불이행,건조,맑음,단일로 - 기타,화물,남,51-60세,상해없음,승합,남,51-60세,경상,2022,8
2022082200100199.2,2022년 8월,월요일,서울특별시 광진구 군자동,경상사고,0,0,1,0,차대차 - 추돌,안전운전불이행,건조,맑음,단일로 - 기타,승용,여,51-60세,상해없음,원동기,남,21-30세,경상,2022,8
2022082200100396.0,2022년 8월,월요일,서울특별시 광진구 구의동,경상사고,0,0,1,0,차대차 - 추돌,안전운전불이행,건조,맑음,기타 - 기타,원동기,남,41-50세,기타불명,승용,남,65세 이상,경상,2022,8
2022082200100467.2,2022년 8월,월요일,서울특별시 광진구 구의동,경상사고,0,0,1,0,차대차 - 추돌,안전운전불이행,건조,맑음,기타 - 기타,승용,남,65세 이상,상해없음,승용,남,21-30세,경상,2022,8
2022082300100504.8,2022년 8월,화요일,서울특별시 광진구 화양동,중상사고,0,1,0,0,차대사람 - 차도통행중,안전운전불이행,건조,맑음,단일로 - 기타,승용,남,21-30세,상해없음,보행자,남,31-40세,중상,2022,8
2022082300100594.0,2022년 8월,화요일,서울특별시 광진구 군자동,중상사고,0,1,1,0,차대차 - 충돌,중앙선침범,건조,맑음,교차로 - 교차로부근,승용,남,61-64세,상해없음,이륜,남,31-40세,중상,2022,8
2022082400100358.0,2022년 8월,수요일,서울특별시 광진구 중곡동,중상사고,0,1,0,0,차대차 - 기타,안전운전불이행,건조,맑음,기타 - 기타,자전거,남,65세 이상,중상,승용,여,31-40세,상해없음,2022,8
2022082500100072.0,2022년 8월,목요일,서울특별시 광진구 광장동,경상사고,0,0,1,0,차대차 - 충돌,차로위반,건조,맑음,교차로 - 교차로부근,원동기,남,21-30세,경상,승용,남,65세 이상,상해없음,2022,8
2022082500100340.8,2022년 8월,목요일,서울특별시 광진구 자양동,경상사고,0,0,1,0,차대차 - 충돌,안전운전불이행,건조,맑음,교차로 - 교차로안,승용,남,51-60세,상해없음,승용,여,65세 이상,경상,2022,8
2022082500100564.0,2022년 8월,목요일,서울특별시 광진구 화양동,경상사고,0,0,1,0,차대차 - 추돌,안전운전불이행,건조,맑음,기타 - 기타,개인형이동수단(PM),남,51-60세,상해없음,이륜,남,31-40세,경상,2022,8
2022082600100092.0,2022년 8월,금요일,서울특별시 광진구 구의동,경상사고,0,0,1,0,차대차 - 기타,안전운전불이행,건조,맑음,기타 - 기타,자전거,여,21-30세,경상,화물,남,61-64세,상해없음,2022,8
2022082600100612.0,2022년 8월,금요일,서울특별시 광진구 광장동,경상사고,0,0,1,0,차대사람 - 횡단중,보행자보호의무위반,건조,맑음,단일로 - 기타,기타불명,기타불명,기타불명,기타불명,보행자,여,31-40세,경상,2022,8
2022082800100492.0,2022년 8월,일요일,서울특별시 광진구 구의동,경상사고,0,0,2,0,차대차 - 추돌,안전운전불이행,건조,맑음,기타 - 기타,승용,남,51-60세,상해없음,승용,남,31-40세,경상,2022,8
2022082900100036.8,2022년 8월,월요일,서울특별시 광진구 화양동,경상사고,0,0,1,0,차대차 - 추돌,안전운전불이행,건조,맑음,교차로 - 교차로부근,승용,여,31-40세,상해없음,승용,남,21-30세,경상,2022,8
2022082900100052.8,2022년 8월,월요일,서울특별시 광진구 자양동,경상사고,0,0,1,0,차대차 - 기타,안전운전불이행,건조,맑음,교차로 - 교차로부근,승용,남,41-50세,상해없음,승용,남,31-40세,경상,2022,8
2022082900100162.0,2022년 8월,월요일,서울특별시 광진구 광장동,경상사고,0,0,1,0,차대차 - 충돌,차로위반,건조,맑음,교차로 - 교차로부근,승용,여,31-40세,상해없음,승용,남,51-60세,경상,2022,8
2022082900100303.2,2022년 8월,월요일,서울특별시 광진구 중곡동,경상사고,0,0,1,0,차대차 - 충돌,안전운전불이행,건조,맑음,단일로 - 기타,화물,남,31-40세,상해없음,이륜,남,31-40세,경상,2022,8
2022082900100364.0,2022년 8월,월요일,서울특별시 광진구 자양동,경상사고,0,0,2,0,차대차 - 충돌,기타,건조,맑음,교차로 - 교차로안,원동기,남,20세 이하,경상,승용,남,41-50세,경상,2022,8
2022080000000000.0,2022년 8월,화요일,서울특별시 광진구 중곡동,경상사고,0,0,1,0,차대차 - 기타,안전운전불이행,건조,맑음,교차로 - 교차로부근,화물,남,61-64세,상해없음,승용,여,51-60세,경상,2022,8
2022083000100439.2,2022년 8월,화요일,서울특별시 광진구 화양동,경상사고,0,0,1,0,차대사람 - 기타,안전운전불이행,젖음/습기,비,단일로 - 기타,원동기,남,21-30세,상해없음,보행자,여,21-30세,경상,2022,8
2022083100100066.0,2022년 8월,수요일,서울특별시 광진구 화양동,경상사고,0,0,1,0,차대차 - 충돌,교차로운행방법위반,건조,맑음,교차로 - 교차로부근,개인형이동수단(PM),남,21-30세,경상,승용,남,65세 이상,상해없음,2022,8
2022083100100123.2,2022년 8월,수요일,서울특별시 광진구 구의동,경상사고,0,0,1,0,차대차 - 기타,안전운전불이행,건조,맑음,단일로 - 기타,승용,남,51-60세,상해없음,승용,남,31-40세,경상,2022,8
2022083100100148.8,2022년 8월,수요일,서울특별시 광진구 자양동,중상사고,0,1,0,0,차대차 - 기타,안전운전불이행,건조,맑음,교차로 - 교차로안,자전거,남,65세 이상,중상,승용,남,51-60세,상해없음,2022,8
2022083100100298.0,2022년 8월,수요일,서울특별시 광진구 구의동,경상사고,0,0,1,0,차대차 - 충돌,안전운전불이행,건조,맑음,교차로 - 교차로부근,승합,남,51-60세,상해없음,건설기계,남,31-40세,경상,2022,8
2022090100100339.2,2022년 9월,목요일,서울특별시 광진구 군자동,경상사고,0,0,1,0,차량단독 - 기타,안전운전불이행,건조,맑음,단일로 - 기타,승용,남,61-64세,상해없음,,,,,2022,9
2022090100100484.0,2022년 9월,목요일,서울특별시 광진구 중곡동,경상사고,0,0,1,0,차대사람 - 기타,안전운전불이행,건조,맑음,단일로 - 기타,승용,남,65세 이상,상해없음,보행자,남,31-40세,경상,2022,9
2022090200100067.2,2022년 9월,금요일,서울특별시 광진구 중곡동,경상사고,0,0,1,0,차대사람 - 기타,안전운전불이행,건조,맑음,단일로 - 기타,승용,여,51-60세,상해없음,보행자,남,13-20세,경상,2022,9
2022090200100147.2,2022년 9월,금요일,서울특별시 광진구 자양동,경상사고,0,0,1,0,차대차 - 충돌,안전운전불이행,건조,맑음,교차로 - 교차로부근,승용,여,41-50세,상해없음,자전거,여,41-50세,경상,2022,9
2022090200100327.2,2022년 9월,금요일,서울특별시 광진구 자양동,경상사고,0,0,1,0,차대차 - 충돌,신호위반,건조,맑음,단일로 - 기타,승용,남,65세 이상,상해없음,화물,남,21-30세,경상,2022,9
2022090300100328.0,2022년 9월,토요일,서울특별시 광진구 중곡동,경상사고,0,0,1,0,차대사람 - 횡단중,보행자보호의무위반,건조,맑음,단일로 - 기타,승합,남,65세 이상,상해없음,보행자,여,65세 이상,경상,2022,9
2022090000000000.0,2022년 9월,토요일,서울특별시 광진구 자양동,중상사고,0,1,1,0,차대차 - 기타,중앙선침범,건조,맑음,단일로 - 기타,원동기,남,21-30세,상해없음,원동기,남,21-30세,경상,2022,9
2022090300100472.8,2022년 9월,토요일,서울특별시 광진구 화양동,중상사고,0,2,0,0,차대차 - 추돌,안전운전불이행,건조,맑음,기타 - 기타,화물,남,21-30세,상해없음,승용,남,41-50세,중상,2022,9
2022090400100044.8,2022년 9월,일요일,서울특별시 광진구 자양동,경상사고,0,0,4,0,차대차 - 충돌,중앙선침범,건조,맑음,단일로 - 기타,승용,남,31-40세,상해없음,승용,남,21-30세,경상,2022,9
2022090500100128.0,2022년 9월,월요일,서울특별시 광진구 자양동,경상사고,0,0,1,0,차대차 - 충돌,안전운전불이행,건조,맑음,교차로 - 교차로안,승용,남,65세 이상,상해없음,승합,남,51-60세,상해없음,2022,9
2022090500100472.0,2022년 9월,월요일,서울특별시 광진구 화양동,경상사고,0,0,1,0,차대차 - 기타,안전운전불이행,건조,맑음,기타 - 기타,승용,남,61-64세,상해없음,승용,남,65세 이상,경상,2022,9
2022090600100060.8,2022년 9월,화요일,서울특별시 광진구 화양동,중상사고,0,1,0,0,차대차 - 충돌,신호위반,젖음/습기,흐림,교차로 - 교차로안,승합,남,51-60세,상해없음,원동기,남,51-60세,중상,2022,9
2022090600100168.8,2022년 9월,화요일,서울특별시 광진구 중곡동,경상사고,0,0,1,0,차대차 - 추돌,안전운전불이행,건조,맑음,기타 - 기타,화물,남,21-30세,상해없음,승합,남,51-60세,경상,2022,9
2022090700100164.8,2022년 9월,수요일,서울특별시 광진구 광장동,경상사고,0,0,2,0,차대사람 - 횡단중,보행자보호의무위반,건조,맑음,교차로 - 교차로횡단보도내,승용,남,65세 이상,상해없음,보행자,여,61-64세,경상,2022,9
2022090700100166.0,2022년 9월,수요일,서울특별시 광진구 화양동,경상사고,0,0,1,0,차대차 - 기타,안전운전불이행,건조,맑음,교차로 - 교차로안,개인형이동수단(PM),여,21-30세,경상,승용,남,61-64세,상해없음,2022,9
2022090000000000.0,2022년 9월,수요일,서울특별시 광진구 군자동,중상사고,0,1,0,0,차대차 - 충돌,중앙선침범,건조,맑음,단일로 - 기타,승용,남,65세 이상,상해없음,원동기,남,41-50세,중상,2022,9
2022090700100355.2,2022년 9월,수요일,서울특별시 광진구 광장동,경상사고,0,0,1,0,차대사람 - 기타,안전운전불이행,건조,맑음,단일로 - 기타,승용,여,41-50세,상해없음,보행자,여,41-50세,경상,2022,9
2022090700100663.2,2022년 9월,수요일,서울특별시 광진구 중곡동,경상사고,0,0,1,0,차대사람 - 기타,안전운전불이행,건조,맑음,교차로 - 교차로부근,승용,남,65세 이상,상해없음,보행자,여,51-60세,경상,2022,9
2022090800100000.8,2022년 9월,목요일,서울특별시 광진구 중곡동,경상사고,0,0,1,0,차대사람 - 기타,안전운전불이행,건조,맑음,교차로 - 교차로부근,승용,남,65세 이상,상해없음,보행자,남,31-40세,경상,2022,9
2022090800100036.0,2022년 9월,목요일,서울특별시 광진구 중곡동,사망사고,1,1,0,0,차대차 - 추돌,안전운전불이행,건조,맑음,단일로 - 기타,이륜,남,21-30세,사망,건설기계,남,61-64세,상해없음,2022,9
2022090800100391.2,2022년 9월,목요일,서울특별시 광진구 자양동,경상사고,0,0,1,0,차대차 - 충돌,안전운전불이행,건조,맑음,기타 - 기타,승용,남,21-30세,상해없음,승용,여,31-40세,경상,2022,9
2022090800100392.0,2022년 9월,목요일,서울특별시 광진구 자양동,경상사고,0,0,1,0,차대차 - 충돌,안전거리미확보,건조,맑음,기타 - 기타,승용,남,21-30세,기타불명,승용,여,51-60세,경상,2022,9
2022090800100455.2,2022년 9월,목요일,서울특별시 광진구 광장동,경상사고,0,0,1,0,차대차 - 기타,안전운전불이행,건조,맑음,단일로 - 기타,승용,여,51-60세,상해없음,이륜,남,41-50세,경상,2022,9
2022090900100040.8,2022년 9월,금요일,서울특별시 광진구 구의동,중상사고,0,1,0,0,차대차 - 충돌,교차로운행방법위반,건조,맑음,교차로 - 교차로안,자전거,남,21-30세,중상,승용,남,51-60세,상해없음,2022,9
2022091000100315.2,2022년 9월,토요일,서울특별시 광진구 자양동,중상사고,0,1,0,0,차대차 - 충돌,신호위반,건조,맑음,단일로 - 기타,이륜,남,21-30세,상해없음,이륜,남,31-40세,중상,2022,9
2022091200100068.8,2022년 9월,월요일,서울특별시 광진구 중곡동,경상사고,0,0,1,0,차대차 - 충돌,직진우회전진행방해,건조,맑음,교차로 - 교차로안,승용,남,65세 이상,상해없음,자전거,남,65세 이상,경상,2022,9
2022091200100211.2,2022년 9월,월요일,서울특별시 광진구 구의동,경상사고,0,0,1,0,차대사람 - 기타,안전운전불이행,건조,맑음,단일로 - 기타,승용,여,31-40세,상해없음,보행자,여,21-30세,경상,2022,9
2022091400100356.8,2022년 9월,수요일,서울특별시 광진구 구의동,경상사고,0,0,1,0,차대차 - 충돌,안전운전불이행,건조,맑음,교차로 - 교차로안,승용,여,41-50세,상해없음,승용,여,61-64세,경상,2022,9
2022091500100018.0,2022년 9월,목요일,서울특별시 광진구 화양동,경상사고,0,0,2,0,차대차 - 충돌,기타,건조,기타,기타 - 기타,자전거,남,51-60세,기타불명,승용,남,51-60세,상해없음,2022,9
2022091500100072.0,2022년 9월,목요일,서울특별시 광진구 중곡동,경상사고,0,0,1,0,차대사람 - 기타,안전운전불이행,건조,맑음,기타 - 기타,승용,여,51-60세,상해없음,보행자,여,21-30세,경상,2022,9
2022091600100256.0,2022년 9월,금요일,서울특별시 광진구 구의동,중상사고,0,1,0,0,차대차 - 기타,안전운전불이행,건조,맑음,단일로 - 터널,승용,남,31-40세,상해없음,이륜,남,13-20세,중상,2022,9
2022091600100460.8,2022년 9월,금요일,서울특별시 광진구 자양동,경상사고,0,0,1,0,차대차 - 추돌,안전운전불이행,건조,맑음,기타 - 기타,승용,남,61-64세,상해없음,이륜,남,21-30세,경상,2022,9
2022090000000000.0,2022년 9월,토요일,서울특별시 광진구 광장동,경상사고,0,0,1,0,차량단독 - 충돌,안전운전불이행,젖음/습기,흐림,단일로 - 기타,승용,남,51-60세,상해없음,,,,,2022,9
2022091800100028.0,2022년 9월,일요일,서울특별시 광진구 군자동,중상사고,0,1,0,0,차대차 - 추돌,신호위반,건조,맑음,교차로 - 교차로안,승용,남,21-30세,상해없음,원동기,남,51-60세,중상,2022,9
2022091800100048.8,2022년 9월,일요일,서울특별시 광진구 구의동,경상사고,0,0,1,5,차대차 - 충돌,안전운전불이행,건조,맑음,단일로 - 기타,승용,여,21-30세,상해없음,승용,남,41-50세,경상,2022,9
2022091800100367.2,2022년 9월,일요일,서울특별시 광진구 군자동,경상사고,0,0,1,0,차대차 - 충돌,안전운전불이행,건조,맑음,교차로 - 교차로부근,승용,남,65세 이상,상해없음,개인형이동수단(PM),여,21-30세,경상,2022,9
2022091900100051.2,2022년 9월,월요일,서울특별시 광진구 중곡동,경상사고,0,0,1,0,차대차 - 기타,안전운전불이행,건조,맑음,기타 - 기타,승용,남,41-50세,상해없음,이륜,남,21-30세,경상,2022,9
2022091900100366.0,2022년 9월,월요일,서울특별시 광진구 광장동,경상사고,0,0,1,0,차대차 - 기타,안전운전불이행,건조,맑음,교차로 - 교차로안,승용,남,65세 이상,상해없음,자전거,남,51-60세,경상,2022,9
2022091900100556.8,2022년 9월,월요일,서울특별시 광진구 중곡동,경상사고,0,0,1,0,차대사람 - 기타,안전운전불이행,건조,맑음,교차로 - 교차로부근,승용,여,51-60세,상해없음,보행자,남,41-50세,경상,2022,9
2022092000100000.8,2022년 9월,화요일,서울특별시 광진구 화양동,중상사고,0,1,0,0,차대차 - 충돌,안전운전불이행,건조,맑음,교차로 - 교차로안,이륜,남,21-30세,상해없음,개인형이동수단(PM),여,21-30세,중상,2022,9
2022090000000000.0,2022년 9월,화요일,서울특별시 광진구 자양동,부상신고사고,0,0,0,1,차대차 - 기타,안전운전불이행,건조,맑음,교차로 - 교차로부근,자전거,남,20세 이하,부상신고,개인형이동수단(PM),여,13-20세,상해없음,2022,9
2022092100100016.0,2022년 9월,수요일,서울특별시 광진구 중곡동,경상사고,0,0,2,0,차대차 - 추돌,안전운전불이행,건조,맑음,단일로 - 기타,승용,남,21-30세,상해없음,승용,남,31-40세,경상,2022,9
2022092100100163.2,2022년 9월,수요일,서울특별시 광진구 자양동,중상사고,0,1,0,0,차대차 - 충돌,안전운전불이행,건조,맑음,단일로 - 교량,자전거,남,31-40세,중상,화물,남,41-50세,상해없음,2022,9
2022092100100502.0,2022년 9월,수요일,서울특별시 광진구 군자동,경상사고,0,0,1,0,차대차 - 기타,교차로운행방법위반,건조,맑음,교차로 - 교차로안,승용,남,51-60세,상해없음,승용,남,21-30세,경상,2022,9
2022092100100586.0,2022년 9월,수요일,서울특별시 광진구 자양동,경상사고,0,0,1,0,차대차 - 충돌,신호위반,건조,맑음,단일로 - 기타,자전거,남,20세 이하,경상,원동기,남,51-60세,상해없음,2022,9
2022092100100618.0,2022년 9월,수요일,서울특별시 광진구 화양동,경상사고,0,0,3,0,차대차 - 기타,교차로운행방법위반,건조,맑음,교차로 - 교차로안,승용,남,61-64세,상해없음,승용,남,31-40세,경상,2022,9
2022092200100247.2,2022년 9월,목요일,서울특별시 광진구 화양동,경상사고,0,0,1,0,차대차 - 기타,교차로운행방법위반,건조,맑음,교차로 - 교차로부근,승용,남,51-60세,기타불명,원동기,남,21-30세,경상,2022,9
2022092200100507.2,2022년 9월,목요일,서울특별시 광진구 중곡동,경상사고,0,0,1,0,차대차 - 기타,안전운전불이행,건조,흐림,단일로 - 기타,승용,여,41-50세,상해없음,승용,여,41-50세,경상,2022,9
2022090000000000.0,2022년 9월,토요일,서울특별시 광진구 화양동,중상사고,0,1,0,0,차대차 - 추돌,안전운전불이행,건조,맑음,단일로 - 기타,승용,남,31-40세,상해없음,승용,남,51-60세,중상,2022,9
2022092500100027.2,2022년 9월,일요일,서울특별시 광진구 화양동,중상사고,0,1,2,1,차대사람 - 기타,안전운전불이행,건조,맑음,단일로 - 기타,승용,남,21-30세,상해없음,보행자,남,21-30세,중상,2022,9
2022092500100047.2,2022년 9월,일요일,서울특별시 광진구 군자동,경상사고,0,0,1,0,차대차 - 충돌,신호위반,건조,맑음,단일로 - 기타,승용,남,65세 이상,상해없음,승용,남,41-50세,경상,2022,9
2022092600100016.0,2022년 9월,월요일,서울특별시 광진구 자양동,경상사고,0,0,1,0,차대차 - 충돌,안전운전불이행,건조,맑음,단일로 - 기타,승용,여,41-50세,상해없음,화물,남,51-60세,경상,2022,9
2022092700100283.2,2022년 9월,화요일,서울특별시 광진구 중곡동,사망사고,1,0,1,0,차대차 - 기타,안전운전불이행,건조,맑음,교차로 - 교차로안,이륜,여,51-60세,사망,승용,남,51-60세,경상,2022,9
2022092700100558.0,2022년 9월,화요일,서울특별시 광진구 구의동,경상사고,0,0,2,0,차대차 - 충돌,중앙선침범,건조,맑음,단일로 - 기타,승용,남,65세 이상,상해없음,원동기,남,31-40세,경상,2022,9
2022092800100438.0,2022년 9월,수요일,서울특별시 광진구 화양동,경상사고,0,0,1,0,차대사람 - 기타,안전운전불이행,건조,맑음,단일로 - 기타,승합,남,51-60세,상해없음,보행자,여,61-64세,경상,2022,9
2022093000100023.2,2022년 9월,금요일,서울특별시 광진구 중곡동,중상사고,0,1,0,0,차대차 - 기타,안전운전불이행,건조,맑음,단일로 - 기타,이륜,남,31-40세,중상,원동기,남,51-60세,기타불명,2022,9
2022093000100079.2,2022년 9월,금요일,서울특별시 광진구 중곡동,중상사고,0,1,0,0,차대사람 - 길가장자리구역통행중,안전운전불이행,건조,맑음,교차로 - 교차로안,승용,남,51-60세,상해없음,보행자,여,51-60세,중상,2022,9
2022093000100096.8,2022년 9월,금요일,서울특별시 광진구 중곡동,사망사고,1,0,0,0,차대사람 - 기타,안전운전불이행,건조,맑음,교차로 - 교차로부근,승용,남,51-60세,상해없음,보행자,여,51-60세,사망,2022,9
2022093000100424.0,2022년 9월,금요일,서울특별시 광진구 중곡동,중상사고,0,1,0,0,차대사람 - 횡단중,신호위반,건조,맑음,교차로 - 교차로안,화물,남,51-60세,상해없음,보행자,여,31-40세,중상,2022,9
2022100100100003.2,2022년 10월,토요일,서울특별시 광진구 구의동,중상사고,0,1,0,0,차대사람 - 기타,안전운전불이행,건조,맑음,교차로 - 교차로횡단보도내,승용,남,41-50세,상해없음,보행자,여,61-64세,중상,2022,10
2022100100100015.2,2022년 10월,토요일,서울특별시 광진구 광장동,경상사고,0,0,1,0,차대차 - 추돌,안전운전불이행,건조,맑음,단일로 - 기타,승용,여,31-40세,상해없음,승용,남,61-64세,상해없음,2022,10
2022100100100166.0,2022년 10월,토요일,서울특별시 광진구 구의동,경상사고,0,0,4,0,차대차 - 추돌,안전운전불이행,건조,맑음,단일로 - 기타,승용,남,31-40세,상해없음,승용,남,51-60세,경상,2022,10
2022100100100574.0,2022년 10월,토요일,서울특별시 광진구 군자동,중상사고,0,1,0,0,차대차 - 충돌,중앙선침범,건조,맑음,기타 - 기타,승용,여,61-64세,상해없음,이륜,남,41-50세,중상,2022,10
2022100200100048.0,2022년 10월,일요일,서울특별시 광진구 자양동,경상사고,0,0,3,0,차대차 - 충돌,안전운전불이행,건조,맑음,교차로 - 교차로안,승용,남,31-40세,상해없음,승용,남,21-30세,경상,2022,10
2022100200100048.8,2022년 10월,일요일,서울특별시 광진구 자양동,경상사고,0,0,2,0,차대차 - 충돌,중앙선침범,건조,흐림,단일로 - 기타,승용,남,41-50세,상해없음,승용,남,65세 이상,경상,2022,10
2022100200100455.2,2022년 10월,일요일,서울특별시 광진구 중곡동,중상사고,0,1,1,0,차대차 - 추돌,안전운전불이행,젖음/습기,맑음,기타 - 기타,이륜,남,21-30세,중상,승용,남,41-50세,경상,2022,10
2022100300100051.2,2022년 10월,월요일,서울특별시 광진구 군자동,경상사고,0,0,1,0,차대차 - 기타,안전운전불이행,건조,맑음,기타 - 기타,승용,남,65세 이상,상해없음,승합,남,65세 이상,상해없음,2022,10
2022100300100332.0,2022년 10월,월요일,서울특별시 광진구 구의동,중상사고,0,1,2,0,차대차 - 기타,교차로운행방법위반,건조,흐림,교차로 - 교차로안,이륜,남,51-60세,중상,승용,남,41-50세,경상,2022,10
2022100400100379.2,2022년 10월,화요일,서울특별시 광진구 자양동,경상사고,0,0,1,0,차대차 - 추돌,안전운전불이행,건조,맑음,단일로 - 기타,승용,남,51-60세,상해없음,승용,남,31-40세,경상,2022,10
2022100000000000.0,2022년 10월,화요일,서울특별시 광진구 군자동,경상사고,0,0,1,0,차대차 - 충돌,안전운전불이행,건조,맑음,단일로 - 기타,기타불명,기타불명,기타불명,기타불명,승용,여,31-40세,경상,2022,10
2022100500100575.2,2022년 10월,수요일,서울특별시 광진구 자양동,경상사고,0,0,1,0,차대차 - 추돌,안전운전불이행,건조,맑음,기타 - 기타,승용,남,31-40세,상해없음,건설기계,남,51-60세,경상,2022,10
2022100600100022.0,2022년 10월,목요일,서울특별시 광진구 구의동,경상사고,0,0,1,0,차대차 - 충돌,안전운전불이행,건조,맑음,교차로 - 교차로안,승용,남,65세 이상,상해없음,자전거,남,65세 이상,경상,2022,10
2022100600100224.8,2022년 10월,목요일,서울특별시 광진구 자양동,경상사고,0,0,1,0,차대차 - 충돌,안전운전불이행,건조,맑음,단일로 - 기타,개인형이동수단(PM),남,20세 이하,상해없음,자전거,여,65세 이상,경상,2022,10
2022100000000000.0,2022년 10월,목요일,서울특별시 광진구 화양동,경상사고,0,0,1,0,차대사람 - 기타,안전운전불이행,건조,맑음,기타 - 기타,이륜,남,61-64세,상해없음,보행자,여,21-30세,경상,2022,10