사고번호,발생년월,요일,시군구,사고내용,사망자수,중상자수,경상자수,부상신고자수,사고유형,법규위반,노면상태,기상상태,도로형태,가해운전자 차종,가해운전자 성별,가해운전자 연령대,가해운전자 상해정도,피해운전자 차종,피해운전자 성별,피해운전자 연령대,피해운전자 상해정도,발생년도,발생월
2022120100100463.2,2022년 12월,목요일,서울특별시 광진구 화양동,경상사고,0,0,2,0,차대사람 - 기타,안전운전불이행,건조,흐림,단일로 - 기타,승용,남,51-60세,상해없음,보행자,남,21-30세,경상,2023,12
2022120200100034.0,2022년 12월,금요일,서울특별시 광진구 화양동,경상사고,0,0,1,0,차대차 - 추돌,안전운전불이행,건조,맑음,기타 - 기타,승용,남,65세 이상,상해없음,화물,남,65세 이상,경상,2023,12
2022120200100572.8,2022년 12월,금요일,서울특별시 광진구 광장동,중상사고,0,1,0,0,차대차 - 추돌,안전운전불이행,건조,맑음,단일로 - 기타,승용,남,31-40세,상해없음,승용,여,65세 이상,중상,2023,12
2022120300100322.0,2022년 12월,토요일,서울특별시 광진구 광장동,중상사고,0,1,2,0,차대차 - 충돌,신호위반,건조,맑음,교차로 - 교차로부근,승용,남,41-50세,상해없음,승합,남,41-50세,경상,2023,12
2022120000000000.0,2022년 12월,월요일,서울특별시 광진구 자양동,중상사고,0,1,0,0,차대차 - 추돌,안전거리미확보,건조,맑음,교차로 - 교차로안,승용,남,61-64세,상해없음,원동기,여,31-40세,중상,2023,12
2022120500100472.0,2022년 12월,월요일,서울특별시 광진구 자양동,경상사고,0,0,4,0,차대사람 - 기타,안전운전불이행,건조,맑음,단일로 - 기타,승용,여,31-40세,기타불명,보행자,남,51-60세,경상,2023,12
2022120000000000.0,2022년 12월,월요일,서울특별시 광진구 구의동,경상사고,0,0,3,0,차대차 - 충돌,안전운전불이행,건조,맑음,단일로 - 기타,승용,남,31-40세,상해없음,승용,남,41-50세,경상,2023,12
2022120600100342.0,2022년 12월,화요일,서울특별시 광진구 군자동,부상신고사고,0,0,0,1,차대차 - 기타,안전거리미확보,건조,맑음,단일로 - 기타,원동기,남,41-50세,부상신고,기타불명,기타불명,기타불명,기타불명,2023,12
2022120600100588.0,2022년 12월,화요일,서울특별시 광진구 군자동,경상사고,0,0,1,0,차대차 - 추돌,안전운전불이행,건조,맑음,단일로 - 기타,승용,남,65세 이상,상해없음,승용,남,31-40세,경상,2023,12
2022120700100260.8,2022년 12월,수요일,서울특별시 광진구 구의동,경상사고,0,0,1,0,차대차 - 기타,안전운전불이행,건조,맑음,교차로 - 교차로부근,원동기,남,31-40세,경상,승용,남,41-50세,상해없음,2023,12
2022120700100324.8,2022년 12월,수요일,서울특별시 광진구 광장동,경상사고,0,0,2,0,차대차 - 기타,안전운전불이행,건조,맑음,기타 - 기타,승용,남,31-40세,상해없음,승용,여,31-40세,경상,2023,12
2022120700100364.0,2022년 12월,수요일,서울특별시 광진구 자양동,경상사고,0,0,1,0,차대차 - 기타,안전운전불이행,건조,맑음,단일로 - 교량,화물,남,51-60세,상해없음,승용,남,21-30세,경상,2023,12
2022120800100024.0,2022년 12월,목요일,서울특별시 광진구 군자동,경상사고,0,0,2,0,차대차 - 추돌,안전운전불이행,건조,맑음,단일로 - 기타,승용,남,31-40세,상해없음,승용,남,21-30세,경상,2023,12
2022120800100144.8,2022년 12월,목요일,서울특별시 광진구 광장동,경상사고,0,0,1,0,차대차 - 충돌,안전거리미확보,건조,맑음,단일로 - 교량,승용,남,51-60세,상해없음,승용,남,21-30세,경상,2023,12
2022120800100288.0,2022년 12월,목요일,서울특별시 광진구 구의동,경상사고,0,0,1,0,차대차 - 기타,안전운전불이행,건조,맑음,단일로 - 기타,승용,남,65세 이상,상해없음,승용,여,21-30세,경상,2023,12
2022120800100323.2,2022년 12월,목요일,서울특별시 광진구 중곡동,중상사고,0,1,0,0,차대차 - 충돌,신호위반,건조,맑음,교차로 - 교차로부근,승용,여,41-50세,상해없음,승용,여,41-50세,중상,2023,12
2022121000100026.0,2022년 12월,토요일,서울특별시 광진구 자양동,경상사고,0,0,4,0,차대차 - 충돌,교차로운행방법위반,건조,맑음,교차로 - 교차로부근,승용,남,65세 이상,상해없음,승용,남,61-64세,경상,2023,12
2022121000100027.2,2022년 12월,토요일,서울특별시 광진구 자양동,경상사고,0,0,2,0,차대차 - 기타,안전운전불이행,건조,맑음,단일로 - 기타,승용,남,21-30세,경상,승용,남,61-64세,경상,2023,12
2022121100100036.0,2022년 12월,일요일,서울특별시 광진구 화양동,경상사고,0,0,1,0,차대사람 - 기타,안전운전불이행,건조,맑음,단일로 - 기타,승용,남,21-30세,상해없음,보행자,남,21-30세,경상,2023,12
2022121200100067.2,2022년 12월,월요일,서울특별시 광진구 광장동,부상신고사고,0,0,0,1,차대사람 - 기타,안전운전불이행,건조,맑음,기타 - 기타,승용,남,65세 이상,상해없음,보행자,여,12세 이하,부상신고,2023,12
2022121200100068.0,2022년 12월,월요일,서울특별시 광진구 구의동,경상사고,0,0,1,0,차대사람 - 기타,안전운전불이행,건조,맑음,교차로 - 교차로안,승용,여,51-60세,상해없음,보행자,여,21-30세,경상,2023,12
2022121300100011.2,2022년 12월,화요일,서울특별시 광진구 광장동,경상사고,0,0,1,0,차대차 - 추돌,안전운전불이행,건조,맑음,단일로 - 기타,승용,남,31-40세,상해없음,승용,남,21-30세,경상,2023,12
2022121300100084.8,2022년 12월,화요일,서울특별시 광진구 중곡동,경상사고,0,0,1,0,차대차 - 기타,신호위반,건조,맑음,단일로 - 기타,승용,여,65세 이상,상해없음,승용,남,65세 이상,경상,2023,12
2022121400100134.0,2022년 12월,수요일,서울특별시 광진구 중곡동,중상사고,0,1,0,0,차대사람 - 기타,안전운전불이행,건조,맑음,교차로 - 교차로부근,이륜,남,41-50세,상해없음,보행자,남,41-50세,중상,2023,12
2022121400100216.8,2022년 12월,수요일,서울특별시 광진구 자양동,경상사고,0,0,1,0,차대차 - 충돌,안전거리미확보,건조,맑음,단일로 - 기타,승용,여,21-30세,상해없음,승용,남,31-40세,경상,2023,12
2022121600100416.8,2022년 12월,금요일,서울특별시 광진구 구의동,중상사고,0,1,0,0,차대차 - 충돌,안전운전불이행,건조,맑음,교차로 - 교차로안,승용,여,41-50세,상해없음,승용,남,41-50세,중상,2023,12
2022121600100468.8,2022년 12월,금요일,서울특별시 광진구 자양동,경상사고,0,0,1,0,차대차 - 충돌,안전운전불이행,건조,맑음,교차로 - 교차로안,승합,남,51-60세,상해없음,승합,남,51-60세,경상,2023,12
2022121700100018.0,2022년 12월,토요일,서울특별시 광진구 능동,중상사고,0,1,0,0,차대차 - 기타,안전거리미확보,건조,맑음,단일로 - 기타,승용,남,61-64세,상해없음,원동기,남,61-64세,중상,2023,12
2022121700100202.0,2022년 12월,토요일,서울특별시 광진구 중곡동,중상사고,0,1,0,0,차량단독 - 기타,안전운전불이행,건조,맑음,기타 - 기타,원동기,남,51-60세,중상,,,,,2023,12
2022121700100312.0,2022년 12월,토요일,서울특별시 광진구 중곡동,부상신고사고,0,0,0,1,차대차 - 기타,교차로운행방법위반,건조,맑음,교차로 - 교차로안,승용,남,21-30세,상해없음,원동기,남,61-64세,부상신고,2023,12
2022121700100364.8,2022년 12월,토요일,서울특별시 광진구 화양동,부상신고사고,0,0,0,1,차대차 - 기타,안전운전불이행,건조,맑음,단일로 - 기타,승용,남,51-60세,상해없음,이륜,남,41-50세,부상신고,2023,12
2022121700100476.0,2022년 12월,토요일,서울특별시 광진구 화양동,경상사고,0,0,1,0,차대사람 - 기타,안전운전불이행,건조,맑음,단일로 - 기타,승용,남,65세 이상,상해없음,보행자,여,51-60세,경상,2023,12
2022121700100502.0,2022년 12월,토요일,서울특별시 광진구 군자동,중상사고,0,1,0,0,차대차 - 추돌,안전운전불이행,건조,맑음,교차로 - 교차로부근,승용,남,41-50세,상해없음,원동기,남,31-40세,중상,2023,12
2022121800100020.8,2022년 12월,일요일,서울특별시 광진구 광장동,경상사고,0,0,3,0,차대차 - 추돌,안전운전불이행,건조,맑음,단일로 - 기타,승용,남,21-30세,상해없음,승용,남,61-64세,경상,2023,12
2022121800100152.0,2022년 12월,일요일,서울특별시 광진구 군자동,중상사고,0,1,3,0,차대차 - 기타,직진우회전진행방해,건조,맑음,교차로 - 교차로안,원동기,남,21-30세,중상,승용,여,41-50세,경상,2023,12
2022121800100294.0,2022년 12월,일요일,서울특별시 광진구 중곡동,경상사고,0,0,2,0,차대차 - 추돌,안전운전불이행,건조,맑음,기타 - 기타,승용,남,65세 이상,상해없음,승용,남,51-60세,경상,2023,12
2022121900100288.0,2022년 12월,월요일,서울특별시 광진구 중곡동,경상사고,0,0,1,0,차대사람 - 횡단중,신호위반,젖음/습기,맑음,단일로 - 기타,승용,남,31-40세,상해없음,보행자,남,51-60세,경상,2023,12
2022121900100352.8,2022년 12월,월요일,서울특별시 광진구 군자동,중상사고,0,1,0,0,차대사람 - 기타,안전운전불이행,서리/결빙,맑음,단일로 - 기타,승합,남,41-50세,상해없음,보행자,여,65세 이상,중상,2023,12
2022121900100491.2,2022년 12월,월요일,서울특별시 광진구 군자동,경상사고,0,0,1,0,차대차 - 기타,안전거리미확보,건조,맑음,단일로 - 기타,화물,남,51-60세,상해없음,이륜,남,51-60세,경상,2023,12
2022122000100167.2,2022년 12월,화요일,서울특별시 광진구 군자동,경상사고,0,0,1,0,차대사람 - 횡단중,안전운전불이행,건조,맑음,단일로 - 기타,이륜,남,65세 이상,상해없음,보행자,여,65세 이상,경상,2023,12
2022122200100427.2,2022년 12월,목요일,서울특별시 광진구 자양동,사망사고,1,0,1,0,차대차 - 기타,안전운전불이행,서리/결빙,맑음,단일로 - 고가도로위,원동기,남,65세 이상,사망,승합,남,51-60세,상해없음,2023,12
2022122300100299.2,2022년 12월,금요일,서울특별시 광진구 자양동,경상사고,0,0,1,0,차대차 - 추돌,안전운전불이행,건조,맑음,단일로 - 기타,화물,남,61-64세,상해없음,화물,남,31-40세,경상,2023,12
2022122400100000.8,2022년 12월,토요일,서울특별시 광진구 구의동,경상사고,0,0,2,0,차대차 - 충돌,안전운전불이행,건조,맑음,기타 - 기타,승용,남,31-40세,상해없음,승용,남,65세 이상,경상,2023,12
2022122400100280.8,2022년 12월,토요일,서울특별시 광진구 자양동,경상사고,0,0,1,0,차대사람 - 횡단중,보행자보호의무위반,건조,맑음,교차로 - 교차로횡단보도내,승용,남,41-50세,상해없음,보행자,여,61-64세,경상,2023,12
2022122500100022.0,2022년 12월,일요일,서울특별시 광진구 구의동,경상사고,0,0,1,0,차대사람 - 기타,안전운전불이행,건조,맑음,단일로 - 기타,승용,남,65세 이상,상해없음,보행자,여,41-50세,경상,2023,12
2022122500100268.8,2022년 12월,일요일,서울특별시 광진구 자양동,중상사고,0,1,0,0,차대사람 - 기타,안전운전불이행,건조,맑음,단일로 - 기타,승합,남,65세 이상,상해없음,보행자,남,65세 이상,중상,2023,12
2022122700100418.0,2022년 12월,화요일,서울특별시 광진구 화양동,경상사고,0,0,2,0,차대차 - 추돌,안전운전불이행,건조,맑음,기타 - 기타,승용,남,61-64세,상해없음,승용,남,31-40세,경상,2023,12
2022122700100504.0,2022년 12월,화요일,서울특별시 광진구 화양동,중상사고,0,1,2,0,차대차 - 추돌,안전운전불이행,젖음/습기,흐림,기타 - 기타,승용,남,51-60세,상해없음,이륜,남,65세 이상,중상,2023,12
2022122800100134.0,2022년 12월,수요일,서울특별시 광진구 자양동,경상사고,0,0,1,0,차대차 - 충돌,중앙선침범,건조,맑음,단일로 - 기타,자전거,여,65세 이상,경상,승용,여,41-50세,상해없음,2023,12
2022122800100188.0,2022년 12월,수요일,서울특별시 광진구 자양동,중상사고,0,1,1,0,차대차 - 충돌,신호위반,건조,맑음,교차로 - 교차로부근,이륜,남,51-60세,중상,이륜,남,31-40세,경상,2023,12
2022120000000000.0,2022년 12월,수요일,서울특별시 광진구 자양동,부상신고사고,0,0,0,1,차대차 - 기타,안전운전불이행,젖음/습기,맑음,단일로 - 기타,원동기,남,21-30세,부상신고,승용,남,65세 이상,상해없음,2023,12
2022122800100548.0,2022년 12월,수요일,서울특별시 광진구 화양동,경상사고,0,0,2,0,차대차 - 추돌,안전거리미확보,건조,맑음,단일로 - 기타,승용,남,31-40세,상해없음,승용,남,21-30세,경상,2023,12
2022122800100576.0,2022년 12월,수요일,서울특별시 광진구 자양동,경상사고,0,0,1,0,차대차 - 기타,안전거리미확보,건조,맑음,교차로 - 교차로안,승용,여,41-50세,상해없음,이륜,남,21-30세,경상,2023,12
2022122900100371.2,2022년 12월,목요일,서울특별시 광진구 광장동,경상사고,0,0,1,0,차대차 - 기타,신호위반,건조,맑음,단일로 - 교량,승용,여,65세 이상,상해없음,자전거,남,41-50세,경상,2023,12
2022122900100424.0,2022년 12월,목요일,서울특별시 광진구 화양동,경상사고,0,0,1,0,차대차 - 기타,안전운전불이행,건조,맑음,교차로 - 교차로부근,승용,남,51-60세,상해없음,이륜,남,41-50세,경상,2023,12
2022120000000000.0,2022년 12월,금요일,서울특별시 광진구 광장동,경상사고,0,0,4,0,차대차 - 충돌,안전거리미확보,건조,맑음,단일로 - 기타,승용,남,65세 이상,상해없음,승용,남,31-40세,경상,2023,12
2022123000100487.2,2022년 12월,금요일,서울특별시 광진구 군자동,중상사고,0,1,0,0,차대차 - 기타,안전운전불이행,젖음/습기,맑음,단일로 - 기타,원동기,여,21-30세,중상,승용,남,51-60세,상해없음,2023,12
2022123000100544.8,2022년 12월,금요일,서울특별시 광진구 구의동,경상사고,0,0,1,0,차대차 - 기타,교차로운행방법위반,기타,맑음,단일로 - 기타,승용,남,65세 이상,상해없음,이륜,남,41-50세,경상,2023,12
2022123000100588.8,2022년 12월,금요일,서울특별시 광진구 화양동,중상사고,0,1,0,0,차대차 - 충돌,교차로운행방법위반,건조,맑음,교차로 - 교차로안,승용,남,65세 이상,상해없음,승용,남,31-40세,중상,2023,12
2022123100100139.2,2022년 12월,토요일,서울특별시 광진구 군자동,경상사고,0,0,1,0,차대사람 - 길가장자리구역통행중,안전운전불이행,건조,맑음,단일로 - 기타,승용,남,31-40세,상해없음,보행자,여,21-30세,경상,2023,12
2022123100100156.0,2022년 12월,토요일,서울특별시 광진구 광장동,경상사고,0,0,1,0,차대차 - 기타,안전운전불이행,젖음/습기,맑음,단일로 - 기타,이륜,남,21-30세,경상,승용,남,61-64세,상해없음,2023,12
2022123100100288.8,2022년 12월,토요일,서울특별시 광진구 중곡동,경상사고,0,0,1,0,차대차 - 충돌,안전운전불이행,건조,맑음,단일로 - 기타,승용,남,65세 이상,상해없음,자전거,남,13-20세,경상,2023,12
2022123100100416.0,2022년 12월,토요일,서울특별시 광진구 구의동,경상사고,0,0,2,0,차대차 - 충돌,신호위반,건조,맑음,교차로 - 교차로안,승용,남,41-50세,상해없음,승용,남,31-40세,경상,2023,12
2022123100100522.0,2022년 12월,토요일,서울특별시 광진구 군자동,경상사고,0,0,1,0,차대차 - 기타,안전거리미확보,건조,맑음,단일로 - 기타,원동기,남,21-30세,상해없음,원동기,남,31-40세,경상,2023,12
2023010100100283.2,2023년 1월,일요일,서울특별시 광진구 자양동,중상사고,0,1,0,0,차대차 - 기타,안전운전불이행,젖음/습기,눈,단일로 - 기타,승용,남,65세 이상,기타불명,자전거,남,61-64세,중상,2023,1
2023010200100263.2,2023년 1월,월요일,서울특별시 광진구 구의동,중상사고,0,1,0,0,차대차 - 기타,안전운전불이행,건조,맑음,교차로 - 교차로안,화물,남,61-64세,상해없음,원동기,남,51-60세,중상,2023,1
2023010000000000.0,2023년 1월,월요일,서울특별시 광진구 자양동,경상사고,0,0,1,0,차대차 - 기타,안전운전불이행,건조,맑음,단일로 - 기타,원동기,남,21-30세,경상,승용,남,41-50세,상해없음,2023,1
2023010200100372.0,2023년 1월,월요일,서울특별시 광진구 구의동,경상사고,0,0,1,0,차대차 - 충돌,안전운전불이행,건조,맑음,단일로 - 기타,승용,남,51-60세,상해없음,이륜,남,41-50세,경상,2023,1
2023010400100151.2,2023년 1월,수요일,서울특별시 광진구 구의동,경상사고,0,0,1,0,차대차 - 기타,안전운전불이행,젖음/습기,맑음,교차로 - 교차로부근,원동기,남,51-60세,경상,승용,여,65세 이상,상해없음,2023,1
2023010400100211.2,2023년 1월,수요일,서울특별시 광진구 화양동,중상사고,0,1,0,0,차대차 - 기타,안전운전불이행,젖음/습기,맑음,단일로 - 기타,원동기,남,21-30세,상해없음,원동기,남,41-50세,중상,2023,1
2023010400100271.2,2023년 1월,수요일,서울특별시 광진구 중곡동,경상사고,0,0,1,0,차대차 - 추돌,안전운전불이행,건조,맑음,교차로 - 교차로안,화물,남,61-64세,상해없음,승용,여,41-50세,경상,2023,1
2023010500100156.8,2023년 1월,목요일,서울특별시 광진구 구의동,중상사고,0,1,0,0,차대차 - 기타,안전운전불이행,건조,맑음,단일로 - 기타,승용,여,31-40세,상해없음,이륜,남,21-30세,중상,2023,1
2023010500100247.2,2023년 1월,목요일,서울특별시 광진구 군자동,경상사고,0,0,1,0,차대차 - 기타,안전운전불이행,건조,맑음,단일로 - 기타,승용,남,31-40세,상해없음,승용,남,41-50세,경상,2023,1
2023010500100328.8,2023년 1월,목요일,서울특별시 광진구 능동,경상사고,0,0,1,0,차대차 - 충돌,신호위반,건조,맑음,교차로 - 교차로부근,이륜,남,31-40세,상해없음,이륜,남,51-60세,경상,2023,1
2023010600100126.0,2023년 1월,금요일,서울특별시 광진구 중곡동,중상사고,0,1,0,0,차대차 - 기타,신호위반,건조,맑음,단일로 - 기타,승용,남,41-50세,상해없음,이륜,남,41-50세,중상,2023,1
2023010600100360.8,2023년 1월,금요일,서울특별시 광진구 화양동,경상사고,0,0,1,0,차대사람 - 길가장자리구역통행중,안전운전불이행,건조,맑음,교차로 - 교차로안,승용,남,51-60세,상해없음,보행자,여,51-60세,경상,2023,1
2023010700100172.8,2023년 1월,토요일,서울특별시 광진구 중곡동,중상사고,0,1,0,0,차량단독 - 충돌,안전운전불이행,건조,맑음,단일로 - 기타,승용,남,51-60세,중상,,,,,2023,1
2023010700100243.2,2023년 1월,토요일,서울특별시 광진구 중곡동,경상사고,0,0,1,0,차대사람 - 차도통행중,보행자보호의무위반,건조,맑음,단일로 - 기타,승용,남,65세 이상,상해없음,보행자,남,12세 이하,경상,2023,1
2023010700100327.2,2023년 1월,토요일,서울특별시 광진구 중곡동,경상사고,0,0,1,0,차대차 - 기타,안전운전불이행,건조,흐림,교차로 - 교차로부근,이륜,남,21-30세,기타불명,승용,남,31-40세,경상,2023,1
2023010900100228.0,2023년 1월,월요일,서울특별시 광진구 중곡동,부상신고사고,0,0,0,1,차대사람 - 차도통행중,안전운전불이행,건조,맑음,단일로 - 기타,승용,여,61-64세,상해없음,보행자,남,21-30세,부상신고,2023,1
2023011000100184.0,2023년 1월,화요일,서울특별시 광진구 군자동,경상사고,0,0,1,0,차대차 - 기타,안전운전불이행,건조,맑음,단일로 - 기타,승용,남,21-30세,상해없음,자전거,남,51-60세,경상,2023,1
2023011000100327.2,2023년 1월,화요일,서울특별시 광진구 군자동,중상사고,0,1,0,0,차대사람 - 횡단중,안전운전불이행,건조,맑음,교차로 - 교차로안,승용,여,41-50세,상해없음,보행자,여,41-50세,중상,2023,1
2023011000100358.0,2023년 1월,화요일,서울특별시 광진구 화양동,경상사고,0,0,1,0,차대차 - 기타,신호위반,기타,맑음,교차로 - 교차로안,승용,남,61-64세,상해없음,승용,남,31-40세,경상,2023,1
2023011000100420.8,2023년 1월,화요일,서울특별시 광진구 구의동,경상사고,0,0,2,0,차대차 - 충돌,중앙선침범,건조,맑음,단일로 - 기타,승용,남,31-40세,상해없음,승합,남,31-40세,경상,2023,1
2023011000100422.0,2023년 1월,화요일,서울특별시 광진구 구의동,경상사고,0,0,1,0,차량단독 - 기타,안전운전불이행,건조,맑음,기타 - 기타,승용,남,61-64세,상해없음,,,,,2023,1
2023011000100456.0,2023년 1월,화요일,서울특별시 광진구 자양동,경상사고,0,0,1,0,차대차 - 기타,안전운전불이행,기타,맑음,단일로 - 기타,승용,남,65세 이상,경상,이륜,남,31-40세,기타불명,2023,1
2023011100100191.2,2023년 1월,수요일,서울특별시 광진구 군자동,경상사고,0,0,1,0,차대차 - 기타,안전거리미확보,건조,맑음,단일로 - 기타,원동기,남,51-60세,경상,승용,여,21-30세,상해없음,2023,1
2023011300100002.0,2023년 1월,금요일,서울특별시 광진구 화양동,경상사고,0,0,1,0,차대차 - 추돌,안전운전불이행,젖음/습기,비,교차로 - 교차로안,화물,남,31-40세,상해없음,승용,남,61-64세,경상,2023,1
2023011400100023.2,2023년 1월,토요일,서울특별시 광진구 광장동,경상사고,0,0,1,0,차대사람 - 횡단중,안전운전불이행,젖음/습기,비,단일로 - 지하차도(도로)내,승용,남,51-60세,상해없음,보행자,남,41-50세,경상,2023,1
2023011400100186.0,2023년 1월,토요일,서울특별시 광진구 광장동,경상사고,0,0,1,0,차대차 - 추돌,안전운전불이행,건조,맑음,단일로 - 기타,원동기,남,41-50세,경상,화물,여,61-64세,상해없음,2023,1
2023010000000000.0,2023년 1월,일요일,서울특별시 광진구 화양동,경상사고,0,0,2,0,차대차 - 기타,안전운전불이행,젖음/습기,비,교차로 - 교차로안,승용,남,21-30세,상해없음,승용,남,51-60세,경상,2023,1
2023011500100151.2,2023년 1월,일요일,서울특별시 광진구 구의동,경상사고,0,0,2,0,차대차 - 기타,안전운전불이행,건조,맑음,교차로 - 교차로부근,화물,남,21-30세,상해없음,승용,남,31-40세,경상,2023,1
2023011600100020.8,2023년 1월,월요일,서울특별시 광진구 화양동,경상사고,0,0,1,0,차대차 - 기타,안전거리미확보,건조,맑음,기타 - 기타,승용,남,51-60세,상해없음,승용,남,65세 이상,경상,2023,1
2023011800100428.8,2023년 1월,수요일,서울특별시 광진구 중곡동,경상사고,0,0,1,2,차대차 - 충돌,안전거리미확보,건조,맑음,단일로 - 기타,승용,남,51-60세,상해없음,원동기,남,61-64세,부상신고,2023,1
2023010000000000.0,2023년 1월,수요일,서울특별시 광진구 구의동,경상사고,0,0,1,0,차대사람 - 보도통행중,안전운전불이행,건조,맑음,교차로 - 교차로횡단보도내,승용,여,31-40세,상해없음,보행자,남,31-40세,경상,2023,1
2023011800100458.0,2023년 1월,수요일,서울특별시 광진구 자양동,경상사고,0,0,1,2,차대차 - 추돌,안전운전불이행,건조,맑음,단일로 - 기타,승용,남,31-40세,상해없음,승용,여,31-40세,경상,2023,1
2023011900100264.8,2023년 1월,목요일,서울특별시 광진구 자양동,중상사고,0,1,1,0,차대차 - 추돌,안전거리미확보,건조,맑음,기타 - 기타,승용,남,31-40세,상해없음,승용,여,31-40세,경상,2023,1
2023011900100538.0,2023년 1월,목요일,서울특별시 광진구 구의동,사망사고,1,0,0,0,차대사람 - 기타,안전운전불이행,젖음/습기,비,단일로 - 기타,승용,남,65세 이상,상해없음,보행자,남,41-50세,사망,2023,1
2023012200100063.2,2023년 1월,일요일,서울특별시 광진구 광장동,경상사고,0,0,5,0,차대차 - 기타,안전운전불이행,건조,맑음,단일로 - 고가도로위,승용,남,51-60세,상해없음,승용,여,41-50세,경상,2023,1
2023012200100079.2,2023년 1월,일요일,서울특별시 광진구 중곡동,경상사고,0,0,1,0,차대차 - 기타,안전운전불이행,건조,맑음,교차로 - 교차로부근,승용,남,41-50세,상해없음,승용,남,41-50세,경상,2023,1
2023012300100063.2,2023년 1월,월요일,서울특별시 광진구 중곡동,경상사고,0,0,1,0,차대차 - 충돌,안전운전불이행,건조,맑음,교차로 - 교차로부근,승용,남,65세 이상,상해없음,승용,여,31-40세,경상,2023,1
2023012400100027.2,2023년 1월,화요일,서울특별시 광진구 중곡동,중상사고,0,1,2,0,차대차 - 충돌,신호위반,건조,흐림,교차로 - 교차로안,승용,남,65세 이상,상해없음,승용,남,65세 이상,경상,2023,1
2023010000000000.0,2023년 1월,수요일,서울특별시 광진구 중곡동,중상사고,0,1,0,0,차대사람 - 기타,안전운전불이행,건조,맑음,단일로 - 기타,승용,남,31-40세,상해없음,보행자,남,41-50세,중상,2023,1
2023012600100103.2,2023년 1월,목요일,서울특별시 광진구 화양동,경상사고,0,0,1,0,차대차 - 추돌,안전운전불이행,건조,맑음,기타 - 기타,승용,여,31-40세,상해없음,화물,남,31-40세,경상,2023,1
2023012600100312.8,2023년 1월,목요일,서울특별시 광진구 광장동,경상사고,0,0,1,0,차대차 - 추돌,안전운전불이행,건조,맑음,교차로 - 교차로부근,승용,남,21-30세,상해없음,승용,여,41-50세,경상,2023,1
2023012700100006.0,2023년 1월,금요일,서울특별시 광진구 중곡동,경상사고,0,0,1,0,차대차 - 기타,안전거리미확보,젖음/습기,눈,단일로 - 기타,승합,남,31-40세,상해없음,이륜,남,31-40세,경상,2023,1
2023012700100216.8,2023년 1월,금요일,서울특별시 광진구 광장동,경상사고,0,0,1,0,차대차 - 기타,신호위반,건조,맑음,기타 - 기타,승용,여,41-50세,상해없음,승합,남,61-64세,상해없음,2023,1
2023012700100396.0,2023년 1월,금요일,서울특별시 광진구 중곡동,경상사고,0,0,1,0,차대차 - 추돌,안전거리미확보,건조,맑음,교차로 - 교차로부근,원동기,남,41-50세,상해없음,승용,여,51-60세,경상,2023,1
2023012800100052.8,2023년 1월,토요일,서울특별시 광진구 자양동,경상사고,0,0,1,0,차대차 - 충돌,안전운전불이행,건조,흐림,주차장 - 주차장,승용,남,31-40세,상해없음,승합,남,61-64세,경상,2023,1
2023012900100051.2,2023년 1월,일요일,서울특별시 광진구 자양동,중상사고,0,1,0,0,차대차 - 충돌,기타,기타,기타,단일로 - 기타,승용,남,21-30세,기타불명,승용,남,65세 이상,중상,2023,1
2023010000000000.0,2023년 1월,일요일,서울특별시 광진구 광장동,경상사고,0,0,1,0,차대차 - 충돌,안전운전불이행,건조,흐림,단일로 - 기타,기타불명,기타불명,기타불명,기타불명,승용,여,41-50세,경상,2023,1
2023010000000000.0,2023년 1월,월요일,서울특별시 광진구 중곡동,경상사고,0,0,1,0,차대차 - 기타,안전운전불이행,건조,흐림,단일로 - 기타,승용,남,31-40세,상해없음,승용,남,21-30세,경상,2023,1
2023013100100028.0,2023년 1월,화요일,서울특별시 광진구 자양동,경상사고,0,0,1,0,차대사람 - 기타,안전운전불이행,건조,맑음,단일로 - 기타,개인형이동수단(PM),남,21-30세,상해없음,보행자,남,65세 이상,경상,2023,1
2023020100100152.8,2023년 2월,수요일,서울특별시 광진구 자양동,중상사고,0,1,0,0,차대사람 - 기타,안전운전불이행,건조,맑음,단일로 - 기타,자전거,남,20세 이하,상해없음,보행자,여,51-60세,중상,2023,2
2023020100100324.8,2023년 2월,수요일,서울특별시 광진구 광장동,경상사고,0,0,1,0,차대차 - 충돌,신호위반,건조,맑음,교차로 - 교차로안,승용,남,51-60세,기타불명,승용,남,61-64세,경상,2023,2
2023020000000000.0,2023년 2월,목요일,서울특별시 광진구 중곡동,경상사고,0,0,1,0,차대차 - 충돌,안전운전불이행,건조,맑음,단일로 - 기타,승용,남,41-50세,상해없음,이륜,남,51-60세,경상,2023,2
2023020400100003.2,2023년 2월,토요일,서울특별시 광진구 화양동,경상사고,0,0,1,0,차대사람 - 기타,안전운전불이행,건조,맑음,교차로 - 교차로부근,승용,남,61-64세,상해없음,보행자,남,21-30세,경상,2023,2
2023020400100096.8,2023년 2월,토요일,서울특별시 광진구 화양동,경상사고,0,0,1,0,차대차 - 충돌,안전운전불이행,건조,맑음,단일로 - 기타,승용,남,65세 이상,상해없음,승용,여,51-60세,경상,2023,2