사고번호,발생년월,요일,시군구,사고내용,사망자수,중상자수,경상자수,부상신고자수,사고유형,법규위반,노면상태,기상상태,도로형태,가해운전자 차종,가해운전자 성별,가해운전자 연령대,가해운전자 상해정도,피해운전자 차종,피해운전자 성별,피해운전자 연령대,피해운전자 상해정도,발생년도,발생월
2023020400100143.2,2023년 2월,토요일,서울특별시 광진구 중곡동,경상사고,0,0,1,0,차대차 - 추돌,안전운전불이행,건조,맑음,교차로 - 교차로안,승용,남,65세 이상,상해없음,이륜,남,61-64세,경상,2023,2
2023020400100482.0,2023년 2월,토요일,서울특별시 광진구 광장동,경상사고,0,0,1,0,차대차 - 충돌,교차로운행방법위반,건조,맑음,교차로 - 교차로안,승용,여,61-64세,상해없음,승용,남,31-40세,경상,2023,2
2023020500100016.0,2023년 2월,일요일,서울특별시 광진구 구의동,경상사고,0,0,4,0,차대차 - 기타,중앙선침범,기타,맑음,단일로 - 기타,승용,남,61-64세,상해없음,화물,남,41-50세,경상,2023,2
2023020500100344.8,2023년 2월,일요일,서울특별시 광진구 중곡동,경상사고,0,0,1,0,차대사람 - 횡단중,신호위반,건조,맑음,교차로 - 교차로부근,승용,여,65세 이상,상해없음,보행자,남,61-64세,경상,2023,2
2023020600100084.0,2023년 2월,월요일,서울특별시 광진구 구의동,경상사고,0,0,1,0,차대사람 - 기타,안전운전불이행,건조,맑음,교차로 - 교차로안,승용,남,65세 이상,상해없음,보행자,남,13-20세,경상,2023,2
2023020000000000.0,2023년 2월,월요일,서울특별시 광진구 중곡동,경상사고,0,0,4,1,차대차 - 기타,안전운전불이행,기타,맑음,단일로 - 기타,특수,남,61-64세,부상신고,승용,여,41-50세,경상,2023,2
2023020800100327.2,2023년 2월,수요일,서울특별시 광진구 광장동,경상사고,0,0,1,0,차대사람 - 기타,기타,기타,맑음,단일로 - 기타,승합,남,41-50세,상해없음,보행자,남,12세 이하,경상,2023,2
2023020800100466.0,2023년 2월,수요일,서울특별시 광진구 화양동,경상사고,0,0,1,0,차대사람 - 기타,안전운전불이행,건조,흐림,단일로 - 기타,승용,남,21-30세,상해없음,보행자,여,21-30세,경상,2023,2
2023020900100047.2,2023년 2월,목요일,서울특별시 광진구 화양동,경상사고,0,0,2,0,차대차 - 추돌,안전거리미확보,건조,맑음,교차로 - 교차로안,승용,남,51-60세,상해없음,화물,남,51-60세,경상,2023,2
2023020900100196.8,2023년 2월,목요일,서울특별시 광진구 자양동,경상사고,0,0,1,0,차대사람 - 기타,안전운전불이행,건조,맑음,단일로 - 기타,승용,남,31-40세,상해없음,보행자,여,31-40세,경상,2023,2
2023020900100408.8,2023년 2월,목요일,서울특별시 광진구 화양동,경상사고,0,0,1,0,차대사람 - 길가장자리구역통행중,안전운전불이행,건조,맑음,단일로 - 기타,승용,남,21-30세,상해없음,보행자,남,31-40세,경상,2023,2
2023020000000000.0,2023년 2월,목요일,서울특별시 광진구 화양동,경상사고,0,0,1,0,차대사람 - 기타,안전운전불이행,건조,맑음,단일로 - 기타,승용,남,21-30세,상해없음,보행자,남,41-50세,경상,2023,2
2023021000100102.0,2023년 2월,금요일,서울특별시 광진구 광장동,사망사고,1,0,0,0,차대사람 - 횡단중,보행자보호의무위반,젖음/습기,비,교차로 - 교차로안,건설기계,남,51-60세,상해없음,보행자,여,65세 이상,사망,2023,2
2023021100100436.8,2023년 2월,토요일,서울특별시 광진구 화양동,부상신고사고,0,0,0,1,차대사람 - 길가장자리구역통행중,안전운전불이행,건조,맑음,단일로 - 기타,승용,남,65세 이상,상해없음,보행자,남,13-20세,부상신고,2023,2
2023021300100151.2,2023년 2월,월요일,서울특별시 광진구 화양동,경상사고,0,0,1,0,차대사람 - 보도통행중,안전운전불이행,건조,맑음,단일로 - 기타,화물,남,31-40세,상해없음,보행자,남,51-60세,경상,2023,2
2023021300100451.2,2023년 2월,월요일,서울특별시 광진구 자양동,경상사고,0,0,3,0,차대차 - 추돌,기타,건조,맑음,기타 - 기타,승용,여,31-40세,경상,승용,남,65세 이상,경상,2023,2
2023021400100202.0,2023년 2월,화요일,서울특별시 광진구 자양동,경상사고,0,0,1,0,차대차 - 추돌,신호위반,기타,맑음,단일로 - 기타,승용,여,21-30세,상해없음,이륜,남,31-40세,경상,2023,2
2023021400100388.8,2023년 2월,화요일,서울특별시 광진구 자양동,경상사고,0,0,1,0,차대사람 - 차도통행중,안전운전불이행,건조,맑음,단일로 - 기타,승용,남,31-40세,상해없음,보행자,여,31-40세,경상,2023,2
2023021500100304.8,2023년 2월,수요일,서울특별시 광진구 구의동,중상사고,0,1,1,0,차대차 - 기타,직진우회전진행방해,건조,흐림,교차로 - 교차로안,이륜,남,20세 이하,경상,승용,여,31-40세,중상,2023,2
2023021500100392.0,2023년 2월,수요일,서울특별시 광진구 자양동,경상사고,0,0,1,0,차대차 - 기타,안전운전불이행,건조,흐림,단일로 - 고가도로위,승용,남,65세 이상,상해없음,승용,남,21-30세,경상,2023,2
2023020000000000.0,2023년 2월,목요일,서울특별시 광진구 구의동,경상사고,0,0,1,0,차대사람 - 보도통행중,신호위반,건조,맑음,단일로 - 기타,원동기,남,20세 이하,기타불명,보행자,여,21-30세,경상,2023,2
2023021800100242.0,2023년 2월,토요일,서울특별시 광진구 광장동,경상사고,0,0,5,0,차대차 - 충돌,신호위반,건조,맑음,교차로 - 교차로부근,승용,남,65세 이상,경상,승합,남,41-50세,경상,2023,2
2023020000000000.0,2023년 2월,일요일,서울특별시 광진구 광장동,경상사고,0,0,1,0,차대차 - 추돌,안전운전불이행,젖음/습기,비,단일로 - 기타,승용,남,51-60세,기타불명,승용,남,31-40세,경상,2023,2
2023020000000000.0,2023년 2월,월요일,서울특별시 광진구 중곡동,중상사고,0,1,0,0,차대차 - 충돌,신호위반,건조,맑음,단일로 - 기타,승용,남,65세 이상,상해없음,승용,남,65세 이상,중상,2023,2
2023022100100419.2,2023년 2월,화요일,서울특별시 광진구 군자동,경상사고,0,0,1,0,차대차 - 추돌,안전거리미확보,건조,맑음,단일로 - 기타,승용,여,21-30세,기타불명,승용,여,51-60세,경상,2023,2
2023022200100128.0,2023년 2월,수요일,서울특별시 광진구 중곡동,경상사고,0,0,1,0,차대차 - 기타,안전운전불이행,기타,맑음,단일로 - 기타,승용,여,51-60세,상해없음,원동기,남,41-50세,경상,2023,2
2023022200100371.2,2023년 2월,수요일,서울특별시 광진구 화양동,경상사고,0,0,1,0,차대사람 - 기타,안전운전불이행,건조,기타,단일로 - 기타,승용,여,21-30세,상해없음,보행자,여,31-40세,경상,2023,2
2023022200100372.0,2023년 2월,수요일,서울특별시 광진구 군자동,경상사고,0,0,1,0,차대차 - 충돌,안전운전불이행,건조,맑음,단일로 - 기타,승용,여,31-40세,상해없음,승용,여,21-30세,경상,2023,2
2023022300100036.8,2023년 2월,목요일,서울특별시 광진구 자양동,중상사고,0,2,1,0,차대차 - 충돌,안전운전불이행,젖음/습기,흐림,단일로 - 교량,승용,남,21-30세,상해없음,건설기계,남,65세 이상,상해없음,2023,2
2023022300100107.2,2023년 2월,목요일,서울특별시 광진구 군자동,경상사고,0,0,1,0,차대사람 - 기타,안전운전불이행,건조,맑음,교차로 - 교차로부근,승용,여,51-60세,상해없음,보행자,여,65세 이상,경상,2023,2
2023022300100196.0,2023년 2월,목요일,서울특별시 광진구 화양동,경상사고,0,0,1,0,차대사람 - 기타,안전운전불이행,건조,맑음,기타 - 기타,기타불명,기타불명,기타불명,기타불명,보행자,여,21-30세,경상,2023,2
2023022400100108.0,2023년 2월,금요일,서울특별시 광진구 자양동,경상사고,0,0,2,0,차대차 - 추돌,안전운전불이행,건조,맑음,단일로 - 기타,승용,남,65세 이상,상해없음,승용,남,21-30세,경상,2023,2
2023022400100176.8,2023년 2월,금요일,서울특별시 광진구 자양동,경상사고,0,0,1,0,차대차 - 추돌,안전운전불이행,건조,맑음,교차로 - 교차로부근,승용,여,41-50세,상해없음,화물,남,51-60세,경상,2023,2
2023022400100239.2,2023년 2월,금요일,서울특별시 광진구 구의동,경상사고,0,0,1,0,차대차 - 충돌,안전운전불이행,건조,맑음,교차로 - 교차로부근,승용,남,20세 이하,기타불명,승용,남,31-40세,경상,2023,2
2023022500100036.0,2023년 2월,토요일,서울특별시 광진구 군자동,경상사고,0,0,1,0,차대차 - 기타,신호위반,건조,맑음,교차로 - 교차로안,승용,남,51-60세,상해없음,승용,남,61-64세,경상,2023,2
2023022500100158.0,2023년 2월,토요일,서울특별시 광진구 중곡동,경상사고,0,0,1,0,차대사람 - 기타,안전운전불이행,기타,맑음,단일로 - 기타,승용,남,65세 이상,상해없음,보행자,남,31-40세,경상,2023,2
2023022500100274.0,2023년 2월,토요일,서울특별시 광진구 중곡동,경상사고,0,0,1,0,차대사람 - 기타,안전운전불이행,건조,맑음,기타 - 기타,기타불명,기타불명,기타불명,기타불명,보행자,여,51-60세,경상,2023,2
2023022700100439.2,2023년 2월,월요일,서울특별시 광진구 자양동,중상사고,0,1,0,0,차대사람 - 보도통행중,안전운전불이행,건조,맑음,교차로 - 교차로부근,화물,남,65세 이상,상해없음,보행자,여,51-60세,중상,2023,2
2023022800100064.8,2023년 2월,화요일,서울특별시 광진구 중곡동,경상사고,0,0,1,0,차대차 - 충돌,안전운전불이행,건조,맑음,단일로 - 기타,승용,남,41-50세,기타불명,승용,여,51-60세,경상,2023,2
2023030100100196.0,2023년 3월,수요일,서울특별시 광진구 중곡동,경상사고,0,0,1,0,차대차 - 기타,안전운전불이행,건조,맑음,기타 - 기타,승용,남,31-40세,상해없음,화물,남,41-50세,경상,2023,3
2023030200100394.0,2023년 3월,목요일,서울특별시 광진구 광장동,경상사고,0,0,1,0,차대사람 - 기타,신호위반,건조,맑음,교차로 - 교차로부근,이륜,남,31-40세,상해없음,보행자,남,21-30세,경상,2023,3
2023030200100518.0,2023년 3월,목요일,서울특별시 광진구 중곡동,경상사고,0,0,1,0,차대차 - 충돌,안전운전불이행,건조,맑음,단일로 - 기타,승용,남,21-30세,기타불명,승용,남,51-60세,경상,2023,3
2023030300100076.8,2023년 3월,금요일,서울특별시 광진구 화양동,경상사고,0,0,1,0,차대차 - 기타,안전운전불이행,건조,맑음,기타 - 기타,승용,남,61-64세,기타불명,승용,남,31-40세,경상,2023,3
2023030300100498.0,2023년 3월,금요일,서울특별시 광진구 자양동,경상사고,0,0,2,0,차대차 - 기타,안전운전불이행,기타,맑음,단일로 - 기타,자전거,여,51-60세,경상,이륜,남,21-30세,경상,2023,3
2023030400100422.0,2023년 3월,토요일,서울특별시 광진구 중곡동,경상사고,0,0,1,0,차대사람 - 기타,안전운전불이행,건조,맑음,교차로 - 교차로부근,승용,여,41-50세,상해없음,보행자,남,51-60세,경상,2023,3
2023030500100076.0,2023년 3월,일요일,서울특별시 광진구 화양동,경상사고,0,0,2,0,차대차 - 충돌,안전운전불이행,건조,맑음,단일로 - 기타,원동기,남,31-40세,상해없음,승용,남,61-64세,경상,2023,3
2023030600100102.0,2023년 3월,월요일,서울특별시 광진구 광장동,경상사고,0,0,2,0,차대차 - 기타,안전운전불이행,기타,맑음,단일로 - 기타,승용,남,65세 이상,상해없음,승용,남,21-30세,경상,2023,3
2023030600100167.2,2023년 3월,월요일,서울특별시 광진구 화양동,경상사고,0,0,1,0,차대차 - 충돌,안전운전불이행,건조,맑음,기타 - 기타,이륜,남,21-30세,경상,승용,남,31-40세,상해없음,2023,3
2023030700100258.0,2023년 3월,화요일,서울특별시 광진구 광장동,중상사고,0,1,0,0,차대차 - 기타,안전거리미확보,건조,맑음,단일로 - 기타,화물,남,31-40세,상해없음,이륜,남,31-40세,중상,2023,3
2023030700100504.0,2023년 3월,화요일,서울특별시 광진구 구의동,경상사고,0,0,1,0,차대사람 - 기타,안전운전불이행,기타,맑음,단일로 - 기타,승용,남,51-60세,상해없음,보행자,남,21-30세,경상,2023,3
2023030800100352.0,2023년 3월,수요일,서울특별시 광진구 자양동,경상사고,0,0,1,0,차대차 - 기타,안전운전불이행,건조,맑음,교차로 - 교차로안,승용,여,51-60세,상해없음,승용,남,41-50세,경상,2023,3
2023030900100312.8,2023년 3월,목요일,서울특별시 광진구 군자동,경상사고,0,0,1,0,차대차 - 충돌,안전운전불이행,건조,맑음,교차로 - 교차로부근,승용,여,65세 이상,상해없음,이륜,남,41-50세,경상,2023,3
2023031000100034.0,2023년 3월,금요일,서울특별시 광진구 구의동,중상사고,0,1,0,0,차대사람 - 횡단중,신호위반,건조,흐림,교차로 - 교차로횡단보도내,화물,남,61-64세,상해없음,보행자,여,61-64세,중상,2023,3
2023031000100548.8,2023년 3월,금요일,서울특별시 광진구 자양동,경상사고,0,0,1,0,차대차 - 충돌,안전운전불이행,건조,맑음,단일로 - 기타,승용,여,61-64세,상해없음,승용,남,31-40세,경상,2023,3
2023031100100216.0,2023년 3월,토요일,서울특별시 광진구 군자동,중상사고,0,2,0,0,차대차 - 충돌,신호위반,건조,맑음,교차로 - 교차로부근,승용,여,21-30세,상해없음,이륜,남,65세 이상,중상,2023,3
2023030000000000.0,2023년 3월,토요일,서울특별시 광진구 자양동,경상사고,0,0,1,0,차대사람 - 기타,안전운전불이행,건조,흐림,단일로 - 기타,기타불명,기타불명,기타불명,기타불명,보행자,남,61-64세,경상,2023,3
2023031200100014.0,2023년 3월,일요일,서울특별시 광진구 군자동,중상사고,0,1,0,0,차량단독 - 기타,안전운전불이행,건조,맑음,단일로 - 기타,승용,남,65세 이상,상해없음,,,,,2023,3
2023031200100043.2,2023년 3월,일요일,서울특별시 광진구 중곡동,중상사고,0,1,0,0,차대사람 - 기타,안전운전불이행,건조,맑음,교차로 - 교차로안,승용,여,41-50세,상해없음,보행자,여,51-60세,중상,2023,3
2023031200100128.0,2023년 3월,일요일,서울특별시 광진구 구의동,경상사고,0,0,1,0,차대차 - 기타,안전운전불이행,건조,맑음,기타 - 기타,승용,남,41-50세,상해없음,승용,남,51-60세,경상,2023,3
2023031300100320.8,2023년 3월,월요일,서울특별시 광진구 자양동,경상사고,0,0,1,0,차대사람 - 보도통행중,기타,건조,맑음,기타 - 기타,자전거,여,61-64세,상해없음,보행자,남,13-20세,경상,2023,3
2023031400100180.8,2023년 3월,화요일,서울특별시 광진구 자양동,중상사고,0,1,0,0,차대차 - 기타,안전거리미확보,건조,맑음,단일로 - 기타,승용,남,65세 이상,상해없음,승용,남,31-40세,중상,2023,3
2023031400100182.0,2023년 3월,화요일,서울특별시 광진구 자양동,경상사고,0,0,1,0,차대차 - 기타,안전운전불이행,건조,맑음,기타 - 기타,자전거,남,51-60세,상해없음,자전거,남,41-50세,경상,2023,3
2023031500100234.0,2023년 3월,수요일,서울특별시 광진구 화양동,경상사고,0,0,1,0,차대차 - 기타,안전운전불이행,건조,맑음,단일로 - 기타,승용,여,61-64세,상해없음,승용,여,31-40세,경상,2023,3
2023031600100143.2,2023년 3월,목요일,서울특별시 광진구 광장동,경상사고,0,0,1,0,차대차 - 기타,안전운전불이행,기타,맑음,교차로 - 교차로안,승용,여,65세 이상,상해없음,승용,여,41-50세,경상,2023,3
2023031800100396.0,2023년 3월,토요일,서울특별시 광진구 구의동,중상사고,0,1,0,0,차대차 - 충돌,안전운전불이행,건조,맑음,단일로 - 기타,이륜,남,31-40세,상해없음,이륜,남,41-50세,중상,2023,3
2023031800100462.0,2023년 3월,토요일,서울특별시 광진구 중곡동,경상사고,0,0,1,0,차대사람 - 기타,안전운전불이행,건조,맑음,단일로 - 기타,기타불명,기타불명,기타불명,기타불명,보행자,여,51-60세,경상,2023,3
2023031900100163.2,2023년 3월,일요일,서울특별시 광진구 자양동,경상사고,0,0,2,0,차대차 - 기타,안전운전불이행,건조,맑음,단일로 - 기타,승용,남,31-40세,경상,승용,여,31-40세,경상,2023,3
2023031900100164.0,2023년 3월,일요일,서울특별시 광진구 군자동,경상사고,0,0,1,0,차대차 - 기타,안전운전불이행,기타,맑음,기타 - 기타,원동기,남,21-30세,기타불명,자전거,여,31-40세,경상,2023,3
2023032000100124.0,2023년 3월,월요일,서울특별시 광진구 군자동,경상사고,0,0,1,0,차대차 - 충돌,신호위반,건조,맑음,단일로 - 기타,승용,남,31-40세,상해없음,승용,여,41-50세,경상,2023,3
2023032000100256.0,2023년 3월,월요일,서울특별시 광진구 중곡동,경상사고,0,0,1,0,차대차 - 기타,신호위반,건조,맑음,교차로 - 교차로부근,원동기,남,41-50세,경상,화물,남,61-64세,상해없음,2023,3
2023032000100256.8,2023년 3월,월요일,서울특별시 광진구 중곡동,경상사고,0,0,1,0,차대사람 - 기타,안전운전불이행,건조,맑음,단일로 - 기타,승용,남,65세 이상,상해없음,보행자,여,51-60세,경상,2023,3
2023032000100528.0,2023년 3월,월요일,서울특별시 광진구 구의동,중상사고,0,1,0,0,차대사람 - 기타,안전운전불이행,건조,맑음,주차장 - 주차장,승용,남,51-60세,상해없음,보행자,남,21-30세,중상,2023,3
2023032100100003.2,2023년 3월,화요일,서울특별시 광진구 화양동,경상사고,0,0,1,0,차대사람 - 기타,안전운전불이행,젖음/습기,흐림,교차로 - 교차로부근,승용,남,51-60세,상해없음,보행자,남,21-30세,경상,2023,3
2023032100100072.8,2023년 3월,화요일,서울특별시 광진구 화양동,경상사고,0,0,2,0,차대차 - 충돌,안전운전불이행,건조,맑음,교차로 - 교차로안,승용,남,65세 이상,상해없음,승용,남,41-50세,경상,2023,3
2023032200100056.8,2023년 3월,수요일,서울특별시 광진구 구의동,경상사고,0,0,1,0,차대차 - 기타,안전운전불이행,건조,맑음,기타 - 기타,승용,여,31-40세,상해없음,원동기,남,41-50세,경상,2023,3
2023032200100454.0,2023년 3월,수요일,서울특별시 광진구 화양동,경상사고,0,0,1,0,차대차 - 충돌,안전운전불이행,건조,맑음,교차로 - 교차로안,승용,남,21-30세,기타불명,승용,남,51-60세,경상,2023,3
2023032300100160.8,2023년 3월,목요일,서울특별시 광진구 자양동,경상사고,0,0,2,0,차대차 - 기타,안전운전불이행,건조,맑음,교차로 - 교차로부근,건설기계,남,61-64세,상해없음,화물,남,41-50세,경상,2023,3
2023032300100271.2,2023년 3월,목요일,서울특별시 광진구 구의동,경상사고,0,0,3,0,차대차 - 기타,안전운전불이행,건조,맑음,기타 - 기타,승용,남,61-64세,기타불명,승합,남,21-30세,경상,2023,3
2023032300100272.0,2023년 3월,목요일,서울특별시 광진구 구의동,경상사고,0,0,1,0,차대차 - 기타,차로위반,기타,맑음,단일로 - 기타,승용,남,51-60세,상해없음,승용,여,51-60세,경상,2023,3
2023030000000000.0,2023년 3월,목요일,서울특별시 광진구 자양동,경상사고,0,0,1,0,차대차 - 충돌,안전운전불이행,건조,맑음,교차로 - 교차로부근,승용,여,31-40세,상해없음,승용,여,41-50세,경상,2023,3
2023032300100371.2,2023년 3월,목요일,서울특별시 광진구 화양동,경상사고,0,0,3,0,차대차 - 기타,안전거리미확보,건조,맑음,교차로 - 교차로부근,화물,남,65세 이상,상해없음,승용,남,31-40세,경상,2023,3
2023030000000000.0,2023년 3월,목요일,서울특별시 광진구 구의동,경상사고,0,0,1,0,차대차 - 기타,안전운전불이행,건조,흐림,교차로 - 교차로부근,승용,남,21-30세,상해없음,승용,남,41-50세,경상,2023,3
2023032300100498.0,2023년 3월,목요일,서울특별시 광진구 자양동,경상사고,0,0,1,0,차대사람 - 기타,안전운전불이행,건조,맑음,단일로 - 기타,자전거,남,65세 이상,상해없음,보행자,여,41-50세,경상,2023,3
2023032400100466.0,2023년 3월,금요일,서울특별시 광진구 자양동,경상사고,0,0,1,0,차대차 - 기타,안전운전불이행,건조,맑음,단일로 - 기타,승용,남,65세 이상,상해없음,승용,남,51-60세,경상,2023,3
2023032400100559.2,2023년 3월,금요일,서울특별시 광진구 자양동,경상사고,0,0,1,0,차대사람 - 차도통행중,안전운전불이행,건조,맑음,단일로 - 기타,승용,남,51-60세,상해없음,보행자,여,21-30세,경상,2023,3
2023032500100400.8,2023년 3월,토요일,서울특별시 광진구 군자동,경상사고,0,0,1,0,차대차 - 기타,안전운전불이행,건조,흐림,단일로 - 기타,승용,남,61-64세,상해없음,이륜,남,51-60세,경상,2023,3
2023030000000000.0,2023년 3월,일요일,서울특별시 광진구 자양동,경상사고,0,0,1,0,차대차 - 기타,안전운전불이행,건조,흐림,교차로 - 교차로안,승용,남,65세 이상,상해없음,승용,남,21-30세,경상,2023,3
2023030000000000.0,2023년 3월,일요일,서울특별시 광진구 중곡동,경상사고,0,0,1,0,차대사람 - 기타,안전운전불이행,건조,맑음,단일로 - 기타,승용,여,65세 이상,상해없음,보행자,남,21-30세,경상,2023,3
2023032700100168.0,2023년 3월,월요일,서울특별시 광진구 구의동,경상사고,0,0,1,0,차대차 - 충돌,안전운전불이행,건조,맑음,단일로 - 기타,이륜,남,65세 이상,상해없음,이륜,남,41-50세,경상,2023,3
2023032700100428.8,2023년 3월,월요일,서울특별시 광진구 군자동,경상사고,0,0,1,0,차대사람 - 보도통행중,신호위반,건조,맑음,교차로 - 교차로횡단보도내,자전거,기타불명,기타불명,기타불명,보행자,여,13-20세,경상,2023,3
2023032800100159.2,2023년 3월,화요일,서울특별시 광진구 자양동,경상사고,0,0,1,0,차대사람 - 기타,안전운전불이행,건조,맑음,단일로 - 기타,승합,남,51-60세,상해없음,보행자,남,41-50세,경상,2023,3
2023032900100048.0,2023년 3월,수요일,서울특별시 광진구 화양동,경상사고,0,0,3,0,차대차 - 추돌,안전운전불이행,건조,맑음,기타 - 기타,이륜,남,41-50세,경상,승용,여,65세 이상,경상,2023,3
2023032900100164.0,2023년 3월,수요일,서울특별시 광진구 구의동,경상사고,0,0,1,0,차대차 - 충돌,안전운전불이행,건조,맑음,단일로 - 기타,승용,남,51-60세,상해없음,승용,남,65세 이상,경상,2023,3
2023032900100304.8,2023년 3월,수요일,서울특별시 광진구 중곡동,중상사고,0,1,0,0,차대차 - 추돌,안전운전불이행,건조,맑음,기타 - 기타,승용,남,65세 이상,상해없음,승용,남,31-40세,중상,2023,3
2023032900100335.2,2023년 3월,수요일,서울특별시 광진구 자양동,경상사고,0,0,2,0,차대차 - 추돌,안전운전불이행,건조,맑음,교차로 - 교차로부근,승용,남,31-40세,경상,승용,여,41-50세,경상,2023,3
2023033000100192.0,2023년 3월,목요일,서울특별시 광진구 구의동,경상사고,0,0,1,0,차대차 - 기타,안전운전불이행,기타,맑음,교차로 - 교차로안,승용,여,31-40세,상해없음,원동기,남,51-60세,경상,2023,3
2023033100100152.0,2023년 3월,금요일,서울특별시 광진구 능동,경상사고,0,0,1,0,차대사람 - 기타,안전운전불이행,건조,맑음,교차로 - 교차로부근,승용,남,51-60세,상해없음,보행자,여,21-30세,경상,2023,3
2023033100100152.8,2023년 3월,금요일,서울특별시 광진구 능동,경상사고,0,0,1,0,차대차 - 충돌,신호위반,건조,맑음,단일로 - 기타,승용,남,31-40세,상해없음,승용,여,61-64세,경상,2023,3
2023033100100228.0,2023년 3월,금요일,서울특별시 광진구 광장동,경상사고,0,0,1,0,차대차 - 기타,안전운전불이행,건조,맑음,단일로 - 기타,승용,남,41-50세,상해없음,승용,여,21-30세,경상,2023,3
2023033100100462.0,2023년 3월,금요일,서울특별시 광진구 구의동,경상사고,0,0,1,0,차대사람 - 기타,안전운전불이행,건조,맑음,단일로 - 기타,승합,남,51-60세,상해없음,보행자,여,65세 이상,경상,2023,3
2023033100100514.0,2023년 3월,금요일,서울특별시 광진구 중곡동,경상사고,0,0,1,0,차대차 - 기타,안전운전불이행,기타,맑음,단일로 - 기타,승용,남,21-30세,상해없음,승합,남,41-50세,경상,2023,3
2023033100100599.2,2023년 3월,금요일,서울특별시 광진구 중곡동,경상사고,0,0,2,0,차대차 - 기타,중앙선침범,건조,맑음,단일로 - 기타,승용,남,41-50세,상해없음,승용,여,21-30세,경상,2023,3
2023040000000000.0,2023년 4월,토요일,서울특별시 광진구 중곡동,경상사고,0,0,1,0,차대차 - 기타,안전운전불이행,건조,맑음,교차로 - 교차로부근,승용,남,61-64세,상해없음,승용,여,51-60세,경상,2023,4
2023040300100435.2,2023년 4월,월요일,서울특별시 광진구 광장동,경상사고,0,0,1,0,차대차 - 추돌,안전운전불이행,건조,맑음,단일로 - 기타,승용,여,51-60세,상해없음,승용,남,41-50세,경상,2023,4
2023040400100539.2,2023년 4월,화요일,서울특별시 광진구 중곡동,경상사고,0,0,1,0,차대차 - 기타,안전운전불이행,젖음/습기,비,단일로 - 기타,화물,남,41-50세,상해없음,승용,남,31-40세,경상,2023,4
2023040000000000.0,2023년 4월,화요일,서울특별시 광진구 중곡동,중상사고,0,1,0,0,차대차 - 추돌,안전운전불이행,젖음/습기,비,교차로 - 교차로부근,승용,남,31-40세,상해없음,승용,남,61-64세,중상,2023,4
2023040500100356.8,2023년 4월,수요일,서울특별시 광진구 광장동,중상사고,0,1,1,0,차대차 - 추돌,안전운전불이행,젖음/습기,맑음,단일로 - 기타,화물,남,65세 이상,상해없음,승용,여,31-40세,경상,2023,4
2023040600100224.0,2023년 4월,목요일,서울특별시 광진구 자양동,경상사고,0,0,1,0,차대차 - 기타,안전운전불이행,기타,맑음,단일로 - 기타,승용,여,41-50세,상해없음,이륜,남,51-60세,경상,2023,4
2023040700100676.0,2023년 4월,금요일,서울특별시 광진구 구의동,경상사고,0,0,1,0,차대차 - 충돌,신호위반,건조,맑음,교차로 - 교차로안,승용,남,31-40세,상해없음,승용,여,51-60세,경상,2023,4
2023040800100046.0,2023년 4월,토요일,서울특별시 광진구 화양동,경상사고,0,0,1,0,차대차 - 추돌,안전운전불이행,젖음/습기,맑음,기타 - 기타,승용,남,20세 이하,상해없음,승용,남,51-60세,경상,2023,4
2023040900100036.0,2023년 4월,일요일,서울특별시 광진구 화양동,경상사고,0,0,1,0,차대사람 - 보도통행중,안전운전불이행,건조,맑음,단일로 - 기타,기타불명,기타불명,기타불명,기타불명,보행자,남,21-30세,경상,2023,4
2023040900100164.8,2023년 4월,일요일,서울특별시 광진구 자양동,중상사고,0,1,0,0,차대차 - 기타,신호위반,건조,맑음,단일로 - 기타,승용,남,65세 이상,상해없음,개인형이동수단(PM),여,21-30세,중상,2023,4
2023041000100244.0,2023년 4월,월요일,서울특별시 광진구 광장동,경상사고,0,0,3,0,차대차 - 추돌,안전운전불이행,건조,맑음,단일로 - 기타,승용,남,51-60세,상해없음,승용,남,51-60세,경상,2023,4
2023041100100014.0,2023년 4월,화요일,서울특별시 광진구 자양동,경상사고,0,0,1,0,차대사람 - 보도통행중,안전운전불이행,건조,맑음,기타 - 기타,화물,남,41-50세,상해없음,보행자,여,65세 이상,경상,2023,4
2023041200100074.0,2023년 4월,수요일,서울특별시 광진구 중곡동,경상사고,0,0,1,0,차대차 - 추돌,안전운전불이행,건조,맑음,기타 - 기타,승용,남,41-50세,상해없음,이륜,남,41-50세,경상,2023,4
2023041300100274.0,2023년 4월,목요일,서울특별시 광진구 군자동,중상사고,0,1,0,0,차대차 - 충돌,중앙선침범,건조,맑음,단일로 - 기타,승용,남,65세 이상,상해없음,이륜,남,21-30세,중상,2023,4
2023041400100132.8,2023년 4월,금요일,서울특별시 광진구 광장동,경상사고,0,0,1,0,차대사람 - 기타,안전운전불이행,기타,맑음,단일로 - 기타,승용,여,51-60세,상해없음,보행자,남,41-50세,경상,2023,4
2023041400100155.2,2023년 4월,금요일,서울특별시 광진구 자양동,경상사고,0,0,1,0,차대사람 - 기타,신호위반,건조,맑음,단일로 - 기타,이륜,남,21-30세,기타불명,보행자,여,51-60세,경상,2023,4
2023040000000000.0,2023년 4월,금요일,서울특별시 광진구 자양동,부상신고사고,0,0,0,1,차대사람 - 보도통행중,기타,건조,맑음,기타 - 기타,원동기,남,51-60세,기타불명,보행자,남,12세 이하,부상신고,2023,4