사고번호,발생년월,요일,시군구,사고내용,사망자수,중상자수,경상자수,부상신고자수,사고유형,법규위반,노면상태,기상상태,도로형태,가해운전자 차종,가해운전자 성별,가해운전자 연령대,가해운전자 상해정도,피해운전자 차종,피해운전자 성별,피해운전자 연령대,피해운전자 상해정도,발생년도,발생월
2023041400100288.8,2023년 4월,금요일,서울특별시 광진구 구의동,경상사고,0,0,1,0,차대차 - 충돌,안전운전불이행,건조,맑음,단일로 - 기타,승용,남,61-64세,기타불명,승용,남,41-50세,경상,2023,4
2023041500100468.0,2023년 4월,토요일,서울특별시 광진구 중곡동,경상사고,0,0,1,0,차대차 - 기타,안전운전불이행,기타,맑음,교차로 - 교차로안,승용,남,65세 이상,상해없음,승용,여,21-30세,경상,2023,4
2023041600100139.2,2023년 4월,일요일,서울특별시 광진구 구의동,경상사고,0,0,1,0,차대차 - 기타,안전운전불이행,건조,맑음,단일로 - 기타,승용,남,51-60세,상해없음,승용,남,41-50세,경상,2023,4
2023041600100314.0,2023년 4월,일요일,서울특별시 광진구 구의동,경상사고,0,0,1,0,차대차 - 기타,안전운전불이행,건조,맑음,단일로 - 기타,승용,남,65세 이상,상해없음,승용,남,41-50세,경상,2023,4
2023041800100239.2,2023년 4월,화요일,서울특별시 광진구 자양동,경상사고,0,0,4,0,차대차 - 기타,차로위반,기타,맑음,단일로 - 기타,승용,남,21-30세,상해없음,승용,남,31-40세,경상,2023,4
2023041900100131.2,2023년 4월,수요일,서울특별시 광진구 군자동,부상신고사고,0,0,0,1,차대차 - 충돌,안전거리미확보,건조,맑음,단일로 - 기타,승용,여,41-50세,상해없음,화물,남,31-40세,부상신고,2023,4
2023041900100219.2,2023년 4월,수요일,서울특별시 광진구 자양동,경상사고,0,0,1,0,차대차 - 충돌,안전운전불이행,건조,맑음,단일로 - 기타,승용,남,51-60세,상해없음,승용,남,31-40세,경상,2023,4
2023041900100542.0,2023년 4월,수요일,서울특별시 광진구 구의동,경상사고,0,0,1,0,차대차 - 충돌,안전운전불이행,건조,맑음,기타 - 기타,승용,남,51-60세,상해없음,승용,여,51-60세,경상,2023,4
2023041900100556.0,2023년 4월,수요일,서울특별시 광진구 화양동,경상사고,0,0,1,0,차대사람 - 횡단중,보행자보호의무위반,건조,맑음,교차로 - 교차로횡단보도내,승용,여,65세 이상,상해없음,보행자,남,41-50세,경상,2023,4
2023042000100252.0,2023년 4월,목요일,서울특별시 광진구 자양동,경상사고,0,0,2,0,차대차 - 충돌,안전거리미확보,건조,맑음,기타 - 기타,승용,남,41-50세,상해없음,승용,여,31-40세,경상,2023,4
2023042100100003.2,2023년 4월,금요일,서울특별시 광진구 중곡동,중상사고,0,1,0,0,차대차 - 추돌,안전운전불이행,건조,맑음,단일로 - 기타,이륜,남,21-30세,상해없음,이륜,남,41-50세,중상,2023,4
2023040000000000.0,2023년 4월,금요일,서울특별시 광진구 자양동,경상사고,0,0,1,0,차대차 - 추돌,안전운전불이행,건조,맑음,기타 - 기타,자전거,기타불명,기타불명,기타불명,자전거,여,31-40세,경상,2023,4
2023042100100619.2,2023년 4월,금요일,서울특별시 광진구 중곡동,경상사고,0,0,1,0,차대차 - 충돌,안전운전불이행,건조,맑음,단일로 - 기타,이륜,남,21-30세,상해없음,원동기,남,31-40세,경상,2023,4
2023042400100036.8,2023년 4월,월요일,서울특별시 광진구 자양동,중상사고,0,1,0,0,차대차 - 기타,안전운전불이행,건조,맑음,단일로 - 기타,자전거,남,61-64세,상해없음,자전거,여,61-64세,중상,2023,4
2023042500100067.2,2023년 4월,화요일,서울특별시 광진구 구의동,경상사고,0,0,1,0,차대차 - 충돌,신호위반,건조,맑음,교차로 - 교차로안,이륜,남,31-40세,경상,승용,남,41-50세,상해없음,2023,4
2023040000000000.0,2023년 4월,화요일,서울특별시 광진구 중곡동,경상사고,0,0,2,0,차대차 - 추돌,안전운전불이행,건조,맑음,단일로 - 기타,승용,남,65세 이상,상해없음,승용,남,21-30세,경상,2023,4
2023042600100375.2,2023년 4월,수요일,서울특별시 광진구 군자동,중상사고,0,1,1,0,차대차 - 충돌,안전운전불이행,건조,맑음,교차로 - 교차로부근,승용,남,65세 이상,상해없음,승용,여,51-60세,중상,2023,4
2023042600100552.8,2023년 4월,수요일,서울특별시 광진구 자양동,중상사고,0,1,0,0,차대사람 - 기타,신호위반,건조,흐림,단일로 - 고가도로위,승용,남,41-50세,상해없음,보행자,남,41-50세,중상,2023,4
2023042700100383.2,2023년 4월,목요일,서울특별시 광진구 자양동,경상사고,0,0,2,0,차대차 - 기타,안전운전불이행,기타,맑음,단일로 - 기타,승용,남,51-60세,경상,원동기,남,41-50세,경상,2023,4
2023042800100052.8,2023년 4월,금요일,서울특별시 광진구 광장동,경상사고,0,0,1,0,차대차 - 기타,안전운전불이행,건조,맑음,교차로 - 교차로안,승용,남,41-50세,상해없음,승용,남,31-40세,경상,2023,4
2023042800100188.8,2023년 4월,금요일,서울특별시 광진구 중곡동,경상사고,0,0,1,0,차대차 - 기타,안전운전불이행,건조,맑음,교차로 - 교차로안,화물,남,65세 이상,상해없음,승용,남,21-30세,경상,2023,4
2023042800100642.0,2023년 4월,금요일,서울특별시 광진구 군자동,경상사고,0,0,1,0,차대사람 - 횡단중,안전운전불이행,젖음/습기,비,교차로 - 교차로횡단보도내,승용,남,51-60세,상해없음,보행자,여,31-40세,경상,2023,4
2023042900100119.2,2023년 4월,토요일,서울특별시 광진구 자양동,부상신고사고,0,0,0,1,차대차 - 충돌,안전운전불이행,젖음/습기,비,단일로 - 기타,화물,남,51-60세,상해없음,승용,남,31-40세,부상신고,2023,4
2023042900100312.8,2023년 4월,토요일,서울특별시 광진구 자양동,경상사고,0,0,1,0,차대사람 - 기타,안전운전불이행,젖음/습기,맑음,단일로 - 기타,승합,남,65세 이상,상해없음,보행자,여,31-40세,경상,2023,4
2023042900100524.8,2023년 4월,토요일,서울특별시 광진구 군자동,경상사고,0,0,3,0,차대차 - 기타,안전운전불이행,건조,맑음,단일로 - 기타,승용,남,51-60세,상해없음,승용,남,65세 이상,경상,2023,4
2023043000100292.0,2023년 4월,일요일,서울특별시 광진구 화양동,경상사고,0,0,1,0,차대차 - 충돌,안전운전불이행,건조,맑음,단일로 - 기타,원동기,남,41-50세,상해없음,승용,남,31-40세,경상,2023,4
2023050100100347.2,2023년 5월,월요일,서울특별시 광진구 중곡동,중상사고,0,1,0,0,차대차 - 기타,안전운전불이행,건조,맑음,단일로 - 기타,자전거,남,31-40세,상해없음,자전거,남,65세 이상,중상,2023,5
2023050400100008.8,2023년 5월,목요일,서울특별시 광진구 자양동,사망사고,1,0,0,0,차대차 - 기타,안전운전불이행,건조,맑음,단일로 - 기타,승용,남,21-30세,상해없음,화물,남,61-64세,사망,2023,5
2023050400100112.8,2023년 5월,목요일,서울특별시 광진구 구의동,경상사고,0,0,1,0,차대차 - 충돌,안전운전불이행,건조,맑음,단일로 - 기타,승용,남,65세 이상,상해없음,승합,남,51-60세,경상,2023,5
2023050500100247.2,2023년 5월,금요일,서울특별시 광진구 군자동,부상신고사고,0,0,0,1,차대사람 - 기타,안전운전불이행,건조,맑음,교차로 - 교차로안,승용,남,65세 이상,상해없음,보행자,남,51-60세,부상신고,2023,5
2023050600100387.2,2023년 5월,토요일,서울특별시 광진구 구의동,경상사고,0,0,1,0,차대사람 - 차도통행중,안전운전불이행,건조,맑음,단일로 - 기타,승용,여,41-50세,상해없음,보행자,남,41-50세,경상,2023,5
2023050700100212.8,2023년 5월,일요일,서울특별시 광진구 화양동,경상사고,0,0,3,0,차대차 - 기타,차로위반,기타,맑음,단일로 - 기타,승용,여,31-40세,상해없음,승합,남,61-64세,상해없음,2023,5
2023050800100212.0,2023년 5월,월요일,서울특별시 광진구 구의동,부상신고사고,0,0,0,1,차대차 - 충돌,안전거리미확보,건조,맑음,단일로 - 기타,이륜,남,41-50세,부상신고,승용,여,61-64세,상해없음,2023,5
2023050800100212.8,2023년 5월,월요일,서울특별시 광진구 군자동,경상사고,0,0,1,0,차대차 - 기타,안전운전불이행,기타,맑음,단일로 - 기타,기타불명,기타불명,기타불명,기타불명,승합,남,51-60세,상해없음,2023,5
2023050800100406.0,2023년 5월,월요일,서울특별시 광진구 자양동,경상사고,0,0,1,0,차대차 - 충돌,안전운전불이행,건조,맑음,단일로 - 기타,자전거,남,65세 이상,상해없음,자전거,남,41-50세,경상,2023,5
2023050800100459.2,2023년 5월,월요일,서울특별시 광진구 중곡동,중상사고,0,1,1,0,차대차 - 충돌,안전운전불이행,건조,맑음,교차로 - 교차로안,화물,남,31-40세,경상,이륜,남,41-50세,중상,2023,5
2023050900100086.0,2023년 5월,화요일,서울특별시 광진구 중곡동,경상사고,0,0,1,0,차대차 - 충돌,안전운전불이행,건조,맑음,교차로 - 교차로안,승용,남,65세 이상,상해없음,승용,남,41-50세,경상,2023,5
2023050000000000.0,2023년 5월,화요일,서울특별시 광진구 군자동,경상사고,0,0,1,0,차대차 - 추돌,안전운전불이행,건조,맑음,단일로 - 기타,승용,남,51-60세,상해없음,이륜,남,31-40세,경상,2023,5
2023050900100454.0,2023년 5월,화요일,서울특별시 광진구 광장동,경상사고,0,0,2,0,차대차 - 추돌,안전운전불이행,건조,맑음,단일로 - 고가도로위,승용,남,41-50세,상해없음,승용,남,31-40세,경상,2023,5
2023051000100172.8,2023년 5월,수요일,서울특별시 광진구 자양동,중상사고,0,1,1,0,차대사람 - 기타,기타,건조,맑음,단일로 - 기타,승용,여,21-30세,상해없음,보행자,남,21-30세,중상,2023,5
2023051000100528.8,2023년 5월,수요일,서울특별시 광진구 자양동,경상사고,0,0,1,0,차대사람 - 기타,안전운전불이행,건조,맑음,기타 - 기타,기타불명,기타불명,기타불명,기타불명,보행자,남,12세 이하,경상,2023,5
2023051000100587.2,2023년 5월,수요일,서울특별시 광진구 자양동,경상사고,0,0,1,0,차대차 - 충돌,신호위반,건조,맑음,교차로 - 교차로안,승용,남,41-50세,상해없음,이륜,남,51-60세,경상,2023,5
2023050000000000.0,2023년 5월,수요일,서울특별시 광진구 화양동,경상사고,0,0,1,0,차대사람 - 기타,안전운전불이행,건조,맑음,교차로 - 교차로안,승합,남,41-50세,상해없음,보행자,여,21-30세,경상,2023,5
2023051100100543.2,2023년 5월,목요일,서울특별시 광진구 화양동,경상사고,0,0,1,0,차대사람 - 기타,안전운전불이행,건조,맑음,단일로 - 기타,승용,여,31-40세,상해없음,보행자,여,21-30세,경상,2023,5
2023051200100031.2,2023년 5월,금요일,서울특별시 광진구 자양동,중상사고,0,2,0,0,차대차 - 기타,안전거리미확보,건조,맑음,단일로 - 고가도로위,승용,남,51-60세,상해없음,화물,남,41-50세,중상,2023,5
2023051200100304.0,2023년 5월,금요일,서울특별시 광진구 중곡동,경상사고,0,0,1,0,차대차 - 기타,안전운전불이행,건조,맑음,교차로 - 교차로부근,승합,남,65세 이상,상해없음,화물,남,65세 이상,경상,2023,5
2023051200100526.0,2023년 5월,금요일,서울특별시 광진구 화양동,경상사고,0,0,2,0,차대차 - 기타,신호위반,건조,맑음,단일로 - 기타,이륜,남,31-40세,상해없음,승용,남,21-30세,경상,2023,5
2023051300100291.2,2023년 5월,토요일,서울특별시 광진구 화양동,부상신고사고,0,0,0,1,차대사람 - 기타,기타,건조,맑음,기타 - 기타,자전거,남,61-64세,상해없음,보행자,여,65세 이상,부상신고,2023,5
2023051300100406.0,2023년 5월,토요일,서울특별시 광진구 자양동,경상사고,0,0,1,0,차대사람 - 보도통행중,보행자보호의무위반,건조,맑음,교차로 - 교차로부근,개인형이동수단(PM),남,20세 이하,상해없음,보행자,여,41-50세,경상,2023,5
2023051400100368.8,2023년 5월,일요일,서울특별시 광진구 자양동,경상사고,0,0,1,0,차대사람 - 기타,안전운전불이행,건조,맑음,기타 - 기타,개인형이동수단(PM),여,51-60세,상해없음,보행자,여,65세 이상,경상,2023,5
2023050000000000.0,2023년 5월,일요일,서울특별시 광진구 구의동,경상사고,0,0,1,0,차대차 - 충돌,안전운전불이행,건조,맑음,교차로 - 교차로안,승용,남,51-60세,상해없음,이륜,남,41-50세,경상,2023,5
2023051500100036.8,2023년 5월,월요일,서울특별시 광진구 화양동,부상신고사고,0,0,0,1,차대차 - 기타,안전운전불이행,건조,맑음,단일로 - 기타,기타불명,기타불명,기타불명,기타불명,자전거,남,31-40세,부상신고,2023,5
2023051500100076.8,2023년 5월,월요일,서울특별시 광진구 자양동,경상사고,0,0,1,0,차대사람 - 기타,안전운전불이행,건조,맑음,단일로 - 기타,자전거,여,31-40세,상해없음,보행자,남,12세 이하,경상,2023,5
2023051600100348.8,2023년 5월,화요일,서울특별시 광진구 자양동,경상사고,0,0,1,0,차대차 - 충돌,안전거리미확보,건조,맑음,단일로 - 기타,화물,남,21-30세,상해없음,승용,남,41-50세,경상,2023,5
2023051600100448.8,2023년 5월,화요일,서울특별시 광진구 구의동,경상사고,0,0,1,0,차대차 - 충돌,안전운전불이행,건조,맑음,기타 - 기타,승용,남,21-30세,상해없음,자전거,여,13-20세,경상,2023,5
2023051600100592.8,2023년 5월,화요일,서울특별시 광진구 군자동,경상사고,0,0,1,0,차대차 - 기타,안전운전불이행,건조,맑음,교차로 - 교차로안,승용,남,51-60세,상해없음,이륜,남,21-30세,경상,2023,5
2023051700100087.2,2023년 5월,수요일,서울특별시 광진구 중곡동,경상사고,0,0,1,0,차대차 - 충돌,안전운전불이행,건조,맑음,단일로 - 기타,승용,남,31-40세,상해없음,승용,남,65세 이상,경상,2023,5
2023051700100196.0,2023년 5월,수요일,서울특별시 광진구 중곡동,경상사고,0,0,3,0,차대차 - 충돌,신호위반,건조,맑음,교차로 - 교차로부근,승용,남,51-60세,경상,승용,남,65세 이상,경상,2023,5
2023051700100236.8,2023년 5월,수요일,서울특별시 광진구 중곡동,경상사고,0,0,1,0,차량단독 - 기타,안전운전불이행,기타,기타,단일로 - 기타,이륜,남,51-60세,경상,,,,,2023,5
2023051700100484.0,2023년 5월,수요일,서울특별시 광진구 구의동,경상사고,0,0,1,0,차대사람 - 기타,안전운전불이행,기타,맑음,단일로 - 기타,승합,남,51-60세,상해없음,보행자,여,61-64세,경상,2023,5
2023051800100386.0,2023년 5월,목요일,서울특별시 광진구 군자동,경상사고,0,0,1,0,차대차 - 충돌,안전거리미확보,건조,맑음,교차로 - 교차로안,승용,여,51-60세,상해없음,원동기,남,21-30세,경상,2023,5
2023051800100419.2,2023년 5월,목요일,서울특별시 광진구 구의동,경상사고,0,0,1,0,차대차 - 기타,차로위반,건조,맑음,교차로 - 교차로부근,기타불명,기타불명,기타불명,기타불명,이륜,남,51-60세,경상,2023,5
2023051900100094.0,2023년 5월,금요일,서울특별시 광진구 광장동,경상사고,0,0,1,0,차대차 - 기타,안전거리미확보,건조,맑음,단일로 - 기타,승용,남,61-64세,상해없음,승용,남,41-50세,경상,2023,5
2023051900100095.2,2023년 5월,금요일,서울특별시 광진구 자양동,중상사고,0,1,1,1,차대차 - 기타,안전거리미확보,건조,맑음,단일로 - 기타,승용,남,31-40세,경상,승용,남,31-40세,중상,2023,5
2023051900100324.0,2023년 5월,금요일,서울특별시 광진구 자양동,경상사고,0,0,1,0,차대차 - 충돌,안전운전불이행,젖음/습기,맑음,단일로 - 고가도로위,화물,남,51-60세,상해없음,승용,여,41-50세,경상,2023,5
2023052000100136.8,2023년 5월,토요일,서울특별시 광진구 중곡동,중상사고,0,1,0,0,차대사람 - 기타,안전운전불이행,건조,맑음,단일로 - 기타,승합,남,51-60세,상해없음,보행자,여,61-64세,중상,2023,5
2023052000100180.8,2023년 5월,토요일,서울특별시 광진구 화양동,경상사고,0,0,1,0,차대차 - 기타,안전운전불이행,건조,맑음,단일로 - 기타,승용,남,65세 이상,상해없음,자전거,남,51-60세,경상,2023,5
2023052000100575.2,2023년 5월,토요일,서울특별시 광진구 자양동,중상사고,0,1,0,0,차대차 - 충돌,중앙선침범,건조,맑음,단일로 - 기타,승용,남,41-50세,상해없음,원동기,남,51-60세,중상,2023,5
2023052100100086.0,2023년 5월,일요일,서울특별시 광진구 중곡동,경상사고,0,0,2,1,차대차 - 기타,중앙선침범,건조,맑음,교차로 - 교차로부근,승용,남,31-40세,상해없음,승용,여,61-64세,부상신고,2023,5
2023052200100008.0,2023년 5월,월요일,서울특별시 광진구 화양동,경상사고,0,0,3,0,차대차 - 충돌,안전운전불이행,건조,맑음,단일로 - 기타,이륜,남,21-30세,경상,승용,남,51-60세,상해없음,2023,5
2023052200100059.2,2023년 5월,월요일,서울특별시 광진구 자양동,경상사고,0,0,1,0,차대차 - 기타,안전운전불이행,건조,맑음,교차로 - 교차로안,이륜,남,31-40세,상해없음,개인형이동수단(PM),여,31-40세,경상,2023,5
2023052200100139.2,2023년 5월,월요일,서울특별시 광진구 군자동,중상사고,0,1,0,0,차대사람 - 기타,안전운전불이행,건조,맑음,교차로 - 교차로부근,승용,남,31-40세,상해없음,보행자,여,61-64세,중상,2023,5
2023052200100394.0,2023년 5월,월요일,서울특별시 광진구 중곡동,경상사고,0,0,1,0,차대차 - 추돌,안전운전불이행,건조,맑음,단일로 - 교량,원동기,남,41-50세,상해없음,승용,여,21-30세,경상,2023,5
2023050000000000.0,2023년 5월,월요일,서울특별시 광진구 자양동,경상사고,0,0,2,0,차대차 - 충돌,안전운전불이행,건조,맑음,교차로 - 교차로안,화물,남,41-50세,상해없음,자전거,여,12세 이하,경상,2023,5
2023052300100628.8,2023년 5월,화요일,서울특별시 광진구 화양동,경상사고,0,0,1,0,차대사람 - 기타,안전운전불이행,건조,맑음,단일로 - 기타,승용,남,41-50세,상해없음,보행자,남,21-30세,경상,2023,5
2023052400100376.0,2023년 5월,수요일,서울특별시 광진구 중곡동,경상사고,0,0,1,0,차대사람 - 기타,안전운전불이행,건조,맑음,기타 - 기타,승합,남,41-50세,상해없음,보행자,남,65세 이상,경상,2023,5
2023050000000000.0,2023년 5월,목요일,서울특별시 광진구 구의동,경상사고,0,0,1,0,차대차 - 기타,안전운전불이행,기타,맑음,기타 - 기타,승용,남,51-60세,상해없음,승용,여,51-60세,경상,2023,5
2023052500100559.2,2023년 5월,목요일,서울특별시 광진구 중곡동,경상사고,0,0,1,0,차대사람 - 기타,안전운전불이행,건조,흐림,교차로 - 교차로횡단보도내,기타불명,기타불명,기타불명,기타불명,보행자,남,12세 이하,경상,2023,5
2023050000000000.0,2023년 5월,목요일,서울특별시 광진구 중곡동,경상사고,0,0,1,0,차대차 - 충돌,안전거리미확보,건조,맑음,기타 - 기타,승용,여,21-30세,상해없음,승용,남,31-40세,상해없음,2023,5
2023052600100012.0,2023년 5월,금요일,서울특별시 광진구 중곡동,부상신고사고,0,0,0,2,차대차 - 추돌,안전운전불이행,건조,맑음,교차로 - 교차로부근,승용,남,65세 이상,기타불명,승용,남,21-30세,부상신고,2023,5
2023052600100084.0,2023년 5월,금요일,서울특별시 광진구 광장동,부상신고사고,0,0,0,1,차대차 - 기타,안전운전불이행,건조,기타,교차로 - 교차로부근,기타불명,기타불명,기타불명,기타불명,자전거,남,12세 이하,부상신고,2023,5
2023052600100126.0,2023년 5월,금요일,서울특별시 광진구 자양동,경상사고,0,0,1,0,차대차 - 충돌,안전운전불이행,건조,맑음,단일로 - 기타,승용,남,41-50세,상해없음,승용,남,31-40세,경상,2023,5
2023052600100207.2,2023년 5월,금요일,서울특별시 광진구 중곡동,중상사고,0,1,0,0,차대사람 - 기타,안전운전불이행,기타,기타,단일로 - 기타,승용,남,31-40세,상해없음,보행자,남,41-50세,중상,2023,5
2023052600100248.8,2023년 5월,금요일,서울특별시 광진구 화양동,중상사고,0,1,0,0,차대차 - 추돌,안전운전불이행,건조,맑음,교차로 - 교차로부근,승용,남,21-30세,상해없음,이륜,남,31-40세,중상,2023,5
2023052700100234.0,2023년 5월,토요일,서울특별시 광진구 중곡동,경상사고,0,0,1,0,차대차 - 충돌,안전운전불이행,젖음/습기,비,교차로 - 교차로안,자전거,남,65세 이상,경상,이륜,남,51-60세,상해없음,2023,5
2023052800100063.2,2023년 5월,일요일,서울특별시 광진구 군자동,경상사고,0,0,1,0,차대차 - 충돌,안전운전불이행,적설,비,단일로 - 기타,승용,남,31-40세,상해없음,승용,남,51-60세,경상,2023,5
2023052900100263.2,2023년 5월,월요일,서울특별시 광진구 중곡동,경상사고,0,0,1,0,차대사람 - 차도통행중,안전운전불이행,건조,맑음,단일로 - 기타,승용,남,51-60세,상해없음,보행자,여,65세 이상,경상,2023,5
2023053000100000.8,2023년 5월,화요일,서울특별시 광진구 중곡동,중상사고,0,1,0,0,차대사람 - 횡단중,안전운전불이행,건조,맑음,단일로 - 기타,이륜,남,31-40세,상해없음,보행자,남,51-60세,중상,2023,5
2023053100100114.0,2023년 5월,수요일,서울특별시 광진구 화양동,경상사고,0,0,1,0,차대차 - 기타,차로위반,기타,맑음,단일로 - 기타,승용,여,51-60세,상해없음,승용,여,41-50세,경상,2023,5
2023053100100388.8,2023년 5월,수요일,서울특별시 광진구 중곡동,중상사고,0,1,0,0,차대차 - 기타,안전운전불이행,건조,맑음,교차로 - 교차로안,승용,남,65세 이상,상해없음,이륜,남,51-60세,중상,2023,5
2023053100100572.8,2023년 5월,수요일,서울특별시 광진구 군자동,경상사고,0,0,1,0,차대차 - 추돌,안전운전불이행,건조,맑음,단일로 - 기타,원동기,남,21-30세,상해없음,승용,여,31-40세,경상,2023,5
2023060200100080.8,2023년 6월,금요일,서울특별시 광진구 구의동,경상사고,0,0,1,0,차대차 - 충돌,안전운전불이행,건조,맑음,교차로 - 교차로부근,승용,여,41-50세,상해없음,승용,여,21-30세,경상,2023,6
2023060200100124.8,2023년 6월,금요일,서울특별시 광진구 화양동,경상사고,0,0,1,0,차대사람 - 기타,안전운전불이행,건조,맑음,단일로 - 기타,기타불명,기타불명,기타불명,기타불명,보행자,남,21-30세,경상,2023,6
2023060200100279.2,2023년 6월,금요일,서울특별시 광진구 자양동,경상사고,0,0,1,0,차대사람 - 기타,기타,건조,맑음,교차로 - 교차로부근,이륜,남,51-60세,상해없음,보행자,남,12세 이하,경상,2023,6
2023060300100074.0,2023년 6월,토요일,서울특별시 광진구 구의동,경상사고,0,0,1,0,차대차 - 충돌,안전운전불이행,건조,맑음,단일로 - 기타,특수,남,51-60세,상해없음,건설기계,남,31-40세,경상,2023,6
2023060300100462.0,2023년 6월,토요일,서울특별시 광진구 자양동,경상사고,0,0,1,0,차대사람 - 기타,안전운전불이행,건조,맑음,기타 - 기타,자전거,남,20세 이하,기타불명,보행자,남,12세 이하,경상,2023,6
2023060000000000.0,2023년 6월,월요일,서울특별시 광진구 구의동,부상신고사고,0,0,0,1,차대차 - 추돌,안전운전불이행,건조,맑음,교차로 - 교차로부근,화물,남,65세 이상,상해없음,승용,남,41-50세,부상신고,2023,6
2023060500100268.8,2023년 6월,월요일,서울특별시 광진구 자양동,중상사고,0,1,0,0,차대차 - 기타,기타,건조,맑음,단일로 - 기타,화물,남,65세 이상,상해없음,승용,남,21-30세,중상,2023,6
2023060500100396.8,2023년 6월,월요일,서울특별시 광진구 구의동,중상사고,0,1,0,0,차대차 - 충돌,안전운전불이행,건조,맑음,단일로 - 기타,자전거,남,20세 이하,상해없음,원동기,남,51-60세,중상,2023,6
2023060600100000.8,2023년 6월,화요일,서울특별시 광진구 자양동,경상사고,0,0,1,0,차대차 - 충돌,안전운전불이행,건조,맑음,단일로 - 기타,승용,남,21-30세,기타불명,승용,남,21-30세,경상,2023,6
2023060600100079.2,2023년 6월,화요일,서울특별시 광진구 구의동,경상사고,0,0,1,0,차대차 - 충돌,안전운전불이행,건조,맑음,교차로 - 교차로횡단보도내,승용,여,61-64세,상해없음,승용,남,31-40세,경상,2023,6
2023060600100467.2,2023년 6월,화요일,서울특별시 광진구 군자동,경상사고,0,0,1,0,차대차 - 기타,안전운전불이행,건조,맑음,단일로 - 기타,승용,남,61-64세,상해없음,승용,남,13-20세,경상,2023,6
2023060700100364.8,2023년 6월,수요일,서울특별시 광진구 광장동,경상사고,0,0,1,0,차대차 - 충돌,안전운전불이행,건조,맑음,교차로 - 교차로부근,승합,남,51-60세,상해없음,승용,남,65세 이상,경상,2023,6
2023060700100451.2,2023년 6월,수요일,서울특별시 광진구 자양동,경상사고,0,0,1,0,차대차 - 추돌,안전운전불이행,건조,맑음,교차로 - 교차로부근,승용,남,51-60세,상해없음,승용,남,31-40세,경상,2023,6
2023060800100000.8,2023년 6월,목요일,서울특별시 광진구 구의동,경상사고,0,0,1,0,차량단독 - 기타,안전운전불이행,건조,맑음,교차로 - 교차로부근,승용,남,51-60세,기타불명,,,,,2023,6
2023060800100212.8,2023년 6월,목요일,서울특별시 광진구 중곡동,경상사고,0,0,1,0,차대차 - 충돌,안전운전불이행,건조,맑음,단일로 - 기타,화물,남,31-40세,상해없음,승용,남,31-40세,경상,2023,6
2023060800100536.0,2023년 6월,목요일,서울특별시 광진구 화양동,경상사고,0,0,1,0,차대차 - 기타,안전운전불이행,건조,맑음,단일로 - 지하차도(도로)내,승용,남,31-40세,기타불명,이륜,남,21-30세,경상,2023,6
2023061100100051.2,2023년 6월,일요일,서울특별시 광진구 중곡동,경상사고,0,0,1,0,차대차 - 추돌,안전운전불이행,건조,맑음,교차로 - 교차로부근,승용,남,31-40세,상해없음,승용,남,65세 이상,경상,2023,6
2023061200100411.2,2023년 6월,월요일,서울특별시 광진구 구의동,중상사고,0,1,0,0,차량단독 - 전도전복,안전운전불이행,건조,맑음,단일로 - 교량,이륜,남,31-40세,중상,,,,,2023,6
2023061200100524.8,2023년 6월,월요일,서울특별시 광진구 화양동,경상사고,0,0,1,0,차대사람 - 차도통행중,안전운전불이행,건조,맑음,단일로 - 기타,승용,남,51-60세,상해없음,보행자,여,31-40세,경상,2023,6
2023061300100352.0,2023년 6월,화요일,서울특별시 광진구 능동,경상사고,0,0,1,0,차대차 - 기타,안전거리미확보,건조,맑음,교차로 - 교차로부근,승용,여,31-40세,상해없음,승용,남,31-40세,경상,2023,6
2023061300100516.0,2023년 6월,화요일,서울특별시 광진구 군자동,경상사고,0,0,3,0,차대차 - 추돌,안전운전불이행,건조,기타,단일로 - 기타,화물,남,41-50세,상해없음,승용,여,21-30세,경상,2023,6
2023061400100036.0,2023년 6월,수요일,서울특별시 광진구 화양동,경상사고,0,0,1,0,차대차 - 기타,신호위반,기타,맑음,교차로 - 교차로안,원동기,남,31-40세,상해없음,원동기,남,41-50세,경상,2023,6
2023061400100052.0,2023년 6월,수요일,서울특별시 광진구 자양동,경상사고,0,0,1,0,차대차 - 충돌,안전거리미확보,건조,맑음,단일로 - 기타,승용,여,31-40세,상해없음,화물,남,41-50세,경상,2023,6
2023061400100079.2,2023년 6월,수요일,서울특별시 광진구 자양동,경상사고,0,0,1,0,차대차 - 충돌,차로위반,건조,맑음,단일로 - 기타,승용,남,41-50세,상해없음,승용,남,41-50세,경상,2023,6
2023061400100402.0,2023년 6월,수요일,서울특별시 광진구 구의동,경상사고,0,0,1,0,차대차 - 기타,차로위반,기타,맑음,단일로 - 기타,승용,남,65세 이상,상해없음,승용,남,31-40세,경상,2023,6
2023061400100403.2,2023년 6월,수요일,서울특별시 광진구 중곡동,경상사고,0,0,1,0,차대사람 - 기타,기타,기타,맑음,단일로 - 기타,화물,남,61-64세,상해없음,보행자,여,61-64세,경상,2023,6
2023061400100504.0,2023년 6월,수요일,서울특별시 광진구 화양동,경상사고,0,0,1,0,차대사람 - 기타,안전운전불이행,건조,맑음,단일로 - 기타,기타불명,기타불명,기타불명,기타불명,보행자,남,21-30세,경상,2023,6