사고번호,발생년월,요일,시군구,사고내용,사망자수,중상자수,경상자수,부상신고자수,사고유형,법규위반,노면상태,기상상태,도로형태,가해운전자 차종,가해운전자 성별,가해운전자 연령대,가해운전자 상해정도,피해운전자 차종,피해운전자 성별,피해운전자 연령대,피해운전자 상해정도,발생년도,발생월
2023060000000000.0,2023년 6월,수요일,서울특별시 광진구 화양동,경상사고,0,0,1,0,차대사람 - 기타,안전운전불이행,건조,맑음,단일로 - 기타,승용,남,31-40세,상해없음,보행자,여,21-30세,경상,2023,6
2023061500100182.0,2023년 6월,목요일,서울특별시 광진구 자양동,경상사고,0,0,1,0,차대차 - 충돌,안전운전불이행,건조,맑음,단일로 - 고가도로위,승용,남,61-64세,기타불명,화물,남,31-40세,경상,2023,6
2023061500100516.8,2023년 6월,목요일,서울특별시 광진구 자양동,경상사고,0,0,1,0,차대사람 - 기타,안전운전불이행,건조,맑음,교차로 - 교차로안,승합,남,51-60세,상해없음,보행자,남,61-64세,경상,2023,6
2023061500100578.0,2023년 6월,목요일,서울특별시 광진구 자양동,경상사고,0,0,1,0,차대차 - 충돌,안전운전불이행,건조,맑음,단일로 - 기타,승용,여,21-30세,상해없음,승용,여,31-40세,경상,2023,6
2023061600100564.8,2023년 6월,금요일,서울특별시 광진구 구의동,중상사고,0,1,0,0,차대차 - 충돌,안전운전불이행,건조,맑음,단일로 - 기타,승합,남,65세 이상,상해없음,원동기,남,31-40세,중상,2023,6
2023061700100064.8,2023년 6월,토요일,서울특별시 광진구 광장동,중상사고,0,3,0,0,차대차 - 충돌,중앙선침범,건조,맑음,단일로 - 기타,승용,남,21-30세,상해없음,승용,남,31-40세,중상,2023,6
2023061700100192.0,2023년 6월,토요일,서울특별시 광진구 군자동,경상사고,0,0,2,0,차대차 - 충돌,안전운전불이행,건조,맑음,기타 - 기타,승용,남,61-64세,상해없음,승용,남,41-50세,경상,2023,6
2023061700100328.8,2023년 6월,토요일,서울특별시 광진구 구의동,경상사고,0,0,2,0,차대차 - 추돌,안전운전불이행,건조,맑음,단일로 - 기타,승용,여,21-30세,상해없음,승용,남,31-40세,경상,2023,6
2023061700100592.8,2023년 6월,토요일,서울특별시 광진구 자양동,경상사고,0,0,1,0,차대차 - 충돌,안전운전불이행,건조,맑음,교차로 - 교차로부근,승합,남,51-60세,상해없음,승용,여,21-30세,경상,2023,6
2023061800100235.2,2023년 6월,일요일,서울특별시 광진구 군자동,경상사고,0,0,1,0,차대차 - 기타,안전거리미확보,기타,맑음,단일로 - 기타,원동기,남,51-60세,상해없음,화물,남,31-40세,상해없음,2023,6
2023061900100432.0,2023년 6월,월요일,서울특별시 광진구 중곡동,경상사고,0,0,1,0,차대차 - 충돌,안전운전불이행,건조,맑음,단일로 - 기타,승용,남,51-60세,상해없음,승용,남,51-60세,경상,2023,6
2023062000100043.2,2023년 6월,화요일,서울특별시 광진구 화양동,경상사고,0,0,1,0,차대차 - 충돌,차로위반,건조,맑음,단일로 - 기타,승합,남,65세 이상,상해없음,승용,여,31-40세,경상,2023,6
2023062000100278.0,2023년 6월,화요일,서울특별시 광진구 광장동,중상사고,0,1,0,0,차대차 - 충돌,안전운전불이행,건조,맑음,단일로 - 기타,승용,여,31-40세,상해없음,승용,남,61-64세,중상,2023,6
2023062100100514.0,2023년 6월,수요일,서울특별시 광진구 화양동,중상사고,0,1,0,0,차대사람 - 기타,안전운전불이행,건조,맑음,단일로 - 기타,승용,남,21-30세,상해없음,보행자,남,21-30세,중상,2023,6
2023062200100000.8,2023년 6월,목요일,서울특별시 광진구 자양동,중상사고,0,1,0,0,차대차 - 기타,기타,건조,맑음,단일로 - 기타,승용,남,21-30세,상해없음,승용,여,21-30세,중상,2023,6
2023062200100224.0,2023년 6월,목요일,서울특별시 광진구 화양동,경상사고,0,0,1,0,차대차 - 충돌,차로위반,기타,맑음,단일로 - 기타,승용,남,65세 이상,상해없음,승용,여,41-50세,경상,2023,6
2023062200100346.0,2023년 6월,목요일,서울특별시 광진구 자양동,경상사고,0,0,1,0,차대사람 - 보도통행중,보행자보호의무위반,건조,기타,단일로 - 기타,자전거,남,20세 이하,상해없음,보행자,여,12세 이하,경상,2023,6
2023062200100434.0,2023년 6월,목요일,서울특별시 광진구 자양동,경상사고,0,0,1,0,차대차 - 추돌,안전운전불이행,건조,맑음,단일로 - 기타,화물,남,61-64세,상해없음,승용,여,41-50세,경상,2023,6
2023062200100516.0,2023년 6월,목요일,서울특별시 광진구 자양동,부상신고사고,0,0,0,1,차대사람 - 기타,안전운전불이행,건조,맑음,단일로 - 기타,승용,남,31-40세,기타불명,보행자,남,41-50세,부상신고,2023,6
2023062300100008.8,2023년 6월,금요일,서울특별시 광진구 중곡동,경상사고,0,0,1,0,차대사람 - 기타,안전운전불이행,건조,맑음,단일로 - 기타,승용,남,31-40세,상해없음,보행자,남,41-50세,경상,2023,6
2023062300100036.8,2023년 6월,금요일,서울특별시 광진구 자양동,경상사고,0,0,2,0,차대차 - 추돌,안전운전불이행,건조,맑음,단일로 - 기타,화물,남,51-60세,상해없음,승용,여,51-60세,경상,2023,6
2023062300100078.0,2023년 6월,금요일,서울특별시 광진구 화양동,중상사고,0,1,0,0,차대사람 - 기타,안전운전불이행,건조,맑음,단일로 - 기타,개인형이동수단(PM),남,21-30세,상해없음,보행자,남,31-40세,중상,2023,6
2023062300100154.0,2023년 6월,금요일,서울특별시 광진구 구의동,경상사고,0,0,1,0,차대차 - 기타,신호위반,건조,맑음,단일로 - 기타,이륜,남,21-30세,상해없음,승용,남,41-50세,경상,2023,6
2023062300100484.0,2023년 6월,금요일,서울특별시 광진구 화양동,중상사고,0,1,0,0,차대차 - 충돌,교차로운행방법위반,건조,맑음,교차로 - 교차로부근,승용,남,41-50세,상해없음,승용,남,21-30세,중상,2023,6
2023062300100632.8,2023년 6월,금요일,서울특별시 광진구 자양동,경상사고,0,0,1,0,차대차 - 충돌,안전거리미확보,건조,맑음,단일로 - 기타,승용,남,51-60세,상해없음,승용,여,51-60세,경상,2023,6
2023062500100352.8,2023년 6월,일요일,서울특별시 광진구 중곡동,중상사고,0,1,0,0,차대차 - 충돌,안전운전불이행,건조,맑음,단일로 - 기타,이륜,남,31-40세,상해없음,이륜,남,21-30세,중상,2023,6
2023062600100554.0,2023년 6월,월요일,서울특별시 광진구 중곡동,경상사고,0,0,2,0,차대차 - 추돌,안전운전불이행,건조,맑음,교차로 - 교차로부근,승용,남,31-40세,상해없음,승용,남,65세 이상,경상,2023,6
2023062700100042.0,2023년 6월,화요일,서울특별시 광진구 자양동,경상사고,0,0,1,0,차대차 - 충돌,차로위반,건조,맑음,단일로 - 기타,승용,남,31-40세,상해없음,화물,남,51-60세,경상,2023,6
2023062700100108.0,2023년 6월,화요일,서울특별시 광진구 자양동,경상사고,0,0,1,0,차대차 - 충돌,안전운전불이행,건조,맑음,단일로 - 고가도로위,화물,남,51-60세,상해없음,승용,여,21-30세,경상,2023,6
2023062900100003.2,2023년 6월,목요일,서울특별시 광진구 구의동,중상사고,0,1,1,0,차대차 - 기타,안전거리미확보,기타,기타,단일로 - 기타,승용,남,31-40세,상해없음,이륜,남,51-60세,경상,2023,6
2023062900100076.0,2023년 6월,목요일,서울특별시 광진구 화양동,부상신고사고,0,0,0,1,차대사람 - 기타,안전운전불이행,건조,맑음,단일로 - 기타,기타불명,기타불명,기타불명,기타불명,보행자,여,31-40세,부상신고,2023,6
2023062900100076.8,2023년 6월,목요일,서울특별시 광진구 자양동,경상사고,0,0,1,0,차대차 - 충돌,안전운전불이행,젖음/습기,비,단일로 - 기타,승용,여,61-64세,상해없음,승용,남,51-60세,경상,2023,6
2023062900100548.8,2023년 6월,목요일,서울특별시 광진구 능동,경상사고,0,0,1,0,차대차 - 추돌,안전운전불이행,건조,맑음,교차로 - 교차로부근,원동기,남,31-40세,상해없음,원동기,남,31-40세,경상,2023,6
2023063000100036.0,2023년 6월,금요일,서울특별시 광진구 군자동,중상사고,0,1,0,0,차대차 - 추돌,안전운전불이행,건조,흐림,교차로 - 교차로부근,승용,남,21-30세,상해없음,승용,남,41-50세,중상,2023,6
2023063000100264.0,2023년 6월,금요일,서울특별시 광진구 구의동,경상사고,0,0,1,0,차대차 - 충돌,안전운전불이행,건조,맑음,교차로 - 교차로안,자전거,남,20세 이하,경상,이륜,남,65세 이상,상해없음,2023,6
2023063000100432.8,2023년 6월,금요일,서울특별시 광진구 구의동,경상사고,0,0,2,0,차대차 - 기타,안전운전불이행,건조,맑음,단일로 - 교량,승용,남,65세 이상,상해없음,승용,남,31-40세,경상,2023,6
2023070000000000.0,2023년 7월,토요일,서울특별시 광진구 중곡동,경상사고,0,0,2,0,차대차 - 충돌,안전운전불이행,건조,맑음,기타 - 기타,자전거,여,31-40세,경상,자전거,남,21-30세,경상,2023,7
2023070100100080.8,2023년 7월,토요일,서울특별시 광진구 구의동,중상사고,0,1,0,0,차대사람 - 기타,안전운전불이행,건조,맑음,교차로 - 교차로안,원동기,남,31-40세,상해없음,보행자,여,51-60세,중상,2023,7
2023070100100123.2,2023년 7월,토요일,서울특별시 광진구 자양동,경상사고,0,0,3,0,차대차 - 기타,안전운전불이행,건조,맑음,단일로 - 기타,승용,남,51-60세,상해없음,승용,여,41-50세,경상,2023,7
2023070100100124.0,2023년 7월,토요일,서울특별시 광진구 자양동,경상사고,0,0,1,0,차대차 - 충돌,안전거리미확보,건조,맑음,단일로 - 기타,승용,여,31-40세,상해없음,승용,여,31-40세,경상,2023,7
2023070100100518.0,2023년 7월,토요일,서울특별시 광진구 구의동,경상사고,0,0,1,0,차대사람 - 기타,안전운전불이행,건조,맑음,단일로 - 기타,승용,남,61-64세,상해없음,보행자,남,31-40세,경상,2023,7
2023070100100519.2,2023년 7월,토요일,서울특별시 광진구 중곡동,중상사고,0,1,0,0,차대차 - 기타,신호위반,건조,맑음,교차로 - 교차로안,승용,남,21-30세,상해없음,이륜,남,41-50세,중상,2023,7
2023070200100027.2,2023년 7월,일요일,서울특별시 광진구 중곡동,경상사고,0,0,3,0,차대차 - 충돌,중앙선침범,건조,맑음,단일로 - 기타,승용,남,21-30세,상해없음,승합,남,41-50세,경상,2023,7
2023070200100180.8,2023년 7월,일요일,서울특별시 광진구 자양동,경상사고,0,0,1,0,차대차 - 충돌,안전운전불이행,건조,맑음,단일로 - 기타,승용,남,51-60세,기타불명,이륜,남,41-50세,경상,2023,7
2023070300100076.8,2023년 7월,월요일,서울특별시 광진구 구의동,경상사고,0,0,1,0,차대차 - 충돌,안전운전불이행,건조,맑음,교차로 - 교차로부근,승합,남,31-40세,상해없음,승용,남,31-40세,경상,2023,7
2023070300100128.8,2023년 7월,월요일,서울특별시 광진구 자양동,경상사고,0,0,1,0,차대차 - 기타,안전운전불이행,건조,맑음,기타 - 기타,승용,남,51-60세,상해없음,이륜,남,51-60세,경상,2023,7
2023070300100303.2,2023년 7월,월요일,서울특별시 광진구 중곡동,경상사고,0,0,1,0,차대차 - 충돌,차로위반,기타,맑음,단일로 - 기타,승용,여,21-30세,상해없음,승합,남,51-60세,경상,2023,7
2023070300100304.0,2023년 7월,월요일,서울특별시 광진구 자양동,경상사고,0,0,1,0,차대차 - 충돌,안전거리미확보,건조,맑음,교차로 - 교차로안,건설기계,남,65세 이상,상해없음,승용,남,21-30세,경상,2023,7
2023070400100092.8,2023년 7월,화요일,서울특별시 광진구 구의동,경상사고,0,0,1,0,차대차 - 기타,안전운전불이행,기타,맑음,단일로 - 기타,승합,남,65세 이상,상해없음,화물,남,21-30세,경상,2023,7
2023070000000000.0,2023년 7월,화요일,서울특별시 광진구 구의동,부상신고사고,0,0,0,1,차대사람 - 기타,안전운전불이행,건조,맑음,단일로 - 기타,승용,남,41-50세,상해없음,보행자,남,41-50세,부상신고,2023,7
2023070400100555.2,2023년 7월,화요일,서울특별시 광진구 군자동,중상사고,0,1,0,0,차대사람 - 보도통행중,기타,젖음/습기,비,단일로 - 기타,자전거,여,51-60세,상해없음,보행자,남,21-30세,중상,2023,7
2023070400100556.0,2023년 7월,화요일,서울특별시 광진구 군자동,경상사고,0,0,1,0,차대차 - 기타,신호위반,젖음/습기,비,단일로 - 기타,승합,남,61-64세,상해없음,원동기,남,31-40세,경상,2023,7
2023070400100607.2,2023년 7월,화요일,서울특별시 광진구 중곡동,부상신고사고,0,0,0,1,차대차 - 충돌,교차로운행방법위반,젖음/습기,비,교차로 - 교차로안,승용,남,51-60세,상해없음,원동기,남,41-50세,부상신고,2023,7
2023070500100064.8,2023년 7월,수요일,서울특별시 광진구 자양동,경상사고,0,0,1,0,차대사람 - 차도통행중,안전운전불이행,건조,맑음,교차로 - 교차로부근,승용,남,41-50세,상해없음,보행자,남,12세 이하,경상,2023,7
2023070500100338.0,2023년 7월,수요일,서울특별시 광진구 군자동,경상사고,0,0,3,0,차대차 - 기타,안전운전불이행,건조,맑음,단일로 - 기타,승용,남,65세 이상,상해없음,승용,남,13-20세,경상,2023,7
2023070600100055.2,2023년 7월,목요일,서울특별시 광진구 자양동,중상사고,0,1,0,0,차대사람 - 기타,안전운전불이행,건조,맑음,단일로 - 기타,자전거,여,51-60세,상해없음,보행자,여,61-64세,중상,2023,7
2023070600100298.0,2023년 7월,목요일,서울특별시 광진구 자양동,부상신고사고,0,0,0,1,차대차 - 기타,안전운전불이행,건조,맑음,단일로 - 기타,승용,남,21-30세,상해없음,이륜,남,21-30세,부상신고,2023,7
2023070000000000.0,2023년 7월,목요일,서울특별시 광진구 구의동,경상사고,0,0,2,0,차대차 - 기타,안전거리미확보,건조,맑음,교차로 - 교차로부근,승용,남,41-50세,상해없음,화물,남,41-50세,경상,2023,7
2023070600100504.8,2023년 7월,목요일,서울특별시 광진구 자양동,경상사고,0,0,1,0,차대사람 - 기타,신호위반,건조,맑음,단일로 - 기타,이륜,남,31-40세,상해없음,보행자,남,31-40세,경상,2023,7
2023070600100528.0,2023년 7월,목요일,서울특별시 광진구 구의동,경상사고,0,0,1,0,차대차 - 추돌,안전운전불이행,건조,맑음,단일로 - 기타,이륜,남,21-30세,상해없음,화물,남,41-50세,경상,2023,7
2023070700100655.2,2023년 7월,금요일,서울특별시 광진구 광장동,경상사고,0,0,6,0,차대차 - 추돌,안전운전불이행,건조,흐림,교차로 - 교차로부근,승용,남,31-40세,상해없음,승용,남,21-30세,경상,2023,7
2023070800100044.8,2023년 7월,토요일,서울특별시 광진구 구의동,경상사고,0,0,1,0,차대차 - 충돌,안전운전불이행,건조,맑음,단일로 - 기타,승용,남,31-40세,상해없음,승용,여,41-50세,경상,2023,7
2023070800100100.8,2023년 7월,토요일,서울특별시 광진구 화양동,경상사고,0,0,1,0,차대차 - 기타,안전운전불이행,기타,맑음,단일로 - 기타,승용,남,51-60세,상해없음,원동기,남,31-40세,경상,2023,7
2023070000000000.0,2023년 7월,토요일,서울특별시 광진구 자양동,경상사고,0,0,1,0,차대사람 - 기타,신호위반,건조,맑음,단일로 - 기타,자전거,남,21-30세,상해없음,보행자,여,31-40세,경상,2023,7
2023070800100292.8,2023년 7월,토요일,서울특별시 광진구 자양동,경상사고,0,0,1,0,차대사람 - 기타,안전운전불이행,기타,맑음,단일로 - 기타,승용,남,41-50세,상해없음,보행자,여,31-40세,경상,2023,7
2023071000100112.0,2023년 7월,월요일,서울특별시 광진구 군자동,경상사고,0,0,1,1,차대차 - 기타,안전운전불이행,건조,맑음,단일로 - 기타,이륜,남,21-30세,부상신고,승용,남,41-50세,경상,2023,7
2023071000100215.2,2023년 7월,월요일,서울특별시 광진구 자양동,경상사고,0,0,1,0,차대차 - 기타,안전거리미확보,건조,맑음,단일로 - 교량,기타불명,기타불명,기타불명,기타불명,이륜,남,21-30세,경상,2023,7
2023071100100082.0,2023년 7월,화요일,서울특별시 광진구 능동,경상사고,0,0,1,0,차대차 - 충돌,안전운전불이행,건조,맑음,교차로 - 교차로부근,승용,남,31-40세,상해없음,승용,남,21-30세,경상,2023,7
2023071100100340.8,2023년 7월,화요일,서울특별시 광진구 군자동,경상사고,0,0,1,0,차대사람 - 기타,안전운전불이행,기타,비,기타 - 기타,화물,남,61-64세,상해없음,보행자,여,21-30세,경상,2023,7
2023071100100407.2,2023년 7월,화요일,서울특별시 광진구 화양동,경상사고,0,0,1,0,차대차 - 기타,안전운전불이행,젖음/습기,비,단일로 - 기타,원동기,남,31-40세,상해없음,원동기,남,41-50세,경상,2023,7
2023071200100500.8,2023년 7월,수요일,서울특별시 광진구 자양동,경상사고,0,0,3,0,차대차 - 충돌,안전운전불이행,건조,맑음,단일로 - 기타,승용,남,61-64세,상해없음,승용,여,31-40세,경상,2023,7
2023071300100000.8,2023년 7월,목요일,서울특별시 광진구 군자동,경상사고,0,0,1,0,차대차 - 기타,교차로운행방법위반,건조,맑음,교차로 - 교차로안,승용,남,65세 이상,상해없음,이륜,남,31-40세,경상,2023,7
2023071300100267.2,2023년 7월,목요일,서울특별시 광진구 광장동,경상사고,0,0,1,0,차대사람 - 횡단중,보행자보호의무위반,젖음/습기,비,단일로 - 기타,승용,남,41-50세,상해없음,보행자,여,12세 이하,경상,2023,7
2023071300100268.0,2023년 7월,목요일,서울특별시 광진구 화양동,경상사고,0,0,1,0,차대차 - 기타,기타,젖음/습기,비,단일로 - 기타,화물,남,31-40세,상해없음,원동기,남,31-40세,경상,2023,7
2023071400100412.8,2023년 7월,금요일,서울특별시 광진구 광장동,경상사고,0,0,1,0,차대차 - 추돌,안전운전불이행,젖음/습기,비,단일로 - 기타,승용,여,21-30세,상해없음,화물,남,41-50세,경상,2023,7
2023071500100096.8,2023년 7월,토요일,서울특별시 광진구 광장동,경상사고,0,0,1,0,차대차 - 기타,안전거리미확보,젖음/습기,비,기타 - 기타,승용,남,20세 이하,상해없음,이륜,남,51-60세,경상,2023,7
2023071500100291.2,2023년 7월,토요일,서울특별시 광진구 자양동,중상사고,0,1,0,0,차대사람 - 횡단중,보행자보호의무위반,젖음/습기,비,단일로 - 기타,승용,여,65세 이상,상해없음,보행자,남,41-50세,중상,2023,7
2023071500100320.8,2023년 7월,토요일,서울특별시 광진구 화양동,경상사고,0,0,3,0,차대차 - 기타,안전운전불이행,건조,맑음,단일로 - 기타,승용,남,51-60세,상해없음,화물,남,51-60세,경상,2023,7
2023071500100351.2,2023년 7월,토요일,서울특별시 광진구 화양동,경상사고,0,0,2,0,차대차 - 추돌,안전운전불이행,젖음/습기,비,단일로 - 기타,승합,남,51-60세,기타불명,승용,여,41-50세,경상,2023,7
2023071700100000.8,2023년 7월,월요일,서울특별시 광진구 군자동,경상사고,0,0,1,0,차대사람 - 보도통행중,안전운전불이행,건조,맑음,단일로 - 기타,개인형이동수단(PM),남,20세 이하,상해없음,보행자,남,21-30세,경상,2023,7
2023071700100200.8,2023년 7월,월요일,서울특별시 광진구 광장동,중상사고,0,1,0,0,차대사람 - 기타,안전운전불이행,건조,맑음,단일로 - 기타,승용,여,41-50세,상해없음,보행자,여,65세 이상,중상,2023,7
2023071700100566.0,2023년 7월,월요일,서울특별시 광진구 자양동,경상사고,0,0,1,0,차대차 - 충돌,안전운전불이행,건조,맑음,교차로 - 교차로부근,이륜,남,21-30세,경상,화물,남,31-40세,상해없음,2023,7
2023070000000000.0,2023년 7월,화요일,서울특별시 광진구 자양동,중상사고,0,1,1,0,차대차 - 기타,안전운전불이행,건조,맑음,단일로 - 기타,승용,여,51-60세,경상,승용,남,61-64세,중상,2023,7
2023070000000000.0,2023년 7월,수요일,서울특별시 광진구 자양동,경상사고,0,0,1,0,차대차 - 충돌,안전운전불이행,건조,맑음,단일로 - 기타,자전거,남,20세 이하,상해없음,자전거,여,21-30세,경상,2023,7
2023071900100084.0,2023년 7월,수요일,서울특별시 광진구 자양동,경상사고,0,0,1,0,차대차 - 기타,안전운전불이행,건조,맑음,기타 - 기타,원동기,남,41-50세,상해없음,화물,남,41-50세,경상,2023,7
2023071900100519.2,2023년 7월,수요일,서울특별시 광진구 군자동,중상사고,0,1,0,0,차대사람 - 기타,안전운전불이행,건조,흐림,기타 - 기타,승용,남,61-64세,상해없음,보행자,남,65세 이상,중상,2023,7
2023072000100047.2,2023년 7월,목요일,서울특별시 광진구 광장동,경상사고,0,0,1,0,차대차 - 추돌,안전운전불이행,기타,맑음,단일로 - 기타,승용,남,51-60세,상해없음,승용,여,41-50세,경상,2023,7
2023072000100495.2,2023년 7월,목요일,서울특별시 광진구 화양동,중상사고,0,1,0,0,차대차 - 기타,안전운전불이행,건조,맑음,단일로 - 기타,이륜,남,31-40세,상해없음,승용,남,21-30세,중상,2023,7
2023072100100119.2,2023년 7월,금요일,서울특별시 광진구 중곡동,중상사고,0,1,0,0,차대사람 - 기타,안전운전불이행,건조,맑음,교차로 - 교차로횡단보도내,이륜,남,41-50세,상해없음,보행자,여,65세 이상,중상,2023,7
2023072100100432.0,2023년 7월,금요일,서울특별시 광진구 자양동,경상사고,0,0,1,0,차대차 - 추돌,안전운전불이행,건조,맑음,단일로 - 기타,승용,여,21-30세,상해없음,승용,남,31-40세,경상,2023,7
2023070000000000.0,2023년 7월,금요일,서울특별시 광진구 구의동,경상사고,0,0,1,0,차대차 - 추돌,안전운전불이행,건조,맑음,교차로 - 교차로부근,승용,여,41-50세,상해없음,승용,남,51-60세,경상,2023,7
2023072200100062.0,2023년 7월,토요일,서울특별시 광진구 중곡동,경상사고,0,0,1,0,차대차 - 기타,안전운전불이행,건조,맑음,기타 - 기타,자전거,남,61-64세,상해없음,자전거,남,51-60세,경상,2023,7
2023072200100403.2,2023년 7월,토요일,서울특별시 광진구 광장동,경상사고,0,0,1,0,차대차 - 기타,안전운전불이행,젖음/습기,비,단일로 - 기타,승용,남,61-64세,상해없음,승용,남,51-60세,경상,2023,7
2023072300100252.8,2023년 7월,일요일,서울특별시 광진구 중곡동,경상사고,0,0,1,0,차대사람 - 길가장자리구역통행중,안전운전불이행,젖음/습기,비,단일로 - 기타,승용,남,21-30세,상해없음,보행자,남,21-30세,경상,2023,7
2023072300100267.2,2023년 7월,일요일,서울특별시 광진구 자양동,경상사고,0,0,1,0,차대차 - 기타,안전거리미확보,건조,맑음,단일로 - 기타,승용,여,31-40세,상해없음,승용,남,31-40세,경상,2023,7
2023072400100252.0,2023년 7월,월요일,서울특별시 광진구 능동,경상사고,0,0,1,0,차대사람 - 기타,안전운전불이행,건조,맑음,교차로 - 교차로부근,자전거,남,21-30세,상해없음,보행자,여,13-20세,경상,2023,7
2023072500100072.8,2023년 7월,화요일,서울특별시 광진구 군자동,경상사고,0,0,1,0,차대차 - 기타,안전거리미확보,건조,맑음,기타 - 기타,승용,남,65세 이상,상해없음,승용,남,21-30세,경상,2023,7
2023072600100480.8,2023년 7월,수요일,서울특별시 광진구 구의동,경상사고,0,0,1,0,차대차 - 기타,차로위반,기타,맑음,단일로 - 기타,승용,남,31-40세,상해없음,이륜,남,21-30세,경상,2023,7
2023072700100187.2,2023년 7월,목요일,서울특별시 광진구 광장동,경상사고,0,0,1,0,차대차 - 충돌,안전운전불이행,건조,맑음,교차로 - 교차로안,승용,여,41-50세,상해없음,승용,여,51-60세,경상,2023,7
2023072700100331.2,2023년 7월,목요일,서울특별시 광진구 광장동,경상사고,0,0,1,0,차대사람 - 횡단중,보행자보호의무위반,건조,맑음,단일로 - 기타,승용,여,41-50세,상해없음,보행자,남,12세 이하,경상,2023,7
2023072800100516.8,2023년 7월,금요일,서울특별시 광진구 자양동,경상사고,0,0,1,0,차대차 - 기타,안전운전불이행,건조,맑음,단일로 - 교량,승용,여,41-50세,상해없음,승용,여,21-30세,경상,2023,7
2023072900100002.0,2023년 7월,토요일,서울특별시 광진구 광장동,경상사고,0,0,2,0,차대차 - 충돌,안전거리미확보,건조,맑음,단일로 - 기타,승용,여,31-40세,상해없음,승용,남,65세 이상,경상,2023,7
2023072900100498.0,2023년 7월,토요일,서울특별시 광진구 광장동,경상사고,0,0,1,0,차대차 - 충돌,신호위반,건조,맑음,교차로 - 교차로횡단보도내,승용,남,65세 이상,상해없음,자전거,남,13-20세,경상,2023,7
2023073000100252.8,2023년 7월,일요일,서울특별시 광진구 군자동,경상사고,0,0,2,0,차대차 - 기타,안전운전불이행,건조,맑음,기타 - 기타,승용,여,61-64세,상해없음,승용,여,31-40세,경상,2023,7
2023073100100040.8,2023년 7월,월요일,서울특별시 광진구 광장동,경상사고,0,0,1,0,차대사람 - 횡단중,보행자보호의무위반,건조,맑음,교차로 - 교차로안,승용,남,51-60세,상해없음,보행자,남,31-40세,경상,2023,7
2023080200100043.2,2023년 8월,수요일,서울특별시 광진구 능동,부상신고사고,0,0,0,1,차대사람 - 보도통행중,기타,건조,맑음,기타 - 기타,자전거,남,21-30세,상해없음,보행자,남,41-50세,부상신고,2023,8
2023080200100312.0,2023년 8월,수요일,서울특별시 광진구 중곡동,경상사고,0,0,1,0,차대차 - 기타,직진우회전진행방해,건조,맑음,교차로 - 교차로안,이륜,남,21-30세,상해없음,이륜,남,21-30세,경상,2023,8
2023080200100354.0,2023년 8월,수요일,서울특별시 광진구 구의동,중상사고,0,1,0,0,차대차 - 기타,안전운전불이행,건조,맑음,교차로 - 교차로부근,개인형이동수단(PM),남,21-30세,상해없음,개인형이동수단(PM),여,21-30세,중상,2023,8
2023080400100056.0,2023년 8월,금요일,서울특별시 광진구 중곡동,중상사고,0,1,0,0,차대차 - 기타,신호위반,건조,맑음,교차로 - 교차로부근,승용,남,21-30세,상해없음,이륜,여,51-60세,중상,2023,8
2023080400100076.0,2023년 8월,금요일,서울특별시 광진구 자양동,경상사고,0,0,1,0,차대차 - 추돌,안전거리미확보,건조,맑음,기타 - 기타,자전거,남,61-64세,상해없음,자전거,여,61-64세,경상,2023,8
2023080500100108.8,2023년 8월,토요일,서울특별시 광진구 구의동,경상사고,0,0,1,0,차대차 - 충돌,안전운전불이행,건조,맑음,교차로 - 교차로부근,승용,남,51-60세,상해없음,승용,남,65세 이상,경상,2023,8
2023080500100184.0,2023년 8월,토요일,서울특별시 광진구 중곡동,부상신고사고,0,0,0,1,차대사람 - 차도통행중,안전운전불이행,건조,맑음,단일로 - 기타,승용,남,65세 이상,상해없음,보행자,여,41-50세,부상신고,2023,8
2023080600100240.8,2023년 8월,일요일,서울특별시 광진구 중곡동,경상사고,0,0,1,0,차대차 - 충돌,신호위반,건조,맑음,단일로 - 기타,승용,여,41-50세,상해없음,원동기,남,51-60세,경상,2023,8
2023080600100268.8,2023년 8월,일요일,서울특별시 광진구 자양동,중상사고,0,1,1,0,차대차 - 기타,안전운전불이행,건조,맑음,교차로 - 교차로부근,승용,남,61-64세,상해없음,승용,남,51-60세,중상,2023,8
2023080000000000.0,2023년 8월,일요일,서울특별시 광진구 구의동,경상사고,0,0,1,0,차대차 - 충돌,안전운전불이행,건조,맑음,단일로 - 기타,승용,남,21-30세,상해없음,승용,남,41-50세,경상,2023,8
2023080700100196.8,2023년 8월,월요일,서울특별시 광진구 구의동,경상사고,0,0,2,0,차대차 - 추돌,안전운전불이행,건조,맑음,단일로 - 기타,화물,남,41-50세,상해없음,승용,남,31-40세,경상,2023,8
2023080700100424.8,2023년 8월,월요일,서울특별시 광진구 광장동,부상신고사고,0,0,0,1,차대차 - 기타,안전거리미확보,건조,맑음,단일로 - 기타,화물,남,65세 이상,상해없음,승용,남,31-40세,부상신고,2023,8
2023080700100568.8,2023년 8월,월요일,서울특별시 광진구 구의동,경상사고,0,0,2,0,차대차 - 기타,안전운전불이행,건조,맑음,단일로 - 기타,승용,여,41-50세,상해없음,승용,남,31-40세,경상,2023,8