사고번호,발생년월,요일,시군구,사고내용,사망자수,중상자수,경상자수,부상신고자수,사고유형,법규위반,노면상태,기상상태,도로형태,가해운전자 차종,가해운전자 성별,가해운전자 연령대,가해운전자 상해정도,피해운전자 차종,피해운전자 성별,피해운전자 연령대,피해운전자 상해정도,발생년도,발생월
2023101100100660.8,2023년 10월,수요일,서울특별시 광진구 구의동,사망사고,1,0,0,0,차대차 - 기타,안전운전불이행,건조,흐림,기타 - 기타,승용,남,41-50세,상해없음,승합,남,61-64세,상해없음,2023,10
2023100000000000.0,2023년 10월,목요일,서울특별시 광진구 중곡동,경상사고,0,0,1,0,차대차 - 기타,안전운전불이행,건조,맑음,단일로 - 기타,승용,남,21-30세,상해없음,승용,남,31-40세,경상,2023,10
2023101200100086.0,2023년 10월,목요일,서울특별시 광진구 자양동,경상사고,0,0,1,0,차대차 - 추돌,안전거리미확보,기타,맑음,단일로 - 기타,승용,남,21-30세,상해없음,승용,남,21-30세,경상,2023,10
2023101200100268.0,2023년 10월,목요일,서울특별시 광진구 자양동,경상사고,0,0,1,0,차대차 - 충돌,안전운전불이행,건조,맑음,단일로 - 기타,화물,남,61-64세,경상,승용,기타불명,기타불명,기타불명,2023,10
2023101200100420.8,2023년 10월,목요일,서울특별시 광진구 자양동,경상사고,0,0,2,0,차대차 - 기타,신호위반,기타,맑음,단일로 - 기타,개인형이동수단(PM),남,21-30세,경상,자전거,남,65세 이상,경상,2023,10
2023100000000000.0,2023년 10월,금요일,서울특별시 광진구 자양동,중상사고,0,1,0,0,차대사람 - 차도통행중,안전운전불이행,건조,맑음,단일로 - 기타,원동기,남,21-30세,상해없음,보행자,남,65세 이상,중상,2023,10
2023101300100644.8,2023년 10월,금요일,서울특별시 광진구 군자동,경상사고,0,0,1,0,차대사람 - 기타,안전운전불이행,건조,맑음,단일로 - 기타,승합,남,51-60세,상해없음,보행자,남,21-30세,경상,2023,10
2023101300100692.0,2023년 10월,금요일,서울특별시 광진구 구의동,경상사고,0,0,1,0,차대차 - 충돌,안전운전불이행,건조,맑음,단일로 - 기타,승용,남,65세 이상,상해없음,승용,남,41-50세,경상,2023,10
2023101400100124.8,2023년 10월,토요일,서울특별시 광진구 광장동,경상사고,0,0,1,0,차대차 - 충돌,안전운전불이행,건조,맑음,단일로 - 교량,승용,여,31-40세,상해없음,승용,남,65세 이상,상해없음,2023,10
2023101400100308.0,2023년 10월,토요일,서울특별시 광진구 중곡동,중상사고,0,1,0,0,차대차 - 기타,안전운전불이행,건조,맑음,단일로 - 기타,원동기,남,65세 이상,중상,승합,남,65세 이상,상해없음,2023,10
2023101500100002.0,2023년 10월,일요일,서울특별시 광진구 화양동,경상사고,0,0,1,0,차대사람 - 차도통행중,안전운전불이행,건조,맑음,단일로 - 기타,승용,남,21-30세,상해없음,보행자,여,21-30세,경상,2023,10
2023101600100394.0,2023년 10월,월요일,서울특별시 광진구 중곡동,중상사고,0,1,1,0,차량단독 - 기타,안전운전불이행,건조,맑음,단일로 - 기타,승용,남,65세 이상,기타불명,,,,,2023,10
2023101600100555.2,2023년 10월,월요일,서울특별시 광진구 능동,경상사고,0,0,2,0,차대차 - 기타,기타,건조,맑음,교차로 - 교차로부근,승용,남,41-50세,상해없음,이륜,남,51-60세,경상,2023,10
2023101700100048.8,2023년 10월,화요일,서울특별시 광진구 광장동,경상사고,0,0,1,0,차대사람 - 기타,신호위반,건조,맑음,교차로 - 교차로부근,화물,남,51-60세,상해없음,보행자,여,31-40세,경상,2023,10
2023101800100028.8,2023년 10월,수요일,서울특별시 광진구 중곡동,경상사고,0,0,1,0,차대사람 - 기타,신호위반,기타,맑음,교차로 - 교차로안,승용,남,61-64세,상해없음,보행자,여,65세 이상,경상,2023,10
2023101900100083.2,2023년 10월,목요일,서울특별시 광진구 구의동,경상사고,0,0,1,0,차대차 - 기타,교차로운행방법위반,젖음/습기,비,교차로 - 교차로안,승합,남,65세 이상,상해없음,이륜,남,41-50세,경상,2023,10
2023101900100166.0,2023년 10월,목요일,서울특별시 광진구 자양동,부상신고사고,0,0,0,1,차대차 - 추돌,안전운전불이행,건조,맑음,교차로 - 교차로안,화물,남,51-60세,상해없음,승용,남,31-40세,부상신고,2023,10
2023101900100192.0,2023년 10월,목요일,서울특별시 광진구 자양동,경상사고,0,0,3,0,차대차 - 충돌,신호위반,건조,맑음,교차로 - 교차로안,승용,남,21-30세,상해없음,승용,남,31-40세,경상,2023,10
2023101900100192.8,2023년 10월,목요일,서울특별시 광진구 능동,부상신고사고,0,0,0,1,차대차 - 기타,차로위반,젖음/습기,흐림,단일로 - 기타,승합,남,51-60세,상해없음,원동기,남,31-40세,부상신고,2023,10
2023101900100279.2,2023년 10월,목요일,서울특별시 광진구 능동,중상사고,0,1,0,0,차대차 - 기타,신호위반,건조,맑음,기타 - 기타,승합,남,65세 이상,상해없음,이륜,남,31-40세,중상,2023,10
2023101900100471.2,2023년 10월,목요일,서울특별시 광진구 화양동,경상사고,0,0,1,0,차대차 - 기타,안전운전불이행,건조,흐림,교차로 - 교차로부근,승용,남,31-40세,상해없음,원동기,남,31-40세,경상,2023,10
2023102000100024.0,2023년 10월,금요일,서울특별시 광진구 구의동,경상사고,0,0,1,0,차대차 - 추돌,안전운전불이행,건조,맑음,교차로 - 교차로부근,승용,남,31-40세,상해없음,승용,남,21-30세,경상,2023,10
2023102000100696.8,2023년 10월,금요일,서울특별시 광진구 구의동,경상사고,0,0,1,0,차대차 - 추돌,기타,건조,맑음,단일로 - 기타,자전거,남,21-30세,기타불명,이륜,남,41-50세,경상,2023,10
2023102100100431.2,2023년 10월,토요일,서울특별시 광진구 자양동,경상사고,0,0,2,0,차대차 - 추돌,안전운전불이행,건조,맑음,교차로 - 교차로부근,승용,남,21-30세,상해없음,승용,남,31-40세,경상,2023,10
2023102200100048.0,2023년 10월,일요일,서울특별시 광진구 중곡동,경상사고,0,0,1,0,차량단독 - 기타,안전운전불이행,건조,맑음,단일로 - 기타,자전거,남,31-40세,경상,,,,,2023,10
2023102200100347.2,2023년 10월,일요일,서울특별시 광진구 중곡동,중상사고,0,1,0,0,차대사람 - 횡단중,안전운전불이행,건조,흐림,단일로 - 기타,이륜,남,51-60세,상해없음,보행자,여,41-50세,중상,2023,10
2023102300100006.0,2023년 10월,월요일,서울특별시 광진구 화양동,경상사고,0,0,1,0,차대사람 - 기타,안전운전불이행,건조,맑음,단일로 - 기타,승용,남,65세 이상,상해없음,보행자,남,21-30세,경상,2023,10
2023102300100075.2,2023년 10월,월요일,서울특별시 광진구 자양동,경상사고,0,0,1,0,차대차 - 추돌,안전운전불이행,건조,맑음,단일로 - 기타,승용,남,65세 이상,상해없음,화물,남,31-40세,경상,2023,10
2023102300100367.2,2023년 10월,월요일,서울특별시 광진구 자양동,부상신고사고,0,0,0,1,차대차 - 추돌,안전거리미확보,건조,맑음,단일로 - 기타,승용,여,31-40세,상해없음,이륜,남,51-60세,부상신고,2023,10
2023102400100031.2,2023년 10월,화요일,서울특별시 광진구 중곡동,경상사고,0,0,1,0,차대차 - 기타,안전운전불이행,건조,맑음,단일로 - 기타,승용,남,51-60세,상해없음,화물,남,51-60세,경상,2023,10
2023102400100211.2,2023년 10월,화요일,서울특별시 광진구 구의동,경상사고,0,0,1,0,차대차 - 충돌,신호위반,건조,맑음,교차로 - 교차로안,이륜,남,65세 이상,경상,승용,남,41-50세,상해없음,2023,10
2023100000000000.0,2023년 10월,화요일,서울특별시 광진구 자양동,경상사고,0,0,1,0,차대차 - 추돌,안전운전불이행,건조,맑음,기타 - 기타,승용,남,41-50세,상해없음,승용,남,65세 이상,경상,2023,10
2023102500100135.2,2023년 10월,수요일,서울특별시 광진구 능동,경상사고,0,0,1,0,차대사람 - 보도통행중,기타,건조,맑음,단일로 - 기타,원동기,여,41-50세,상해없음,보행자,여,31-40세,경상,2023,10
2023102500100136.0,2023년 10월,수요일,서울특별시 광진구 군자동,중상사고,0,1,0,0,차대차 - 기타,안전거리미확보,건조,맑음,교차로 - 교차로부근,화물,남,51-60세,상해없음,승용,여,41-50세,중상,2023,10
2023102500100292.0,2023년 10월,수요일,서울특별시 광진구 군자동,경상사고,0,0,1,0,차량단독 - 충돌,안전운전불이행,건조,맑음,교차로 - 교차로안,승용,남,65세 이상,상해없음,,,,,2023,10
2023102600100436.0,2023년 10월,목요일,서울특별시 광진구 구의동,경상사고,0,0,1,0,차대차 - 기타,기타,건조,맑음,단일로 - 기타,승용,남,31-40세,상해없음,승용,여,21-30세,경상,2023,10
2023102600100548.0,2023년 10월,목요일,서울특별시 광진구 중곡동,경상사고,0,0,1,0,차대차 - 기타,안전거리미확보,건조,맑음,교차로 - 교차로부근,이륜,남,31-40세,상해없음,이륜,남,31-40세,경상,2023,10
2023102700100156.0,2023년 10월,금요일,서울특별시 광진구 군자동,경상사고,0,0,1,0,차대차 - 기타,교차로운행방법위반,건조,맑음,교차로 - 교차로안,건설기계,남,41-50세,상해없음,원동기,여,21-30세,경상,2023,10
2023102800100444.0,2023년 10월,토요일,서울특별시 광진구 자양동,부상신고사고,0,0,0,2,차대차 - 충돌,안전운전불이행,건조,맑음,단일로 - 기타,승용,남,31-40세,상해없음,승용,남,21-30세,부상신고,2023,10
2023102800100612.8,2023년 10월,토요일,서울특별시 광진구 능동,부상신고사고,0,0,0,1,차대차 - 기타,차로위반,건조,맑음,단일로 - 기타,승용,남,65세 이상,상해없음,원동기,남,31-40세,부상신고,2023,10
2023102900100018.0,2023년 10월,일요일,서울특별시 광진구 화양동,부상신고사고,0,0,0,1,차대사람 - 기타,안전운전불이행,건조,맑음,단일로 - 기타,승용,남,21-30세,상해없음,보행자,여,21-30세,부상신고,2023,10
2023102900100068.0,2023년 10월,일요일,서울특별시 광진구 자양동,경상사고,0,0,2,0,차대차 - 충돌,안전운전불이행,건조,맑음,기타 - 기타,승용,남,61-64세,상해없음,승용,남,31-40세,경상,2023,10
2023100000000000.0,2023년 10월,일요일,서울특별시 광진구 자양동,중상사고,0,1,8,0,차대차 - 기타,안전거리미확보,건조,맑음,단일로 - 기타,승용,여,61-64세,상해없음,승합,남,65세 이상,경상,2023,10
2023102900100506.0,2023년 10월,일요일,서울특별시 광진구 자양동,경상사고,0,0,1,0,차대차 - 추돌,안전운전불이행,건조,맑음,단일로 - 기타,승용,남,31-40세,상해없음,승용,남,31-40세,경상,2023,10
2023103000100172.8,2023년 10월,월요일,서울특별시 광진구 화양동,경상사고,0,0,1,0,차대차 - 충돌,신호위반,건조,맑음,교차로 - 교차로안,승용,여,51-60세,상해없음,원동기,남,21-30세,경상,2023,10
2023100000000000.0,2023년 10월,월요일,서울특별시 광진구 능동,부상신고사고,0,0,0,1,차대사람 - 기타,안전운전불이행,건조,맑음,단일로 - 기타,승용,남,31-40세,상해없음,보행자,여,31-40세,부상신고,2023,10
2023103000100488.0,2023년 10월,월요일,서울특별시 광진구 중곡동,중상사고,0,1,0,0,차대차 - 충돌,기타,건조,맑음,교차로 - 교차로안,이륜,남,31-40세,상해없음,자전거,여,51-60세,중상,2023,10
2023103000100524.0,2023년 10월,월요일,서울특별시 광진구 화양동,경상사고,0,0,1,0,차대차 - 기타,신호위반,건조,맑음,교차로 - 교차로횡단보도내,승용,여,21-30세,상해없음,개인형이동수단(PM),남,51-60세,경상,2023,10
2023103100100346.0,2023년 10월,화요일,서울특별시 광진구 자양동,경상사고,0,0,2,0,차대차 - 충돌,교차로운행방법위반,건조,맑음,교차로 - 교차로안,화물,남,21-30세,상해없음,승용,여,61-64세,경상,2023,10
2023103100100382.0,2023년 10월,화요일,서울특별시 광진구 중곡동,경상사고,0,0,1,0,차대차 - 충돌,안전운전불이행,건조,맑음,단일로 - 기타,승용,남,31-40세,상해없음,승용,남,51-60세,경상,2023,10
2023110200100206.0,2023년 11월,목요일,서울특별시 광진구 자양동,경상사고,0,0,1,0,차대사람 - 기타,보행자보호의무위반,건조,맑음,교차로 - 교차로부근,이륜,남,20세 이하,상해없음,보행자,여,51-60세,경상,2023,11
2023110200100494.0,2023년 11월,목요일,서울특별시 광진구 중곡동,경상사고,0,0,1,0,차대차 - 충돌,차로위반,건조,맑음,교차로 - 교차로부근,승용,남,65세 이상,상해없음,승용,여,21-30세,경상,2023,11
2023110000000000.0,2023년 11월,금요일,서울특별시 광진구 자양동,경상사고,0,0,1,0,차대차 - 기타,안전운전불이행,건조,맑음,주차장 - 주차장,승용,여,31-40세,상해없음,승용,여,31-40세,경상,2023,11
2023110300100478.0,2023년 11월,금요일,서울특별시 광진구 화양동,경상사고,0,0,1,0,차대차 - 기타,안전운전불이행,기타,맑음,단일로 - 기타,이륜,남,51-60세,상해없음,승용,남,31-40세,경상,2023,11
2023110000000000.0,2023년 11월,금요일,서울특별시 광진구 중곡동,경상사고,0,0,1,0,차대사람 - 횡단중,보행자보호의무위반,젖음/습기,비,단일로 - 기타,승용,남,65세 이상,상해없음,보행자,남,21-30세,경상,2023,11
2023110400100228.0,2023년 11월,토요일,서울특별시 광진구 중곡동,경상사고,0,0,2,0,차대차 - 추돌,안전운전불이행,건조,맑음,단일로 - 기타,승용,남,65세 이상,상해없음,승용,남,41-50세,경상,2023,11
2023110500100018.0,2023년 11월,일요일,서울특별시 광진구 화양동,경상사고,0,0,1,0,차대사람 - 길가장자리구역통행중,안전운전불이행,젖음/습기,비,단일로 - 기타,승용,남,31-40세,상해없음,보행자,여,13-20세,경상,2023,11
2023110000000000.0,2023년 11월,일요일,서울특별시 광진구 중곡동,중상사고,0,1,0,0,차대차 - 추돌,신호위반,젖음/습기,비,기타 - 기타,승용,남,31-40세,상해없음,이륜,남,41-50세,중상,2023,11
2023110600100104.0,2023년 11월,월요일,서울특별시 광진구 광장동,경상사고,0,0,1,0,차대차 - 충돌,안전거리미확보,적설,비,교차로 - 교차로부근,승용,남,51-60세,상해없음,승용,남,31-40세,경상,2023,11
2023110000000000.0,2023년 11월,화요일,서울특별시 광진구 중곡동,중상사고,0,1,0,0,차대사람 - 길가장자리구역통행중,안전운전불이행,건조,맑음,단일로 - 기타,승용,여,65세 이상,상해없음,보행자,여,41-50세,중상,2023,11
2023110700100080.8,2023년 11월,화요일,서울특별시 광진구 중곡동,경상사고,0,0,1,0,차대사람 - 길가장자리구역통행중,안전운전불이행,건조,맑음,단일로 - 기타,승용,남,65세 이상,상해없음,보행자,남,51-60세,경상,2023,11
2023110800100046.0,2023년 11월,수요일,서울특별시 광진구 군자동,경상사고,0,0,1,0,차대차 - 충돌,안전운전불이행,건조,맑음,단일로 - 기타,승용,남,61-64세,상해없음,승용,남,61-64세,경상,2023,11
2023110900100124.8,2023년 11월,목요일,서울특별시 광진구 구의동,경상사고,0,0,1,0,차대사람 - 기타,안전운전불이행,기타,맑음,단일로 - 기타,승용,남,31-40세,상해없음,보행자,여,41-50세,경상,2023,11
2023110900100312.0,2023년 11월,목요일,서울특별시 광진구 구의동,경상사고,0,0,1,0,차대차 - 충돌,안전운전불이행,건조,맑음,교차로 - 교차로부근,이륜,남,21-30세,상해없음,이륜,남,41-50세,경상,2023,11
2023110900100540.8,2023년 11월,목요일,서울특별시 광진구 자양동,경상사고,0,0,1,0,차대차 - 충돌,안전운전불이행,건조,맑음,단일로 - 기타,승용,남,65세 이상,기타불명,승용,남,41-50세,경상,2023,11
2023111000100064.8,2023년 11월,금요일,서울특별시 광진구 중곡동,경상사고,0,0,1,0,차대차 - 충돌,안전운전불이행,건조,흐림,교차로 - 교차로안,화물,남,65세 이상,상해없음,화물,남,31-40세,경상,2023,11
2023110000000000.0,2023년 11월,금요일,서울특별시 광진구 구의동,경상사고,0,0,1,0,차대사람 - 보도통행중,안전운전불이행,건조,맑음,단일로 - 기타,승용,남,65세 이상,상해없음,보행자,남,13-20세,경상,2023,11
2023111000100476.8,2023년 11월,금요일,서울특별시 광진구 광장동,경상사고,0,0,1,0,차대차 - 충돌,안전운전불이행,건조,맑음,단일로 - 기타,승용,남,31-40세,상해없음,승용,남,31-40세,경상,2023,11
2023111000100478.0,2023년 11월,금요일,서울특별시 광진구 화양동,경상사고,0,0,1,0,차대차 - 기타,안전운전불이행,기타,맑음,단일로 - 기타,승용,남,21-30세,상해없음,이륜,남,51-60세,경상,2023,11
2023111100100036.0,2023년 11월,토요일,서울특별시 광진구 광장동,경상사고,0,0,1,0,차대사람 - 기타,안전운전불이행,기타,맑음,단일로 - 기타,승용,남,61-64세,상해없음,보행자,남,21-30세,경상,2023,11
2023111100100338.0,2023년 11월,토요일,서울특별시 광진구 구의동,경상사고,0,0,1,0,차대차 - 충돌,차로위반,건조,맑음,교차로 - 교차로부근,원동기,남,61-64세,상해없음,승용,남,21-30세,경상,2023,11
2023111100100554.0,2023년 11월,토요일,서울특별시 광진구 구의동,경상사고,0,0,1,0,차대차 - 기타,안전운전불이행,기타,맑음,교차로 - 교차로안,승용,남,51-60세,상해없음,원동기,남,21-30세,경상,2023,11
2023111200100284.8,2023년 11월,일요일,서울특별시 광진구 중곡동,경상사고,0,0,1,0,차대차 - 기타,교차로운행방법위반,건조,맑음,교차로 - 교차로안,승용,여,41-50세,상해없음,원동기,남,41-50세,경상,2023,11
2023111300100338.0,2023년 11월,월요일,서울특별시 광진구 군자동,경상사고,0,0,1,0,차대차 - 추돌,안전운전불이행,건조,맑음,기타 - 기타,이륜,남,41-50세,상해없음,승용,남,51-60세,경상,2023,11
2023110000000000.0,2023년 11월,화요일,서울특별시 광진구 광장동,경상사고,0,0,1,0,차대차 - 충돌,기타,건조,흐림,단일로 - 기타,승용,남,41-50세,상해없음,승용,남,41-50세,경상,2023,11
2023111400100132.8,2023년 11월,화요일,서울특별시 광진구 자양동,경상사고,0,0,1,0,차대차 - 기타,신호위반,기타,맑음,단일로 - 기타,승합,남,65세 이상,상해없음,승용,여,51-60세,경상,2023,11
2023111400100236.0,2023년 11월,화요일,서울특별시 광진구 자양동,경상사고,0,0,2,0,차대차 - 충돌,안전운전불이행,건조,맑음,교차로 - 교차로안,이륜,남,31-40세,경상,이륜,남,21-30세,경상,2023,11
2023111400100528.8,2023년 11월,화요일,서울특별시 광진구 광장동,경상사고,0,0,1,0,차대차 - 충돌,안전운전불이행,건조,맑음,교차로 - 교차로안,승용,여,31-40세,상해없음,승용,여,51-60세,경상,2023,11
2023111500100232.0,2023년 11월,수요일,서울특별시 광진구 중곡동,경상사고,0,0,1,0,차대차 - 기타,안전운전불이행,건조,맑음,단일로 - 기타,원동기,남,21-30세,경상,원동기,남,65세 이상,상해없음,2023,11
2023111500100408.0,2023년 11월,수요일,서울특별시 광진구 중곡동,경상사고,0,0,1,0,차대차 - 충돌,신호위반,건조,맑음,교차로 - 교차로안,승용,남,51-60세,상해없음,승용,여,31-40세,경상,2023,11
2023111600100299.2,2023년 11월,목요일,서울특별시 광진구 중곡동,경상사고,0,0,1,0,차대차 - 충돌,신호위반,건조,맑음,교차로 - 교차로안,승합,남,65세 이상,상해없음,승합,남,65세 이상,경상,2023,11
2023111600100575.2,2023년 11월,목요일,서울특별시 광진구 자양동,경상사고,0,0,1,0,차대사람 - 기타,교차로운행방법위반,건조,맑음,교차로 - 교차로횡단보도내,승용,남,65세 이상,상해없음,보행자,남,41-50세,경상,2023,11
2023111700100220.8,2023년 11월,금요일,서울특별시 광진구 광장동,경상사고,0,0,2,0,차대차 - 충돌,안전운전불이행,건조,맑음,기타 - 기타,이륜,남,51-60세,상해없음,승용,남,41-50세,경상,2023,11
2023111700100455.2,2023년 11월,금요일,서울특별시 광진구 자양동,중상사고,0,1,1,0,차대차 - 충돌,안전거리미확보,건조,흐림,단일로 - 고가도로위,승용,여,31-40세,중상,건설기계,남,51-60세,경상,2023,11
2023111700100580.8,2023년 11월,금요일,서울특별시 광진구 자양동,경상사고,0,0,1,0,차대차 - 기타,기타,건조,흐림,기타 - 기타,승용,남,65세 이상,상해없음,개인형이동수단(PM),남,31-40세,경상,2023,11
2023111800100128.0,2023년 11월,토요일,서울특별시 광진구 자양동,경상사고,0,0,2,0,차대차 - 기타,안전거리미확보,건조,맑음,단일로 - 기타,화물,남,61-64세,상해없음,승용,남,41-50세,경상,2023,11
2023111800100128.8,2023년 11월,토요일,서울특별시 광진구 중곡동,경상사고,0,0,1,0,차대차 - 충돌,안전운전불이행,건조,맑음,교차로 - 교차로안,자전거,여,51-60세,경상,개인형이동수단(PM),기타불명,기타불명,기타불명,2023,11
2023111800100282.0,2023년 11월,토요일,서울특별시 광진구 자양동,경상사고,0,0,1,0,차대차 - 기타,안전운전불이행,건조,맑음,단일로 - 기타,승합,남,51-60세,상해없음,자전거,남,21-30세,경상,2023,11
2023111800100412.8,2023년 11월,토요일,서울특별시 광진구 구의동,경상사고,0,0,1,0,차대차 - 충돌,신호위반,건조,맑음,단일로 - 터널,승용,남,65세 이상,상해없음,개인형이동수단(PM),여,13-20세,경상,2023,11
2023111800100414.0,2023년 11월,토요일,서울특별시 광진구 군자동,경상사고,0,0,3,1,차대차 - 충돌,안전운전불이행,건조,맑음,단일로 - 기타,승용,남,31-40세,부상신고,승용,남,31-40세,경상,2023,11
2023111800100503.2,2023년 11월,토요일,서울특별시 광진구 화양동,경상사고,0,0,1,0,차대차 - 추돌,안전운전불이행,건조,맑음,교차로 - 교차로부근,승용,여,31-40세,상해없음,승용,남,21-30세,경상,2023,11
2023112000100343.2,2023년 11월,월요일,서울특별시 광진구 자양동,경상사고,0,0,1,0,차대사람 - 횡단중,보행자보호의무위반,건조,맑음,교차로 - 교차로횡단보도내,승용,남,31-40세,상해없음,보행자,남,41-50세,경상,2023,11
2023112000100595.2,2023년 11월,월요일,서울특별시 광진구 자양동,경상사고,0,0,1,0,차대사람 - 기타,안전운전불이행,건조,흐림,기타 - 기타,개인형이동수단(PM),남,20세 이하,상해없음,보행자,남,41-50세,경상,2023,11
2023112100100406.0,2023년 11월,화요일,서울특별시 광진구 자양동,경상사고,0,0,4,0,차대차 - 충돌,안전운전불이행,건조,맑음,단일로 - 고가도로위,화물,남,51-60세,상해없음,승용,남,65세 이상,경상,2023,11
2023110000000000.0,2023년 11월,수요일,서울특별시 광진구 자양동,경상사고,0,0,1,0,차대차 - 충돌,안전운전불이행,건조,맑음,교차로 - 교차로안,자전거,남,20세 이하,경상,승용,여,41-50세,상해없음,2023,11
2023112200100187.2,2023년 11월,수요일,서울특별시 광진구 중곡동,중상사고,0,1,0,0,차대사람 - 기타,보행자보호의무위반,건조,맑음,교차로 - 교차로부근,승용,남,61-64세,상해없음,보행자,여,61-64세,중상,2023,11
2023112200100584.8,2023년 11월,수요일,서울특별시 광진구 구의동,경상사고,0,0,1,0,차대차 - 충돌,신호위반,건조,맑음,교차로 - 교차로안,승용,여,31-40세,상해없음,이륜,남,61-64세,경상,2023,11
2023112300100554.0,2023년 11월,목요일,서울특별시 광진구 중곡동,중상사고,0,1,1,0,차대차 - 기타,안전운전불이행,건조,맑음,기타 - 기타,승용,남,21-30세,상해없음,승용,여,51-60세,경상,2023,11
2023112400100044.8,2023년 11월,금요일,서울특별시 광진구 자양동,중상사고,0,1,0,0,차대사람 - 기타,안전운전불이행,건조,맑음,교차로 - 교차로부근,승용,남,51-60세,상해없음,보행자,여,51-60세,중상,2023,11
2023112400100279.2,2023년 11월,금요일,서울특별시 광진구 중곡동,경상사고,0,0,1,0,차대차 - 기타,안전운전불이행,건조,맑음,단일로 - 기타,이륜,남,65세 이상,상해없음,승용,남,31-40세,경상,2023,11
2023110000000000.0,2023년 11월,금요일,서울특별시 광진구 화양동,경상사고,0,0,1,0,차대차 - 기타,안전운전불이행,기타,맑음,단일로 - 기타,승용,남,20세 이하,상해없음,화물,남,61-64세,경상,2023,11
2023112400100318.0,2023년 11월,금요일,서울특별시 광진구 능동,경상사고,0,0,1,0,차대차 - 충돌,안전운전불이행,건조,맑음,단일로 - 기타,승용,남,61-64세,상해없음,승용,남,31-40세,경상,2023,11
2023112400100358.0,2023년 11월,금요일,서울특별시 광진구 화양동,중상사고,0,1,0,0,차대차 - 충돌,안전거리미확보,건조,맑음,교차로 - 교차로부근,승용,남,31-40세,상해없음,승용,남,51-60세,중상,2023,11
2023112500100028.8,2023년 11월,토요일,서울특별시 광진구 군자동,경상사고,0,0,1,0,차대사람 - 기타,안전운전불이행,건조,맑음,교차로 - 교차로부근,원동기,남,21-30세,상해없음,보행자,남,41-50세,경상,2023,11
2023112500100168.0,2023년 11월,토요일,서울특별시 광진구 화양동,경상사고,0,0,1,0,차대차 - 기타,안전운전불이행,건조,맑음,교차로 - 교차로안,원동기,남,41-50세,경상,승용,여,31-40세,상해없음,2023,11
2023112700100012.8,2023년 11월,월요일,서울특별시 광진구 화양동,경상사고,0,0,1,0,차대사람 - 기타,안전운전불이행,기타,맑음,단일로 - 기타,원동기,기타불명,기타불명,기타불명,보행자,남,21-30세,경상,2023,11
2023110000000000.0,2023년 11월,월요일,서울특별시 광진구 광장동,경상사고,0,0,1,0,차대차 - 충돌,신호위반,건조,맑음,교차로 - 교차로부근,승용,남,41-50세,상해없음,승용,남,61-64세,경상,2023,11
2023112700100236.8,2023년 11월,월요일,서울특별시 광진구 자양동,부상신고사고,0,0,0,1,차대차 - 충돌,교차로운행방법위반,건조,맑음,교차로 - 교차로안,승용,남,21-30세,상해없음,화물,남,51-60세,부상신고,2023,11
2023112800100016.0,2023년 11월,화요일,서울특별시 광진구 자양동,중상사고,0,1,0,0,차대차 - 충돌,안전운전불이행,건조,맑음,단일로 - 기타,화물,남,21-30세,상해없음,자전거,여,65세 이상,중상,2023,11
2023110000000000.0,2023년 11월,화요일,서울특별시 광진구 자양동,경상사고,0,0,1,0,차대차 - 충돌,안전운전불이행,건조,맑음,기타 - 기타,승합,남,61-64세,상해없음,승용,남,41-50세,경상,2023,11
2023112800100334.0,2023년 11월,화요일,서울특별시 광진구 중곡동,중상사고,0,1,0,0,차대사람 - 기타,안전운전불이행,건조,맑음,단일로 - 기타,승용,여,31-40세,상해없음,보행자,남,51-60세,중상,2023,11
2023110000000000.0,2023년 11월,화요일,서울특별시 광진구 자양동,경상사고,0,0,1,0,차대차 - 추돌,안전거리미확보,건조,맑음,단일로 - 고가도로위,승용,남,31-40세,상해없음,승용,남,51-60세,경상,2023,11
2023112800100579.2,2023년 11월,화요일,서울특별시 광진구 자양동,경상사고,0,0,2,0,차대차 - 추돌,안전운전불이행,건조,흐림,단일로 - 고가도로위,승용,남,31-40세,상해없음,승용,남,31-40세,경상,2023,11
2023112900100339.2,2023년 11월,수요일,서울특별시 광진구 구의동,경상사고,0,0,1,0,차대차 - 충돌,안전거리미확보,건조,맑음,단일로 - 고가도로위,승용,여,51-60세,상해없음,승용,남,31-40세,경상,2023,11
2023110000000000.0,2023년 11월,목요일,서울특별시 광진구 화양동,경상사고,0,0,1,0,차대차 - 기타,안전운전불이행,건조,맑음,단일로 - 기타,승용,남,65세 이상,상해없음,이륜,여,21-30세,경상,2023,11
2023113000100218.0,2023년 11월,목요일,서울특별시 광진구 자양동,중상사고,0,1,0,0,차대사람 - 기타,안전운전불이행,건조,맑음,단일로 - 기타,승용,남,41-50세,상해없음,보행자,여,51-60세,중상,2023,11
2023113000100600.8,2023년 11월,목요일,서울특별시 광진구 화양동,경상사고,0,0,1,0,차대사람 - 기타,안전운전불이행,건조,맑음,기타 - 기타,승용,남,51-60세,상해없음,보행자,여,21-30세,경상,2023,11